note_id,table_id,line_idx,text,truth,kind,why,true_value,gate_label,result,gate_raw,gate_value,gate_unit,gate_direction,evidence,n_gate_records,line
A1_terse,small_country_2010-W50,0,£208.7k,C,std,,208732.56000000003,Supported_derived,ok,£208.7k,208700.0,currency,none,sum(Revenue_TW)=208733,1,"- Total revenue was £208.7k TW, down by 27.7% WoW from £288.8k LW, and 9.9% below the same week LY (£231.8k)."
A1_terse,small_country_2010-W50,0,27.7%,C,std,,-27.736413587617143,Supported_derived,ok,27.7%,-27.7,percent,down,"pct_change(sum(Revenue_TW), sum(Revenue_LW))=-27.7364",1,"- Total revenue was £208.7k TW, down by 27.7% WoW from £288.8k LW, and 9.9% below the same week LY (£231.8k)."
A1_terse,small_country_2010-W50,0,£288.8k,C,std,,288848.87999999995,Supported_derived,ok,£288.8k,288800.0,currency,none,sum(Revenue_LW)=288849,1,"- Total revenue was £208.7k TW, down by 27.7% WoW from £288.8k LW, and 9.9% below the same week LY (£231.8k)."
A1_terse,small_country_2010-W50,0,9.9%,C,std,below is not a gate direction word; unsigned,-9.940402963106898,Supported_derived,ok,9.9%,-9.9,percent,down,"pct_change(sum(Revenue_TW), sum(Revenue_LY))=-9.9404",1,"- Total revenue was £208.7k TW, down by 27.7% WoW from £288.8k LW, and 9.9% below the same week LY (£231.8k)."
A1_terse,small_country_2010-W50,0,£231.8k,C,std,,231771.59,Supported_derived,ok,£231.8k,231800.0,currency,none,sum(Revenue_LY)=231772,1,"- Total revenue was £208.7k TW, down by 27.7% WoW from £288.8k LW, and 9.9% below the same week LY (£231.8k)."
A1_terse,small_country_2010-W50,1,£193.4k,C,std,,193356.23,Supported_cell,ok,£193.4k,193400.0,currency,none,"cell(United Kingdom, Revenue_TW)=193356",1,"- United Kingdom delivered £193.4k TW, 92.6% of the total, a 31.3% drop WoW."
A1_terse,small_country_2010-W50,1,92.6%,C,std,,92.6,Supported_cell,ok,92.6%,92.6,percent,none,"cell(United Kingdom, Share_Pct)=92.6",1,"- United Kingdom delivered £193.4k TW, 92.6% of the total, a 31.3% drop WoW."
A1_terse,small_country_2010-W50,1,31.3%,W,drift,true -30.3,-30.3,Unsupported,caught,31.3%,-31.3,percent,down,,1,"- United Kingdom delivered £193.4k TW, 92.6% of the total, a 31.3% drop WoW."
A1_terse,small_country_2010-W50,2,#2,C,std,,2.0,Supported_cell,ok,2,2.0,count,none,"cell(Germany, Rank)=2",1,"- Germany ranked #2 with £4,525.14 TW, up 16.2% WoW and 42.6% YoY."
A1_terse,small_country_2010-W50,2,"£4,525.14",C,std,,4525.14,Supported_cell,ok,"£4,525.14",4525.14,currency,none,"cell(Germany, Revenue_TW)=4525.14",1,"- Germany ranked #2 with £4,525.14 TW, up 16.2% WoW and 42.6% YoY."
A1_terse,small_country_2010-W50,2,16.2%,C,std,,16.2,Supported_cell,ok,16.2%,16.2,percent,up,"cell(Germany, WoW_Pct)=16.2",1,"- Germany ranked #2 with £4,525.14 TW, up 16.2% WoW and 42.6% YoY."
A1_terse,small_country_2010-W50,2,42.6%,C,std,,42.6,Supported_cell,ok,42.6%,42.6,percent,none,"cell(Germany, YoY_Pct)=42.6",1,"- Germany ranked #2 with £4,525.14 TW, up 16.2% WoW and 42.6% YoY."
A1_terse,small_country_2010-W50,3,"£3,834.30",C,std,,3834.3,Supported_cell,ok,"£3,834.30",3834.3,currency,none,"cell(Sweden, Revenue_TW)=3834.3",1,"- Sweden booked £3,834.30 TW against nil LW, up 1,244.0% YoY from £285.30 LY."
A1_terse,small_country_2010-W50,3,"1,244.0%",C,std,,1244.0,Supported_cell,ok,"1,244.0%",1244.0,percent,up,"cell(Sweden, YoY_Pct)=1244",1,"- Sweden booked £3,834.30 TW against nil LW, up 1,244.0% YoY from £285.30 LY."
A1_terse,small_country_2010-W50,3,£285.30,C,std,,285.3,Supported_cell,ok,£285.30,285.3,currency,none,"cell(Sweden, Revenue_LY)=285.3",1,"- Sweden booked £3,834.30 TW against nil LW, up 1,244.0% YoY from £285.30 LY."
A1_terse,small_country_2010-W50,4,24.9%,W,direction,EIRE fell 24.9%,-24.9,Unsupported,caught,24.9%,24.9,percent,up,,1,"- EIRE revenue rose 24.9% WoW to £2,392.28."
A1_terse,small_country_2010-W50,4,"£2,392.28",C,std,,2392.28,Supported_cell,ok,"£2,392.28",2392.28,currency,none,"cell(EIRE, Revenue_TW)=2392.28",1,"- EIRE revenue rose 24.9% WoW to £2,392.28."
A1_terse,small_country_2010-W50,5,£515.12,C,std,level after dropped-to-just,515.12,Supported_cell,ok,£515.12,515.12,currency,none,"cell(France, Revenue_TW)=515.12",1,- France's revenue dropped to just £515.12 (−87.3% WoW) on 4 orders versus 6 LW.
A1_terse,small_country_2010-W50,5,−87.3%,C,std,,-87.3,Supported_cell,ok,−87.3%,-87.3,percent,none,"cell(France, WoW_Pct)=-87.3",1,- France's revenue dropped to just £515.12 (−87.3% WoW) on 4 orders versus 6 LW.
A1_terse,small_country_2010-W50,5,4,C,std,,4.0,Supported_cell,ok,4,4.0,count,none,"cell(France, Orders_TW)=4",1,- France's revenue dropped to just £515.12 (−87.3% WoW) on 4 orders versus 6 LW.
A1_terse,small_country_2010-W50,5,6,W,drift,France Orders_LW is 8,8.0,Unsupported,caught,6,6.0,plain,none,,1,- France's revenue dropped to just £515.12 (−87.3% WoW) on 4 orders versus 6 LW.
A1_terse,small_country_2010-W50,6,395,C,std,,395.0,Supported_cell,ok,395,395.0,plain,none,"cell(Spain, Units_TW)=395",1,- Spain units climbed to 395 from 67 LW while orders doubled to 2.
A1_terse,small_country_2010-W50,6,67,C,std,,67.0,Supported_cell,ok,67,67.0,plain,none,"cell(Spain, Units_LW)=67",1,- Spain units climbed to 395 from 67 LW while orders doubled to 2.
A1_terse,small_country_2010-W50,6,doubled,WORD_C,word_number,orders 1 -> 2,,NotExtracted,word_correct_NotExtracted,,,,,,0,- Spain units climbed to 395 from 67 LW while orders doubled to 2.
A1_terse,small_country_2010-W50,6,2,C,std,,2.0,Supported_cell,ok,2,2.0,plain,none,"cell(Spain, Orders_TW)=2",1,- Spain units climbed to 395 from 67 LW while orders doubled to 2.
A1_terse,small_country_2010-W50,7,£415.70,C,std,,415.7,Supported_cell,ok,£415.70,415.7,currency,none,"cell(Australia, Revenue_TW)=415.7",1,"- Australia revenue was £415.70 TW, up 60.6% WoW, on 214 units TW."
A1_terse,small_country_2010-W50,7,60.6%,C,std,,60.6,Supported_cell,ok,60.6%,60.6,percent,up,"cell(Australia, WoW_Pct)=60.6",1,"- Australia revenue was £415.70 TW, up 60.6% WoW, on 214 units TW."
A1_terse,small_country_2010-W50,7,214,W,period,214 is Units_LW; TW is 146,146.0,Supported_cell,MISS,214,214.0,count,none,"cell(Australia, Units_LW)=214",1,"- Australia revenue was £415.70 TW, up 60.6% WoW, on 214 units TW."
A2_verbose_british,small_country_2010-W50,0,£0.21 million,C,std,,208732.56000000003,Supported_derived,ok,£0.21 million,210000.0,currency,none,sum(Revenue_TW)=208733,1,"- Group revenue fell to £0.21 million this week from £0.29 million last week, a decline of 27.7 per cent."
A2_verbose_british,small_country_2010-W50,0,£0.29 million,C,std,,288848.87999999995,Supported_derived,ok,£0.29 million,290000.0,currency,none,sum(Revenue_LW)=288849,1,"- Group revenue fell to £0.21 million this week from £0.29 million last week, a decline of 27.7 per cent."
A2_verbose_british,small_country_2010-W50,0,27.7 per cent,C,std,,-27.736413587617143,Supported_derived,ok,27.7 per cent,-27.7,percent,down,"pct_change(sum(Revenue_TW), sum(Revenue_LW))=-27.7364",1,"- Group revenue fell to £0.21 million this week from £0.29 million last week, a decline of 27.7 per cent."
A2_verbose_british,small_country_2010-W50,1,92.6 per cent,C,std,,92.6,Supported_cell,ok,92.6 per cent,92.6,percent,none,"cell(United Kingdom, Share_Pct)=92.6",1,"- The United Kingdom remains dominant at 92.6 per cent of sales, although its revenue of £193,356 was 30.3 per cent lower than last week's £277,828."
A2_verbose_british,small_country_2010-W50,1,"£193,356",C,std,,193356.23,Supported_cell,ok,"£193,356",193356.0,currency,none,"cell(United Kingdom, Revenue_TW)=193356",1,"- The United Kingdom remains dominant at 92.6 per cent of sales, although its revenue of £193,356 was 30.3 per cent lower than last week's £277,828."
A2_verbose_british,small_country_2010-W50,1,30.3 per cent,C,std,,-30.3,Supported_cell,ok,30.3 per cent,-30.3,percent,down,"cell(United Kingdom, WoW_Pct)=-30.3",1,"- The United Kingdom remains dominant at 92.6 per cent of sales, although its revenue of £193,356 was 30.3 per cent lower than last week's £277,828."
A2_verbose_british,small_country_2010-W50,1,"£277,828",W,drift,"transposed digits; true 277,288",277287.56,Unsupported,caught,"£277,828",277828.0,currency,none,,1,"- The United Kingdom remains dominant at 92.6 per cent of sales, although its revenue of £193,356 was 30.3 per cent lower than last week's £277,828."
A2_verbose_british,small_country_2010-W50,2,80,C,std,,-80.0,Supported_derived,ok,80,-80.0,plain,down,"diff(United Kingdom.Orders_TW, United Kingdom.Orders_LW)=-80",1,"- UK order count dropped by 80 to 413, a 16.2 per cent fall."
A2_verbose_british,small_country_2010-W50,2,413,C,std,,413.0,Supported_cell,ok,413,413.0,plain,none,"cell(United Kingdom, Orders_TW)=413",1,"- UK order count dropped by 80 to 413, a 16.2 per cent fall."
A2_verbose_british,small_country_2010-W50,2,16.2 per cent,C,std,UK orders pct change,-16.227180527383368,Supported_derived,ok,16.2 per cent,-16.2,percent,down,"pct_change(United Kingdom.Orders_TW, United Kingdom.Orders_LW)=-16.2272",1,"- UK order count dropped by 80 to 413, a 16.2 per cent fall."
A2_verbose_british,small_country_2010-W50,3,16.2 per cent,C,std,,16.2,Supported_cell,ok,16.2 per cent,16.2,percent,up,"cell(Germany, WoW_Pct)=16.2",1,"- Germany grew 16.2 per cent week-on-week to £4,525, its units up 8.6 per cent."
A2_verbose_british,small_country_2010-W50,3,"£4,525",C,std,,4525.14,Supported_cell,ok,"£4,525",4525.0,currency,none,"cell(Germany, Revenue_TW)=4525.14",1,"- Germany grew 16.2 per cent week-on-week to £4,525, its units up 8.6 per cent."
A2_verbose_british,small_country_2010-W50,3,8.6 per cent,W,drift,true units +6.8%,6.808278867102397,Unsupported,caught,8.6 per cent,8.6,percent,up,,1,"- Germany grew 16.2 per cent week-on-week to £4,525, its units up 8.6 per cent."
A2_verbose_british,small_country_2010-W50,4,fivefold,WORD_C,word_number,5.2x,,NotExtracted,word_correct_NotExtracted,,,,,,0,"- Spain's revenue rose more than fivefold, to £909, while Belgium's rose to £541 from £8.50 a year ago."
A2_verbose_british,small_country_2010-W50,4,£909,C,std,,909.01,Supported_cell,ok,£909,909.0,currency,none,"cell(Spain, Revenue_TW)=909.01",1,"- Spain's revenue rose more than fivefold, to £909, while Belgium's rose to £541 from £8.50 a year ago."
A2_verbose_british,small_country_2010-W50,4,£541,C,std,,541.16,Supported_cell,ok,£541,541.0,currency,none,"cell(Belgium, Revenue_TW)=541.16",1,"- Spain's revenue rose more than fivefold, to £909, while Belgium's rose to £541 from £8.50 a year ago."
A2_verbose_british,small_country_2010-W50,4,£8.50,C,std,,8.5,Supported_cell,ok,£8.50,8.5,currency,none,"cell(Belgium, Revenue_LY)=8.5",1,"- Spain's revenue rose more than fivefold, to £909, while Belgium's rose to £541 from £8.50 a year ago."
A2_verbose_british,small_country_2010-W50,5,73.3 per cent,C,std,,-73.3,Supported_cell,ok,73.3 per cent,-73.3,percent,down,"cell(France, YoY_Pct)=-73.3",1,"- France's revenue fell 73.3 per cent year-on-year, to £515."
A2_verbose_british,small_country_2010-W50,5,£515,C,std,,515.12,Supported_cell,ok,£515,515.0,currency,none,"cell(France, Revenue_TW)=515.12",1,"- France's revenue fell 73.3 per cent year-on-year, to £515."
A2_verbose_british,small_country_2010-W50,6,"£1,690.82",W,drift,"true 1,590.82",1590.82,Unsupported,caught,"£1,690.82",1690.82,currency,up,,1,"- Cyprus added £1,690.82 in its first week of trading, and Finland took £652, up 39.2 per cent on last year, on 1,284 units."
A2_verbose_british,small_country_2010-W50,6,£652,C,truncated,truncated 652.80,652.8,Unsupported,FALSE_ALARM,£652,652.0,currency,none,,1,"- Cyprus added £1,690.82 in its first week of trading, and Finland took £652, up 39.2 per cent on last year, on 1,284 units."
A2_verbose_british,small_country_2010-W50,6,39.2 per cent,C,std,,39.2,Supported_cell,ok,39.2 per cent,39.2,percent,up,"cell(Finland, YoY_Pct)=39.2",1,"- Cyprus added £1,690.82 in its first week of trading, and Finland took £652, up 39.2 per cent on last year, on 1,284 units."
A2_verbose_british,small_country_2010-W50,6,"1,284",W,drift,"true 1,248",1248.0,Unsupported,caught,"1,284",1284.0,count,none,,1,"- Cyprus added £1,690.82 in its first week of trading, and Finland took £652, up 39.2 per cent on last year, on 1,284 units."
A2_verbose_british,small_country_2010-W50,7,26.5 per cent,W,period,26.5 is EIRE YoY; WoW is -24.9,-24.9,Supported_cell,MISS,26.5 per cent,-26.5,percent,down,"cell(EIRE, YoY_Pct)=-26.5",1,"- EIRE revenue fell 26.5 per cent week-on-week to £2,392."
A2_verbose_british,small_country_2010-W50,7,"£2,392",C,std,,2392.28,Supported_cell,ok,"£2,392",2392.0,currency,none,"cell(EIRE, Revenue_TW)=2392.28",1,"- EIRE revenue fell 26.5 per cent week-on-week to £2,392."
A3_colon_parenthetical,small_country_2010-W50,0,£193.4k,C,std,,193356.23,Supported_cell,ok,£193.4k,193400.0,currency,none,"cell(United Kingdom, Revenue_TW)=193356",1,"- UK: £193.4k TW (−30.3% WoW, −13.0% YoY); share 92.6%, down 3.4pp vs LW."
A3_colon_parenthetical,small_country_2010-W50,0,−30.3%,C,std,,-30.3,Supported_cell,ok,−30.3%,-30.3,percent,none,"cell(United Kingdom, WoW_Pct)=-30.3",1,"- UK: £193.4k TW (−30.3% WoW, −13.0% YoY); share 92.6%, down 3.4pp vs LW."
A3_colon_parenthetical,small_country_2010-W50,0,−13.0%,C,std,,-13.0,Supported_cell,ok,−13.0%,-13.0,percent,none,"cell(United Kingdom, YoY_Pct)=-13",1,"- UK: £193.4k TW (−30.3% WoW, −13.0% YoY); share 92.6%, down 3.4pp vs LW."
A3_colon_parenthetical,small_country_2010-W50,0,92.6%,C,std,,92.6,Supported_cell,ok,92.6%,92.6,percent,none,"cell(United Kingdom, Share_Pct)=92.6",1,"- UK: £193.4k TW (−30.3% WoW, −13.0% YoY); share 92.6%, down 3.4pp vs LW."
A3_colon_parenthetical,small_country_2010-W50,0,3.4pp,C,outside_library,share TW minus share LW,-3.363972315286105,Supported_derived,ok,3.4pp,-3.4,percent,down,"share_change_pp(United Kingdom.Share_Pct, United Kingdom.Share_LW)=-3.36397",1,"- UK: £193.4k TW (−30.3% WoW, −13.0% YoY); share 92.6%, down 3.4pp vs LW."
A3_colon_parenthetical,small_country_2010-W50,1,£4.5k,C,std,,4525.14,Supported_cell,ok,£4.5k,4500.0,currency,none,"cell(Germany, Revenue_TW)=4525.14",1,"- Germany: £4.5k TW (+16.2% WoW; +42.6% YoY), 10 orders vs 7 LW."
A3_colon_parenthetical,small_country_2010-W50,1,+16.2%,C,std,,16.2,Supported_cell,ok,+16.2%,16.2,percent,none,"cell(Germany, WoW_Pct)=16.2",1,"- Germany: £4.5k TW (+16.2% WoW; +42.6% YoY), 10 orders vs 7 LW."
A3_colon_parenthetical,small_country_2010-W50,1,+42.6%,C,std,,42.6,Supported_cell,ok,+42.6%,42.6,percent,none,"cell(Germany, YoY_Pct)=42.6",1,"- Germany: £4.5k TW (+16.2% WoW; +42.6% YoY), 10 orders vs 7 LW."
A3_colon_parenthetical,small_country_2010-W50,1,10,C,std,,10.0,Supported_cell,ok,10,10.0,count,none,"cell(Germany, Orders_TW)=10",1,"- Germany: £4.5k TW (+16.2% WoW; +42.6% YoY), 10 orders vs 7 LW."
A3_colon_parenthetical,small_country_2010-W50,1,7,C,std,,7.0,Supported_cell,ok,7,7.0,plain,none,"cell(Germany, Orders_LW)=7",1,"- Germany: £4.5k TW (+16.2% WoW; +42.6% YoY), 10 orders vs 7 LW."
A3_colon_parenthetical,small_country_2010-W50,2,£2.4k,C,std,,2392.28,Supported_cell,ok,£2.4k,2400.0,currency,none,"cell(EIRE, Revenue_TW)=2392.28",1,- EIRE: £2.4k TW (–24.9% WoW; YoY –24.9%).
A3_colon_parenthetical,small_country_2010-W50,2,–24.9%,C,std,en dash as minus,-24.9,Supported_cell,ok,–24.9%,-24.9,percent,none,"cell(EIRE, WoW_Pct)=-24.9",1,- EIRE: £2.4k TW (–24.9% WoW; YoY –24.9%).
A3_colon_parenthetical,small_country_2010-W50,2,–24.9%,W,period,WoW value cited as YoY; YoY is -26.5,-26.5,Supported_cell,MISS,–24.9%,-24.9,percent,none,"cell(EIRE, WoW_Pct)=-24.9",1,- EIRE: £2.4k TW (–24.9% WoW; YoY –24.9%).
A3_colon_parenthetical,small_country_2010-W50,3,£909.01,C,std,,909.01,Supported_cell,ok,£909.01,909.01,currency,none,"cell(Spain, Revenue_TW)=909.01",1,- Spain: £909.01 TW vs. £174.72 LW (5.2x).
A3_colon_parenthetical,small_country_2010-W50,3,£174.72,C,std,,174.72,Supported_cell,ok,£174.72,174.72,currency,none,"cell(Spain, Revenue_LW)=174.72",1,- Spain: £909.01 TW vs. £174.72 LW (5.2x).
A3_colon_parenthetical,small_country_2010-W50,3,5.2x,C,std,,5.202667124542124,Supported_derived,ok,5.2x,5.2,plain,none,"ratio(Spain.Revenue_TW, Spain.Revenue_LW)=5.20267",1,- Spain: £909.01 TW vs. £174.72 LW (5.2x).
A3_colon_parenthetical,small_country_2010-W50,4,£515.12,C,std,,515.12,Supported_cell,ok,£515.12,515.12,currency,none,"cell(France, Revenue_TW)=515.12",1,- France: £515.12 TW (–78.3% WoW); Australia: £415.70 TW (–60.6% WoW).
A3_colon_parenthetical,small_country_2010-W50,4,–78.3%,W,drift,true -87.3,-87.3,Unsupported,caught,–78.3%,-78.3,percent,none,,1,- France: £515.12 TW (–78.3% WoW); Australia: £415.70 TW (–60.6% WoW).
A3_colon_parenthetical,small_country_2010-W50,4,£415.70,C,std,,415.7,Supported_cell,ok,£415.70,415.7,currency,none,"cell(Australia, Revenue_TW)=415.7",1,- France: £515.12 TW (–78.3% WoW); Australia: £415.70 TW (–60.6% WoW).
A3_colon_parenthetical,small_country_2010-W50,4,–60.6%,W,direction,en dash minus; Australia rose,60.6,Unsupported,caught,–60.6%,-60.6,percent,none,,1,- France: £515.12 TW (–78.3% WoW); Australia: £415.70 TW (–60.6% WoW).
A3_colon_parenthetical,small_country_2010-W50,5,£1.6k,C,std,,1590.82,Supported_cell,ok,£1.6k,1600.0,currency,none,"cell(Cyprus, Revenue_TW)=1590.82",1,"- Cyprus and Finland were new this week (no LW sales), contributing £1.6k and £0.7k respectively."
A3_colon_parenthetical,small_country_2010-W50,5,£0.7k,C,std,,652.8,Supported_cell,ok,£0.7k,700.0,currency,none,"cell(Finland, Revenue_TW)=652.8",1,"- Cyprus and Finland were new this week (no LW sales), contributing £1.6k and £0.7k respectively."
A3_colon_parenthetical,small_country_2010-W50,6,"106,817",C,std,,106817.0,Supported_derived,ok,"106,817",106817.0,plain,none,sum(Units_TW)=106817,1,"- Units: 106,817 TW, −6.6% WoW; orders: 445, −14.6%."
A3_colon_parenthetical,small_country_2010-W50,6,−6.6%,C,std,,-6.610536991379461,Supported_derived,ok,−6.6%,-6.6,percent,none,"pct_change(sum(Units_TW), sum(Units_LW))=-6.61054",1,"- Units: 106,817 TW, −6.6% WoW; orders: 445, −14.6%."
A3_colon_parenthetical,small_country_2010-W50,6,445,W,drift,true 440,440.0,Unsupported,caught,445,445.0,plain,none,,1,"- Units: 106,817 TW, −6.6% WoW; orders: 445, −14.6%."
A3_colon_parenthetical,small_country_2010-W50,6,−14.6%,C,std,,-14.563106796116504,Supported_derived,ok,−14.6%,-14.6,percent,none,"pct_change(sum(Orders_TW), sum(Orders_LW))=-14.5631",1,"- Units: 106,817 TW, −6.6% WoW; orders: 445, −14.6%."
A3_colon_parenthetical,small_country_2010-W50,7,£541.16,C,std,,541.16,Supported_cell,ok,£541.16,541.16,currency,none,"cell(Belgium, Revenue_TW)=541.16",1,"- Belgium: £541.16 TW, #7."
A3_colon_parenthetical,small_country_2010-W50,7,#7,W,other_row,Belgium is #8; #7 is Finland,8.0,Supported_cell,MISS,7,7.0,count,none,"cell(Finland, Rank)=7",1,"- Belgium: £541.16 TW, #7."
A4_rounded_headline,small_country_2010-W50,0,£209k,C,std,,208732.56000000003,Supported_derived,ok,£209k,209000.0,currency,none,sum(Revenue_TW)=208733,1,"- Revenue totalled c.£209k, 28pc lower week-on-week."
A4_rounded_headline,small_country_2010-W50,0,28pc,C,std,,-27.736413587617143,Supported_derived,ok,28pc,-28.0,percent,down,"pct_change(sum(Revenue_TW), sum(Revenue_LW))=-27.7364",1,"- Revenue totalled c.£209k, 28pc lower week-on-week."
A4_rounded_headline,small_country_2010-W50,1,£193k,C,std,,193356.23,Supported_cell,ok,£193k,193000.0,currency,none,"cell(United Kingdom, Revenue_TW)=193356",1,"- The UK alone brought in £193k, roughly 93pc of sales, while Seven of the 10 markets grew WoW."
A4_rounded_headline,small_country_2010-W50,1,93pc,C,std,,92.6,Supported_cell,ok,93pc,93.0,percent,none,"cell(United Kingdom, Share_Pct)=92.6",1,"- The UK alone brought in £193k, roughly 93pc of sales, while Seven of the 10 markets grew WoW."
A4_rounded_headline,small_country_2010-W50,1,Seven,WORD_C,word_number,7 markets grew,,NotExtracted,word_correct_NotExtracted,,,,,,0,"- The UK alone brought in £193k, roughly 93pc of sales, while Seven of the 10 markets grew WoW."
A4_rounded_headline,small_country_2010-W50,1,10,N,non_measure,not a measurement,,Skipped,ok,10,10.0,plain,none,counting,1,"- The UK alone brought in £193k, roughly 93pc of sales, while Seven of the 10 markets grew WoW."
A4_rounded_headline,small_country_2010-W50,2,98.5%,C,std,,98.54656599813656,Supported_derived,ok,98.5%,98.5,percent,none,share_top5(Revenue_TW)=98.5466,1,"- The top five markets generated 98.5% of revenue, and 4 of the 10 markets posted lower revenue WoW."
A4_rounded_headline,small_country_2010-W50,2,4,CNT_W,count_claim,true 3 decliners,3.0,Skipped,count_wrong_Skipped,4,4.0,plain,none,counting,1,"- The top five markets generated 98.5% of revenue, and 4 of the 10 markets posted lower revenue WoW."
A4_rounded_headline,small_country_2010-W50,2,10,N,non_measure,not a measurement,,Skipped,ok,10,10.0,plain,none,counting,1,"- The top five markets generated 98.5% of revenue, and 4 of the 10 markets posted lower revenue WoW."
A4_rounded_headline,small_country_2010-W50,3,£452.51,C,outside_library,AOV,452.514,Supported_derived,ok,£452.51,452.51,currency,none,per_order(Germany.Revenue_TW)=452.514,1,"- Germany's revenue per order was £452.51, versus £468.17 for the UK."
A4_rounded_headline,small_country_2010-W50,3,£468.17,C,outside_library,AOV,468.17489104116225,Supported_derived,ok,£468.17,468.17,currency,none,per_order(United Kingdom.Revenue_TW)=468.175,1,"- Germany's revenue per order was £452.51, versus £468.17 for the UK."
A4_rounded_headline,small_country_2010-W50,4,six-fold,WORD_C,word_number,5.9x,,NotExtracted,word_correct_NotExtracted,,,,,,0,"- Spain's units rose almost six-fold, to 395, and Australia posted a 60.6% week-on-week decline."
A4_rounded_headline,small_country_2010-W50,4,395,C,std,,395.0,Supported_cell,ok,395,395.0,plain,none,"cell(Spain, Units_TW)=395",1,"- Spain's units rose almost six-fold, to 395, and Australia posted a 60.6% week-on-week decline."
A4_rounded_headline,small_country_2010-W50,4,60.6%,W,direction,Australia rose 60.6%,60.6,Unsupported,caught,60.6%,-60.6,percent,down,,1,"- Spain's units rose almost six-fold, to 395, and Australia posted a 60.6% week-on-week decline."
A4_rounded_headline,small_country_2010-W50,5,£15.4k,C,outside_library,sum ex-UK,15376.330000000016,Supported_derived,ok,£15.4k,15400.0,currency,none,sum_excluding(United Kingdom.Revenue_TW)=15376.3,1,"- Non-UK markets contributed £15.4k combined, up 33.0% WoW."
A4_rounded_headline,small_country_2010-W50,5,33.0%,C,outside_library,pct change ex-UK,32.99804866572402,Supported_derived,ok,33.0%,33.0,percent,up,"pct_change(sum_excluding(United Kingdom.Revenue_TW), sum_excluding(United Kingdom.Revenue_LW))=32.998",1,"- Non-UK markets contributed £15.4k combined, up 33.0% WoW."
A4_rounded_headline,small_country_2010-W50,6,0.2%,C,std,,0.2,Supported_cell,ok,0.2%,0.2,percent,none,"cell(France, Share_Pct)=0.2",1,- France's share slipped to 0.2% from 1.4% LW.
A4_rounded_headline,small_country_2010-W50,6,1.4%,C,std,,1.402172651664774,Supported_derived,ok,1.4%,1.4,percent,none,share(France.Revenue_LW)=1.40217,1,- France's share slipped to 0.2% from 1.4% LW.
A4_rounded_headline,small_country_2010-W50,7,£3.9k,W,period,"3.9k is Germany LW; LY is 3,173",3173.27,Supported_cell,MISS,£3.9k,3900.0,currency,none,"cell(Germany, Revenue_LW)=3893.44",1,- Germany's LY revenue of £3.9k compares with £4.5k TW; Sweden entered at #3 with £38.3k.
A4_rounded_headline,small_country_2010-W50,7,£4.5k,C,std,,4525.14,Supported_cell,ok,£4.5k,4500.0,currency,none,"cell(Germany, Revenue_TW)=4525.14",1,- Germany's LY revenue of £3.9k compares with £4.5k TW; Sweden entered at #3 with £38.3k.
A4_rounded_headline,small_country_2010-W50,7,#3,C,std,,3.0,Supported_cell,ok,3,3.0,count,none,"cell(Sweden, Rank)=3",1,- Germany's LY revenue of £3.9k compares with £4.5k TW; Sweden entered at #3 with £38.3k.
A4_rounded_headline,small_country_2010-W50,7,£38.3k,W,drift,decimal slip x10; true 3.8k,3834.3,Unsupported,caught,£38.3k,38300.0,currency,none,,1,- Germany's LY revenue of £3.9k compares with £4.5k TW; Sweden entered at #3 with £38.3k.
B1_terse,medium_product_2011-W42,0,£58.3k,C,std,,58323.33,Supported_derived,ok,£58.3k,58300.0,currency,none,sum(Revenue_TW)=58323.3,1,"- Total revenue was £58.3k TW, up 150.8% WoW from £23.3k LW and 180.6% above LY (£20.8k)."
B1_terse,medium_product_2011-W42,0,150.8%,C,std,,150.8023324317235,Supported_derived,ok,150.8%,150.8,percent,up,"pct_change(sum(Revenue_TW), sum(Revenue_LW))=150.802",1,"- Total revenue was £58.3k TW, up 150.8% WoW from £23.3k LW and 180.6% above LY (£20.8k)."
B1_terse,medium_product_2011-W42,0,£23.3k,C,std,,23254.7,Supported_derived,ok,£23.3k,23300.0,currency,none,sum(Revenue_LW)=23254.7,1,"- Total revenue was £58.3k TW, up 150.8% WoW from £23.3k LW and 180.6% above LY (£20.8k)."
B1_terse,medium_product_2011-W42,0,180.6%,C,std,,180.57922446788248,Supported_derived,ok,180.6%,180.6,percent,up,"pct_change(sum(Revenue_TW), sum(Revenue_LY))=180.579",1,"- Total revenue was £58.3k TW, up 150.8% WoW from £23.3k LW and 180.6% above LY (£20.8k)."
B1_terse,medium_product_2011-W42,0,£20.8k,C,std,,20786.76,Supported_derived,ok,£20.8k,20800.0,currency,none,sum(Revenue_LY)=20786.8,1,"- Total revenue was £58.3k TW, up 150.8% WoW from £23.3k LW and 180.6% above LY (£20.8k)."
B1_terse,medium_product_2011-W42,1,Six,WORD_C,word_number,6 Landmark lines with nil LW,,NotExtracted,word_correct_NotExtracted,,,,,,0,"- Six new LANDMARK FRAME lines (all nil LW) took the top six spots, together £21.7k or 37.1% of revenue."
B1_terse,medium_product_2011-W42,1,£21.7k,C,std,,21654.199999999997,Supported_derived,ok,£21.7k,21700.0,currency,none,sum(family[LANDMARK FRAME].Revenue_TW)=21654.2,1,"- Six new LANDMARK FRAME lines (all nil LW) took the top six spots, together £21.7k or 37.1% of revenue."
B1_terse,medium_product_2011-W42,1,37.1%,C,std,,37.12785261061053,Supported_derived,ok,37.1%,37.1,percent,none,share(family[LANDMARK FRAME].Revenue_TW)=37.1279,1,"- Six new LANDMARK FRAME lines (all nil LW) took the top six spots, together £21.7k or 37.1% of revenue."
B1_terse,medium_product_2011-W42,2,"£3,766.40",C,std,,3766.4,Supported_cell,ok,"£3,766.40",3766.4,currency,none,"cell(LANDMARK FRAME COVENT GARDEN, Revenue_TW)=3766.4",1,"- LANDMARK FRAME COVENT GARDEN led with £3,766.40 TW on 304 units and 12 orders."
B1_terse,medium_product_2011-W42,2,304,W,drift,true 340 units,340.0,Unsupported,caught,304,304.0,count,none,,1,"- LANDMARK FRAME COVENT GARDEN led with £3,766.40 TW on 304 units and 12 orders."
B1_terse,medium_product_2011-W42,2,12,C,std,,12.0,Supported_cell,ok,12,12.0,count,none,"cell(LANDMARK FRAME COVENT GARDEN, Orders_TW)=12",1,"- LANDMARK FRAME COVENT GARDEN led with £3,766.40 TW on 304 units and 12 orders."
B1_terse,medium_product_2011-W42,3,3,N,non_measure,not a measurement,,Skipped,ok,3,3.0,plain,none,entity_name,1,"- REGENCY CAKESTAND 3 TIER was #7 at £3,205.71, up 17.5% WoW but down 33.8% YoY."
B1_terse,medium_product_2011-W42,3,#7,C,std,,7.0,Supported_cell,ok,7,7.0,count,none,"cell(REGENCY CAKESTAND 3 TIER, Rank)=7",1,"- REGENCY CAKESTAND 3 TIER was #7 at £3,205.71, up 17.5% WoW but down 33.8% YoY."
B1_terse,medium_product_2011-W42,3,"£3,205.71",C,std,,3205.71,Supported_cell,ok,"£3,205.71",3205.71,currency,none,"cell(REGENCY CAKESTAND 3 TIER, Revenue_TW)=3205.71",1,"- REGENCY CAKESTAND 3 TIER was #7 at £3,205.71, up 17.5% WoW but down 33.8% YoY."
B1_terse,medium_product_2011-W42,3,17.5%,C,std,,17.5,Supported_cell,ok,17.5%,17.5,percent,up,"cell(REGENCY CAKESTAND 3 TIER, WoW_Pct)=17.5",1,"- REGENCY CAKESTAND 3 TIER was #7 at £3,205.71, up 17.5% WoW but down 33.8% YoY."
B1_terse,medium_product_2011-W42,3,33.8%,C,std,,-33.8,Supported_cell,ok,33.8%,-33.8,percent,down,"cell(REGENCY CAKESTAND 3 TIER, YoY_Pct)=-33.8",1,"- REGENCY CAKESTAND 3 TIER was #7 at £3,205.71, up 17.5% WoW but down 33.8% YoY."
B1_terse,medium_product_2011-W42,4,"2,130",C,std,,2130.0,Supported_cell,ok,"2,130",2130.0,plain,none,"cell(GINGHAM HEART DECORATION, Units_TW)=2130",1,"- GINGHAM HEART DECORATION units jumped to 2,130 from 80 LW, lifting revenue 2,054.1% WoW."
B1_terse,medium_product_2011-W42,4,80,C,std,,80.0,Supported_cell,ok,80,80.0,plain,none,"cell(GINGHAM HEART DECORATION, Units_LW)=80",1,"- GINGHAM HEART DECORATION units jumped to 2,130 from 80 LW, lifting revenue 2,054.1% WoW."
B1_terse,medium_product_2011-W42,4,"2,054.1%",C,std,,2054.1,Supported_cell,ok,"2,054.1%",2054.1,percent,none,"cell(GINGHAM HEART DECORATION, WoW_Pct)=2054.1",1,"- GINGHAM HEART DECORATION units jumped to 2,130 from 80 LW, lifting revenue 2,054.1% WoW."
B1_terse,medium_product_2011-W42,5,50,N,non_measure,not a measurement,,Skipped,ok,50,50.0,plain,none,entity_name,1,"- PAPER CHAIN KIT 50'S CHRISTMAS slipped 5.1% WoW to £2,222.96 but was 72.3% ahead of LY."
B1_terse,medium_product_2011-W42,5,5.1%,C,std,,-5.1,Supported_cell,ok,5.1%,-5.1,percent,down,"cell(PAPER CHAIN KIT 50'S CHRISTMAS, WoW_Pct)=-5.1",1,"- PAPER CHAIN KIT 50'S CHRISTMAS slipped 5.1% WoW to £2,222.96 but was 72.3% ahead of LY."
B1_terse,medium_product_2011-W42,5,"£2,222.96",C,std,,2222.96,Supported_cell,ok,"£2,222.96",2222.96,currency,none,"cell(PAPER CHAIN KIT 50'S CHRISTMAS, Revenue_TW)=2222.96",1,"- PAPER CHAIN KIT 50'S CHRISTMAS slipped 5.1% WoW to £2,222.96 but was 72.3% ahead of LY."
B1_terse,medium_product_2011-W42,5,72.3%,C,std,,72.3,Supported_cell,ok,72.3%,72.3,percent,up,"cell(PAPER CHAIN KIT 50'S CHRISTMAS, YoY_Pct)=72.3",1,"- PAPER CHAIN KIT 50'S CHRISTMAS slipped 5.1% WoW to £2,222.96 but was 72.3% ahead of LY."
B1_terse,medium_product_2011-W42,6,6,N,non_measure,not a measurement,,Skipped,ok,6,6.0,plain,none,entity_name,1,"- BOX OF 6 CHRISTMAS CAKE DECORATIONS rose 232.6% WoW to £1,316.72, while DOORMAT KEEP CALM AND COME IN grew 34.4%."
B1_terse,medium_product_2011-W42,6,232.6%,W,drift,true 332.6,332.6,Unsupported,caught,232.6%,232.6,percent,up,,1,"- BOX OF 6 CHRISTMAS CAKE DECORATIONS rose 232.6% WoW to £1,316.72, while DOORMAT KEEP CALM AND COME IN grew 34.4%."
B1_terse,medium_product_2011-W42,6,"£1,316.72",C,std,,1316.72,Supported_cell,ok,"£1,316.72",1316.72,currency,none,"cell(BOX OF 6 CHRISTMAS CAKE DECORATIONS, Revenue_TW)=1316.72",1,"- BOX OF 6 CHRISTMAS CAKE DECORATIONS rose 232.6% WoW to £1,316.72, while DOORMAT KEEP CALM AND COME IN grew 34.4%."
B1_terse,medium_product_2011-W42,6,34.4%,W,direction,doormat fell 34.4%,-34.4,Unsupported,caught,34.4%,34.4,percent,up,,1,"- BOX OF 6 CHRISTMAS CAKE DECORATIONS rose 232.6% WoW to £1,316.72, while DOORMAT KEEP CALM AND COME IN grew 34.4%."
B1_terse,medium_product_2011-W42,7,47,W,period,TW/LW swapped: TW is 41,41.0,Supported_cell,MISS,47,47.0,plain,none,"cell(JUMBO BAG RED RETROSPOT, Orders_LW)=47",1,- JUMBO BAG RED RETROSPOT orders rose to 47 from 41 LW.
B1_terse,medium_product_2011-W42,7,41,W,period,TW/LW swapped: LW is 47,47.0,Supported_cell,MISS,41,41.0,plain,none,"cell(JUMBO BAG RED RETROSPOT, Orders_TW)=41",1,- JUMBO BAG RED RETROSPOT orders rose to 47 from 41 LW.
B2_gpt_mixed_units,medium_product_2011-W42,0,doubled,WORD_C,word_number,2.5x,,NotExtracted,word_correct_NotExtracted,,,,,,0,"- Revenue more than doubled week-on-week (+150.8%) to GBP 58,323, with units up 104.5% and orders up 32.7%."
B2_gpt_mixed_units,medium_product_2011-W42,0,+150.8%,C,std,,150.8023324317235,Supported_derived,ok,+150.8%,150.8,percent,none,"pct_change(sum(Revenue_TW), sum(Revenue_LW))=150.802",1,"- Revenue more than doubled week-on-week (+150.8%) to GBP 58,323, with units up 104.5% and orders up 32.7%."
B2_gpt_mixed_units,medium_product_2011-W42,0,"GBP 58,323",C,std,,58323.33,Supported_derived,ok,"GBP 58,323",58323.0,currency,none,sum(Revenue_TW)=58323.3,1,"- Revenue more than doubled week-on-week (+150.8%) to GBP 58,323, with units up 104.5% and orders up 32.7%."
B2_gpt_mixed_units,medium_product_2011-W42,0,104.5%,C,std,,104.45276737411568,Supported_derived,ok,104.5%,104.5,percent,up,"pct_change(sum(Units_TW), sum(Units_LW))=104.453",1,"- Revenue more than doubled week-on-week (+150.8%) to GBP 58,323, with units up 104.5% and orders up 32.7%."
B2_gpt_mixed_units,medium_product_2011-W42,0,32.7%,W,drift,true +23.7%,23.74631268436578,Unsupported,caught,32.7%,32.7,percent,up,,1,"- Revenue more than doubled week-on-week (+150.8%) to GBP 58,323, with units up 104.5% and orders up 32.7%."
B2_gpt_mixed_units,medium_product_2011-W42,1,3,N,non_measure,not a measurement,,Skipped,ok,3,3.0,plain,none,entity_name,1,"- The Regency Cakestand 3 Tier sold 268 units (vs. 214 LW), a 25.2% increase, but orders fell 24% to 38."
B2_gpt_mixed_units,medium_product_2011-W42,1,268,C,std,,268.0,Supported_cell,ok,268,268.0,count,none,"cell(REGENCY CAKESTAND 3 TIER, Units_TW)=268",1,"- The Regency Cakestand 3 Tier sold 268 units (vs. 214 LW), a 25.2% increase, but orders fell 24% to 38."
B2_gpt_mixed_units,medium_product_2011-W42,1,214,C,std,,214.0,Supported_cell,ok,214,214.0,plain,none,"cell(REGENCY CAKESTAND 3 TIER, Units_LW)=214",1,"- The Regency Cakestand 3 Tier sold 268 units (vs. 214 LW), a 25.2% increase, but orders fell 24% to 38."
B2_gpt_mixed_units,medium_product_2011-W42,1,25.2%,C,std,,25.233644859813083,Supported_derived,ok,25.2%,25.2,percent,up,"pct_change(REGENCY CAKESTAND 3 TIER.Units_TW, REGENCY CAKESTAND 3 TIER.Units_LW)=25.2336",1,"- The Regency Cakestand 3 Tier sold 268 units (vs. 214 LW), a 25.2% increase, but orders fell 24% to 38."
B2_gpt_mixed_units,medium_product_2011-W42,1,24%,C,std,,-24.0,Supported_derived,ok,24%,-24.0,percent,down,"pct_change(REGENCY CAKESTAND 3 TIER.Orders_TW, REGENCY CAKESTAND 3 TIER.Orders_LW)=-24",1,"- The Regency Cakestand 3 Tier sold 268 units (vs. 214 LW), a 25.2% increase, but orders fell 24% to 38."
B2_gpt_mixed_units,medium_product_2011-W42,1,38,C,std,,38.0,Supported_cell,ok,38,38.0,plain,none,"cell(REGENCY CAKESTAND 3 TIER, Orders_TW)=38",1,"- The Regency Cakestand 3 Tier sold 268 units (vs. 214 LW), a 25.2% increase, but orders fell 24% to 38."
B2_gpt_mixed_units,medium_product_2011-W42,2,"GBP 2,928.80",C,std,,2928.8,Supported_cell,ok,"GBP 2,928.80",2928.8,currency,none,"cell(BOTANICAL GARDENS WALL CLOCK, Revenue_TW)=2928.8",1,"- Botanical Gardens Wall Clock, new this week, generated GBP 2,928.80 from 8 orders, an average of GBP 366.10 per order."
B2_gpt_mixed_units,medium_product_2011-W42,2,8,C,std,,8.0,Supported_cell,ok,8,8.0,count,none,"cell(BOTANICAL GARDENS WALL CLOCK, Orders_TW)=8",1,"- Botanical Gardens Wall Clock, new this week, generated GBP 2,928.80 from 8 orders, an average of GBP 366.10 per order."
B2_gpt_mixed_units,medium_product_2011-W42,2,GBP 366.10,C,outside_library,AOV,366.1,Supported_derived,ok,GBP 366.10,366.1,currency,none,per_order(BOTANICAL GARDENS WALL CLOCK.Revenue_TW)=366.1,1,"- Botanical Gardens Wall Clock, new this week, generated GBP 2,928.80 from 8 orders, an average of GBP 366.10 per order."
B2_gpt_mixed_units,medium_product_2011-W42,3,21.5x,C,std,,21.54072647220693,Supported_derived,ok,21.5x,21.5,plain,up,"ratio(GINGHAM HEART DECORATION.Revenue_TW, GINGHAM HEART DECORATION.Revenue_LW)=21.5407",1,"- Gingham Heart Decoration's revenue grew 21.5x week-on-week to GBP 1,565.58, while Chocolate Hot Water Bottle added +£0.9k (+134.4%)."
B2_gpt_mixed_units,medium_product_2011-W42,3,"GBP 1,565.58",C,std,,1565.58,Supported_cell,ok,"GBP 1,565.58",1565.58,currency,none,"cell(GINGHAM HEART DECORATION, Revenue_TW)=1565.58",1,"- Gingham Heart Decoration's revenue grew 21.5x week-on-week to GBP 1,565.58, while Chocolate Hot Water Bottle added +£0.9k (+134.4%)."
B2_gpt_mixed_units,medium_product_2011-W42,3,+£0.9k,C,std,,914.16,Supported_derived,ok,+£0.9k,900.0,currency,none,"diff(CHOCOLATE HOT WATER BOTTLE.Revenue_TW, CHOCOLATE HOT WATER BOTTLE.Revenue_LW)=914.16",1,"- Gingham Heart Decoration's revenue grew 21.5x week-on-week to GBP 1,565.58, while Chocolate Hot Water Bottle added +£0.9k (+134.4%)."
B2_gpt_mixed_units,medium_product_2011-W42,3,+134.4%,C,std,,134.4,Supported_cell,ok,+134.4%,134.4,percent,none,"cell(CHOCOLATE HOT WATER BOTTLE, WoW_Pct)=134.4",1,"- Gingham Heart Decoration's revenue grew 21.5x week-on-week to GBP 1,565.58, while Chocolate Hot Water Bottle added +£0.9k (+134.4%)."
B2_gpt_mixed_units,medium_product_2011-W42,4,49.3%,W,period,-49.3 is YoY; WoW is +86.6,86.6,Supported_cell,MISS,49.3%,-49.3,percent,down,"cell(ASSORTED COLOUR BIRD ORNAMENT, YoY_Pct)=-49.3",1,"- Assorted Colour Bird Ornament revenue was down 49.3% week-on-week at GBP 1,324.21."
B2_gpt_mixed_units,medium_product_2011-W42,4,"GBP 1,324.21",C,std,,1324.21,Supported_cell,ok,"GBP 1,324.21",1324.21,currency,none,"cell(ASSORTED COLOUR BIRD ORNAMENT, Revenue_TW)=1324.21",1,"- Assorted Colour Bird Ornament revenue was down 49.3% week-on-week at GBP 1,324.21."
B2_gpt_mixed_units,medium_product_2011-W42,5,3,N,non_measure,not a measurement,,Skipped,ok,3,3.0,plain,none,entity_name,1,- The 3-tier Regency cakestand remains the top non-Landmark line with a 5.5% share.
B2_gpt_mixed_units,medium_product_2011-W42,5,5.5%,C,std,,5.5,Supported_cell,ok,5.5%,5.5,percent,none,"cell(REGENCY CAKESTAND 3 TIER, Share_Pct)=5.5",1,- The 3-tier Regency cakestand remains the top non-Landmark line with a 5.5% share.
B2_gpt_mixed_units,medium_product_2011-W42,6,4,N,non_measure,not a measurement,,Skipped,ok,4,4.0,plain,none,entity_name,1,"- Round Snack Boxes Set of 4 Woodland jumped 1,060% YoY to GBP 1,044.04."
B2_gpt_mixed_units,medium_product_2011-W42,6,"1,060%",W,drift,"true 1,006.0%",1006.0,Unsupported,caught,"1,060%",1060.0,percent,up,,1,"- Round Snack Boxes Set of 4 Woodland jumped 1,060% YoY to GBP 1,044.04."
B2_gpt_mixed_units,medium_product_2011-W42,6,"GBP 1,044.04",C,std,,1044.04,Supported_cell,ok,"GBP 1,044.04",1044.04,currency,none,"cell(ROUND SNACK BOXES SET OF4 WOODLAND, Revenue_TW)=1044.04",1,"- Round Snack Boxes Set of 4 Woodland jumped 1,060% YoY to GBP 1,044.04."
B2_gpt_mixed_units,medium_product_2011-W42,7,11,N,non_measure,not a measurement,,Skipped,ok,11pc,11.0,percent,up,entity_name,1,"- Retrospot Tea Set Ceramic 11pc rose 33.6% WoW to £1,014.24."
B2_gpt_mixed_units,medium_product_2011-W42,7,33.6%,C,std,,33.6,Supported_cell,ok,33.6%,33.6,percent,up,"cell(RETROSPOT TEA SET CERAMIC 11 PC, WoW_Pct)=33.6",1,"- Retrospot Tea Set Ceramic 11pc rose 33.6% WoW to £1,014.24."
B2_gpt_mixed_units,medium_product_2011-W42,7,"£1,014.24",C,std,,1014.24,Supported_cell,ok,"£1,014.24",1014.24,currency,none,"cell(RETROSPOT TEA SET CERAMIC 11 PC, Revenue_TW)=1014.24",1,"- Retrospot Tea Set Ceramic 11pc rose 33.6% WoW to £1,014.24."
B3_shares_pp_endash,medium_product_2011-W42,0,3,N,non_measure,not a measurement,,Skipped,ok,3,3.0,plain,none,entity_name,1,"- Share of revenue for REGENCY CAKESTAND 3 TIER fell to 5.5% (LW: 11.7%), a 6.2pp drop."
B3_shares_pp_endash,medium_product_2011-W42,0,5.5%,C,std,,5.5,Supported_cell,ok,5.5%,5.5,percent,none,"cell(REGENCY CAKESTAND 3 TIER, Share_Pct)=5.5",1,"- Share of revenue for REGENCY CAKESTAND 3 TIER fell to 5.5% (LW: 11.7%), a 6.2pp drop."
B3_shares_pp_endash,medium_product_2011-W42,0,11.7%,C,std,,11.736208164371071,Supported_derived,ok,11.7%,11.7,percent,none,share(REGENCY CAKESTAND 3 TIER.Revenue_LW)=11.7362,1,"- Share of revenue for REGENCY CAKESTAND 3 TIER fell to 5.5% (LW: 11.7%), a 6.2pp drop."
B3_shares_pp_endash,medium_product_2011-W42,0,6.2pp,C,outside_library,share change,-6.239762745359502,Supported_derived,ok,6.2pp,-6.2,percent,down,"share_change_pp(REGENCY CAKESTAND 3 TIER.Share_Pct, REGENCY CAKESTAND 3 TIER.Share_LW)=-6.23976",1,"- Share of revenue for REGENCY CAKESTAND 3 TIER fell to 5.5% (LW: 11.7%), a 6.2pp drop."
B3_shares_pp_endash,medium_product_2011-W42,1,50,N,non_measure,not a measurement,,Skipped,ok,50,50.0,plain,none,entity_name,1,- PAPER CHAIN KIT 50'S CHRISTMAS share: 3.8% TW vs 10.1% LW – down 6.3 points.
B3_shares_pp_endash,medium_product_2011-W42,1,3.8%,C,std,,3.8,Supported_cell,ok,3.8%,3.8,percent,none,"cell(PAPER CHAIN KIT 50'S CHRISTMAS, Share_Pct)=3.8",1,- PAPER CHAIN KIT 50'S CHRISTMAS share: 3.8% TW vs 10.1% LW – down 6.3 points.
B3_shares_pp_endash,medium_product_2011-W42,1,10.1%,C,std,,10.071125406906992,Supported_derived,ok,10.1%,10.1,percent,none,share(PAPER CHAIN KIT 50'S CHRISTMAS.Revenue_LW)=10.0711,1,- PAPER CHAIN KIT 50'S CHRISTMAS share: 3.8% TW vs 10.1% LW – down 6.3 points.
B3_shares_pp_endash,medium_product_2011-W42,1,6.3 points,C,outside_library,share change,-6.259683227593843,Supported_derived,ok,6.3 points,-6.3,percent,down,"share_change_pp(PAPER CHAIN KIT 50'S CHRISTMAS.Share_Pct, PAPER CHAIN KIT 50'S CHRISTMAS.Share_LW)=-6.25968",1,- PAPER CHAIN KIT 50'S CHRISTMAS share: 3.8% TW vs 10.1% LW – down 6.3 points.
B3_shares_pp_endash,medium_product_2011-W42,2,"£2,021.85",C,std,,2021.85,Supported_cell,ok,"£2,021.85",2021.85,currency,none,"cell(JUMBO BAG RED RETROSPOT, Revenue_TW)=2021.85",1,"- JUMBO BAG RED RETROSPOT: £2,021.85 TW – +7.2% WoW, +42.3% YoY."
B3_shares_pp_endash,medium_product_2011-W42,2,+7.2%,C,std,,7.2,Supported_cell,ok,+7.2%,7.2,percent,none,"cell(JUMBO BAG RED RETROSPOT, WoW_Pct)=7.2",1,"- JUMBO BAG RED RETROSPOT: £2,021.85 TW – +7.2% WoW, +42.3% YoY."
B3_shares_pp_endash,medium_product_2011-W42,2,+42.3%,W,drift,near miss; true +42.9%,42.9,Unsupported,caught,+42.3%,42.3,percent,none,,1,"- JUMBO BAG RED RETROSPOT: £2,021.85 TW – +7.2% WoW, +42.3% YoY."
B3_shares_pp_endash,medium_product_2011-W42,3,10,N,non_measure,not a measurement,,Skipped,ok,10,10.0,plain,none,entity_name,1,"- CHRISTMAS LIGHTS 10 VINTAGE BAUBLES: £896.84 TW, –54.3% YoY (LY: £1,960.94)."
B3_shares_pp_endash,medium_product_2011-W42,3,£896.84,C,std,,896.84,Supported_cell,ok,£896.84,896.84,currency,none,"cell(CHRISTMAS LIGHTS 10 VINTAGE BAUBLES, Revenue_TW)=896.84",1,"- CHRISTMAS LIGHTS 10 VINTAGE BAUBLES: £896.84 TW, –54.3% YoY (LY: £1,960.94)."
B3_shares_pp_endash,medium_product_2011-W42,3,–54.3%,C,std,,-54.3,Supported_cell,ok,–54.3%,-54.3,percent,none,"cell(CHRISTMAS LIGHTS 10 VINTAGE BAUBLES, YoY_Pct)=-54.3",1,"- CHRISTMAS LIGHTS 10 VINTAGE BAUBLES: £896.84 TW, –54.3% YoY (LY: £1,960.94)."
B3_shares_pp_endash,medium_product_2011-W42,3,"£1,960.94",C,std,,1960.94,Supported_cell,ok,"£1,960.94",1960.94,currency,none,"cell(CHRISTMAS LIGHTS 10 VINTAGE BAUBLES, Revenue_LY)=1960.94",1,"- CHRISTMAS LIGHTS 10 VINTAGE BAUBLES: £896.84 TW, –54.3% YoY (LY: £1,960.94)."
B3_shares_pp_endash,medium_product_2011-W42,4,£935,C,std,level after fell-to-roughly,935.26,Supported_cell,ok,£935,935.0,currency,none,"cell(PAPER CHAIN KIT VINTAGE CHRISTMAS, Revenue_TW)=935.26",1,"- PAPER CHAIN KIT VINTAGE CHRISTMAS revenue fell to roughly £935 from £1,283 LW; PARTY BUNTING was −70.6% WoW."
B3_shares_pp_endash,medium_product_2011-W42,4,"£1,283",C,std,,1283.24,Supported_cell,ok,"£1,283",1283.0,currency,none,"cell(PAPER CHAIN KIT VINTAGE CHRISTMAS, Revenue_LW)=1283.24",1,"- PAPER CHAIN KIT VINTAGE CHRISTMAS revenue fell to roughly £935 from £1,283 LW; PARTY BUNTING was −70.6% WoW."
B3_shares_pp_endash,medium_product_2011-W42,4,−70.6%,W,direction,party bunting rose 70.6%,70.6,Unsupported,caught,−70.6%,-70.6,percent,none,,1,"- PAPER CHAIN KIT VINTAGE CHRISTMAS revenue fell to roughly £935 from £1,283 LW; PARTY BUNTING was −70.6% WoW."
B3_shares_pp_endash,medium_product_2011-W42,5,£858.88,C,std,,858.88,Supported_cell,ok,£858.88,858.88,currency,none,"cell(WALL ART BIG LOVE, Revenue_TW)=858.88",1,"- WALL ART BIG LOVE: £858.88 TW, 3.4x LW (£215.12)."
B3_shares_pp_endash,medium_product_2011-W42,5,3.4x,C,std,,3.4201975151322075,Supported_derived,ok,3.4x,3.4,plain,none,"ratio(WALL ART BIG LOVE.Revenue_TW, WALL ART BIG LOVE.Revenue_LW)=3.4202",1,"- WALL ART BIG LOVE: £858.88 TW, 3.4x LW (£215.12)."
B3_shares_pp_endash,medium_product_2011-W42,5,£215.12,W,drift,true 251.12,251.12,Unsupported,caught,£215.12,215.12,currency,none,,1,"- WALL ART BIG LOVE: £858.88 TW, 3.4x LW (£215.12)."
B3_shares_pp_endash,medium_product_2011-W42,6,"+26,576.5%",C,std,,26576.5,Supported_cell,ok,"+26,576.5%",26576.5,percent,none,"cell(RED  HARMONICA IN BOX, YoY_Pct)=26576.5",1,"- RED HARMONICA IN BOX: YoY +26,576.5% off a £3.75 base LY."
B3_shares_pp_endash,medium_product_2011-W42,6,£3.75,C,std,,3.75,Supported_cell,ok,£3.75,3.75,currency,none,"cell(RED  HARMONICA IN BOX, Revenue_LY)=3.75",1,"- RED HARMONICA IN BOX: YoY +26,576.5% off a £3.75 base LY."
B3_shares_pp_endash,medium_product_2011-W42,7,"14,739",C,std,,14739.0,Supported_derived,ok,"14,739",14739.0,plain,none,sum(Units_TW)=14739,1,"- Units across the range: 14,739 TW vs 7,209 LW (2.0x); SET OF 3 REGENCY CAKE TINS orders were flat at 31, revenue up 38.3% WoW."
B3_shares_pp_endash,medium_product_2011-W42,7,"7,209",C,std,,7209.0,Supported_derived,ok,"7,209",7209.0,plain,none,sum(Units_LW)=7209,1,"- Units across the range: 14,739 TW vs 7,209 LW (2.0x); SET OF 3 REGENCY CAKE TINS orders were flat at 31, revenue up 38.3% WoW."
B3_shares_pp_endash,medium_product_2011-W42,7,2.0x,C,std,,2.044527673741157,Supported_derived,ok,2.0x,2.0,plain,none,"ratio(SET OF 3 REGENCY CAKE TINS.Units_TW, SET OF 3 REGENCY CAKE TINS.Units_LW)=2.03974",1,"- Units across the range: 14,739 TW vs 7,209 LW (2.0x); SET OF 3 REGENCY CAKE TINS orders were flat at 31, revenue up 38.3% WoW."
B3_shares_pp_endash,medium_product_2011-W42,7,3,N,non_measure,not a measurement,,Skipped,ok,3,3.0,plain,none,entity_name,1,"- Units across the range: 14,739 TW vs 7,209 LW (2.0x); SET OF 3 REGENCY CAKE TINS orders were flat at 31, revenue up 38.3% WoW."
B3_shares_pp_endash,medium_product_2011-W42,7,31,C,std,,31.0,Supported_cell,ok,31,31.0,plain,none,"cell(SET OF 3 REGENCY CAKE TINS, Orders_TW)=31",1,"- Units across the range: 14,739 TW vs 7,209 LW (2.0x); SET OF 3 REGENCY CAKE TINS orders were flat at 31, revenue up 38.3% WoW."
B3_shares_pp_endash,medium_product_2011-W42,7,38.3%,W,drift,true +83.3%,83.3,Unsupported,caught,38.3%,38.3,percent,up,,1,"- Units across the range: 14,739 TW vs 7,209 LW (2.0x); SET OF 3 REGENCY CAKE TINS orders were flat at 31, revenue up 38.3% WoW."
C1_terse,large_product_2011-W47,0,£135.4k,W,drift_small,true 135.25k -> 135.3k; 0.11% off,135254.11000000002,Supported_derived,MISS,£135.4k,135400.0,currency,none,sum(Revenue_TW)=135254,1,"- Total revenue was £135.4k TW, down 15.0% WoW (£159.1k LW) but up 57.9% YoY."
C1_terse,large_product_2011-W47,0,15.0%,C,std,,-14.988250507587988,Supported_derived,ok,15.0%,-15.0,percent,down,"pct_change(sum(Revenue_TW), sum(Revenue_LW))=-14.9883",1,"- Total revenue was £135.4k TW, down 15.0% WoW (£159.1k LW) but up 57.9% YoY."
C1_terse,large_product_2011-W47,0,£159.1k,C,std,,159100.49,Supported_derived,ok,£159.1k,159100.0,currency,none,sum(Revenue_LW)=159100,1,"- Total revenue was £135.4k TW, down 15.0% WoW (£159.1k LW) but up 57.9% YoY."
C1_terse,large_product_2011-W47,0,57.9%,C,std,,57.853931021153784,Supported_derived,ok,57.9%,57.9,percent,up,"pct_change(sum(Revenue_TW), sum(Revenue_LY))=57.8539",1,"- Total revenue was £135.4k TW, down 15.0% WoW (£159.1k LW) but up 57.9% YoY."
C1_terse,large_product_2011-W47,1,50,N,non_measure,not a measurement,,Skipped,ok,50,50.0,plain,none,entity_name,1,"- PAPER CHAIN KIT 50'S CHRISTMAS remained the No.1 line at £5,701.16 TW, down 39.9% WoW and 0.6% YoY."
C1_terse,large_product_2011-W47,1,1,C,std,rank written No.1,1.0,Supported_cell,ok,1,1.0,count,none,"cell(PAPER CHAIN KIT 50'S CHRISTMAS, Rank)=1",1,"- PAPER CHAIN KIT 50'S CHRISTMAS remained the No.1 line at £5,701.16 TW, down 39.9% WoW and 0.6% YoY."
C1_terse,large_product_2011-W47,1,"£5,701.16",C,std,,5701.16,Supported_cell,ok,"£5,701.16",5701.16,currency,none,"cell(PAPER CHAIN KIT 50'S CHRISTMAS, Revenue_TW)=5701.16",1,"- PAPER CHAIN KIT 50'S CHRISTMAS remained the No.1 line at £5,701.16 TW, down 39.9% WoW and 0.6% YoY."
C1_terse,large_product_2011-W47,1,39.9%,C,std,,-39.9,Supported_cell,ok,39.9%,-39.9,percent,down,"cell(PAPER CHAIN KIT 50'S CHRISTMAS, WoW_Pct)=-39.9",1,"- PAPER CHAIN KIT 50'S CHRISTMAS remained the No.1 line at £5,701.16 TW, down 39.9% WoW and 0.6% YoY."
C1_terse,large_product_2011-W47,1,0.6%,C,std,,-0.6,Supported_cell,ok,0.6%,0.6,percent,none,"cell(PAPER CHAIN KIT 50'S CHRISTMAS, YoY_Pct)=-0.6",1,"- PAPER CHAIN KIT 50'S CHRISTMAS remained the No.1 line at £5,701.16 TW, down 39.9% WoW and 0.6% YoY."
C1_terse,large_product_2011-W47,2,halved,WORD_C,word_number,-52.4%,,NotExtracted,word_correct_NotExtracted,,,,,,0,"- RABBIT NIGHT LIGHT more than halved: £5,084.81 TW vs £10,687.69 LW (-52.4%)."
C1_terse,large_product_2011-W47,2,"£5,084.81",C,std,,5084.81,Supported_cell,ok,"£5,084.81",5084.81,currency,none,"cell(RABBIT NIGHT LIGHT, Revenue_TW)=5084.81",1,"- RABBIT NIGHT LIGHT more than halved: £5,084.81 TW vs £10,687.69 LW (-52.4%)."
C1_terse,large_product_2011-W47,2,"£10,687.69",C,std,,10687.69,Supported_cell,ok,"£10,687.69",10687.69,currency,none,"cell(RABBIT NIGHT LIGHT, Revenue_LW)=10687.7",1,"- RABBIT NIGHT LIGHT more than halved: £5,084.81 TW vs £10,687.69 LW (-52.4%)."
C1_terse,large_product_2011-W47,2,-52.4%,C,std,,-52.4,Supported_cell,ok,-52.4%,-52.4,percent,none,"cell(RABBIT NIGHT LIGHT, WoW_Pct)=-52.4",1,"- RABBIT NIGHT LIGHT more than halved: £5,084.81 TW vs £10,687.69 LW (-52.4%)."
C1_terse,large_product_2011-W47,3,doubled,WORD_C,word_number,+115%,,NotExtracted,word_correct_NotExtracted,,,,,,0,"- CHILLI LIGHTS more than doubled to £4,960.25 (+115.0% WoW) and was up 229.3% YoY; two of the top three lines fell WoW."
C1_terse,large_product_2011-W47,3,"£4,960.25",C,std,,4960.25,Supported_cell,ok,"£4,960.25",4960.25,currency,none,"cell(CHILLI LIGHTS, Revenue_TW)=4960.25",1,"- CHILLI LIGHTS more than doubled to £4,960.25 (+115.0% WoW) and was up 229.3% YoY; two of the top three lines fell WoW."
C1_terse,large_product_2011-W47,3,+115.0%,C,std,,115.0,Supported_cell,ok,+115.0%,115.0,percent,none,"cell(CHILLI LIGHTS, WoW_Pct)=115",1,"- CHILLI LIGHTS more than doubled to £4,960.25 (+115.0% WoW) and was up 229.3% YoY; two of the top three lines fell WoW."
C1_terse,large_product_2011-W47,3,229.3%,C,std,,229.3,Supported_cell,ok,229.3%,229.3,percent,up,"cell(CHILLI LIGHTS, YoY_Pct)=229.3",1,"- CHILLI LIGHTS more than doubled to £4,960.25 (+115.0% WoW) and was up 229.3% YoY; two of the top three lines fell WoW."
C1_terse,large_product_2011-W47,3,two of the top three,WORD_C,word_number,"rank 1 and 2 fell, rank 3 rose",,NotExtracted,word_correct_NotExtracted,,,,,,0,"- CHILLI LIGHTS more than doubled to £4,960.25 (+115.0% WoW) and was up 229.3% YoY; two of the top three lines fell WoW."
C1_terse,large_product_2011-W47,4,3,N,non_measure,not a measurement,,Skipped,ok,3,3.0,plain,none,counting,1,- The top 3 products took 11.6% of revenue (£15.7k).
C1_terse,large_product_2011-W47,4,11.6%,C,std,,11.64195306153728,Supported_derived,ok,11.6%,11.6,percent,none,share_top3(Revenue_TW)=11.642,1,- The top 3 products took 11.6% of revenue (£15.7k).
C1_terse,large_product_2011-W47,4,£15.7k,C,std,,15746.220000000001,Supported_derived,ok,£15.7k,15700.0,currency,none,sum_top3(Revenue_TW)=15746.2,1,- The top 3 products took 11.6% of revenue (£15.7k).
C1_terse,large_product_2011-W47,5,3,N,non_measure,not a measurement,,Skipped,ok,3,3.0,plain,none,entity_name,1,"- REGENCY CAKESTAND 3 TIER revenue rose 17.3% WoW to £3,543.60 but fell 45.9% YoY; units rose 11.6% to 261."
C1_terse,large_product_2011-W47,5,17.3%,C,std,,17.3,Supported_cell,ok,17.3%,17.3,percent,up,"cell(REGENCY CAKESTAND 3 TIER, WoW_Pct)=17.3",1,"- REGENCY CAKESTAND 3 TIER revenue rose 17.3% WoW to £3,543.60 but fell 45.9% YoY; units rose 11.6% to 261."
C1_terse,large_product_2011-W47,5,"£3,543.60",C,std,,3543.6,Supported_cell,ok,"£3,543.60",3543.6,currency,none,"cell(REGENCY CAKESTAND 3 TIER, Revenue_TW)=3543.6",1,"- REGENCY CAKESTAND 3 TIER revenue rose 17.3% WoW to £3,543.60 but fell 45.9% YoY; units rose 11.6% to 261."
C1_terse,large_product_2011-W47,5,45.9%,C,std,,-45.9,Supported_cell,ok,45.9%,-45.9,percent,down,"cell(REGENCY CAKESTAND 3 TIER, YoY_Pct)=-45.9",1,"- REGENCY CAKESTAND 3 TIER revenue rose 17.3% WoW to £3,543.60 but fell 45.9% YoY; units rose 11.6% to 261."
C1_terse,large_product_2011-W47,5,11.6%,W,drift,true units +11.1%,11.063829787234042,Unsupported,caught,11.6%,11.6,percent,up,,1,"- REGENCY CAKESTAND 3 TIER revenue rose 17.3% WoW to £3,543.60 but fell 45.9% YoY; units rose 11.6% to 261."
C1_terse,large_product_2011-W47,5,261,C,std,,261.0,Supported_cell,ok,261,261.0,plain,none,"cell(REGENCY CAKESTAND 3 TIER, Units_TW)=261",1,"- REGENCY CAKESTAND 3 TIER revenue rose 17.3% WoW to £3,543.60 but fell 45.9% YoY; units rose 11.6% to 261."
C1_terse,large_product_2011-W47,6,35.0%,C,std,,-35.0,Supported_cell,ok,35.0%,-35.0,percent,down,"cell(WHITE HANGING HEART T-LIGHT HOLDER, WoW_Pct)=-35",1,"- WHITE HANGING HEART T-LIGHT HOLDER fell 35.0% WoW to £2,475.48, with units down 31.8% to 904 and YoY down 45.9%."
C1_terse,large_product_2011-W47,6,"£2,475.48",C,std,,2475.48,Supported_cell,ok,"£2,475.48",2475.48,currency,none,"cell(WHITE HANGING HEART T-LIGHT HOLDER, Revenue_TW)=2475.48",1,"- WHITE HANGING HEART T-LIGHT HOLDER fell 35.0% WoW to £2,475.48, with units down 31.8% to 904 and YoY down 45.9%."
C1_terse,large_product_2011-W47,6,31.8%,C,std,,-31.825037707390646,Supported_derived,ok,31.8%,-31.8,percent,down,"pct_change(WHITE HANGING HEART T-LIGHT HOLDER.Units_TW, WHITE HANGING HEART T-LIGHT HOLDER.Units_LW)=-31.825",1,"- WHITE HANGING HEART T-LIGHT HOLDER fell 35.0% WoW to £2,475.48, with units down 31.8% to 904 and YoY down 45.9%."
C1_terse,large_product_2011-W47,6,904,C,std,,904.0,Supported_cell,ok,904,904.0,plain,none,"cell(WHITE HANGING HEART T-LIGHT HOLDER, Units_TW)=904",1,"- WHITE HANGING HEART T-LIGHT HOLDER fell 35.0% WoW to £2,475.48, with units down 31.8% to 904 and YoY down 45.9%."
C1_terse,large_product_2011-W47,6,45.9%,W,other_row,-45.9 is Regency YoY; WHH YoY is -58.7,-58.7,Supported_cell,MISS,45.9%,-45.9,percent,down,"cell(REGENCY CAKESTAND 3 TIER, YoY_Pct)=-45.9",1,"- WHITE HANGING HEART T-LIGHT HOLDER fell 35.0% WoW to £2,475.48, with units down 31.8% to 904 and YoY down 45.9%."
C1_terse,large_product_2011-W47,7,"1,454.7%",W,drift,"true 1,544.7%",1544.7,Unsupported,caught,"1,454.7%",1454.7,percent,up,,1,"- DOORMAT BLACK FLOCK had the biggest WoW jump, up 1,454.7% to £542.76."
C1_terse,large_product_2011-W47,7,£542.76,C,std,,542.76,Supported_cell,ok,£542.76,542.76,currency,none,"cell(DOORMAT BLACK FLOCK, Revenue_TW)=542.76",1,"- DOORMAT BLACK FLOCK had the biggest WoW jump, up 1,454.7% to £542.76."
C2_gpt_verbose,large_product_2011-W47,0,£0.14m,C,std,,135254.11000000002,Supported_derived,ok,£0.14m,140000.0,currency,none,sum(Revenue_TW)=135254,1,"- Weekly sales came in at £0.14m, 15pc down on the prior week's £0.16m."
C2_gpt_verbose,large_product_2011-W47,0,15pc,C,std,,-14.988250507587988,Supported_derived,ok,15pc,-15.0,percent,down,"pct_change(sum(Revenue_TW), sum(Revenue_LW))=-14.9883",1,"- Weekly sales came in at £0.14m, 15pc down on the prior week's £0.16m."
C2_gpt_verbose,large_product_2011-W47,0,£0.16m,C,std,,159100.49,Supported_derived,ok,£0.16m,160000.0,currency,none,sum(Revenue_LW)=159100,1,"- Weekly sales came in at £0.14m, 15pc down on the prior week's £0.16m."
C2_gpt_verbose,large_product_2011-W47,1,57.9 per cent,C,std,,57.853931021153784,Supported_derived,ok,57.9 per cent,57.9,percent,up,"pct_change(sum(Revenue_TW), sum(Revenue_LY))=57.8539",1,"- Against the same week last year, revenue is up 57.9 per cent, from £85.7k."
C2_gpt_verbose,large_product_2011-W47,1,£85.7k,C,std,,85683.08,Supported_derived,ok,£85.7k,85700.0,currency,none,sum(Revenue_LY)=85683.1,1,"- Against the same week last year, revenue is up 57.9 per cent, from £85.7k."
C2_gpt_verbose,large_product_2011-W47,2,11.9 per cent,W,arithmetic,computed on TW base; true -10.7%,-10.659135162229378,Unsupported,caught,11.9 per cent,-11.9,percent,down,,1,"- Units fell 11.9 per cent to 46,342 and orders 6.1 per cent to 4,027."
C2_gpt_verbose,large_product_2011-W47,2,"46,342",C,std,,46342.0,Supported_derived,ok,"46,342",46342.0,plain,none,sum(Units_TW)=46342,1,"- Units fell 11.9 per cent to 46,342 and orders 6.1 per cent to 4,027."
C2_gpt_verbose,large_product_2011-W47,2,6.1 per cent,C,std,,-6.130536130536131,Supported_derived,ok,6.1 per cent,6.1,percent,none,"pct_change(sum(Orders_TW), sum(Orders_LW))=-6.13054",1,"- Units fell 11.9 per cent to 46,342 and orders 6.1 per cent to 4,027."
C2_gpt_verbose,large_product_2011-W47,2,"4,027",C,std,,4027.0,Supported_derived,ok,"4,027",4027.0,plain,none,sum(Orders_TW)=4027,1,"- Units fell 11.9 per cent to 46,342 and orders 6.1 per cent to 4,027."
C2_gpt_verbose,large_product_2011-W47,3,"£1,001.88",C,std,,1001.8822962962964,Supported_derived,ok,"£1,001.88",1001.88,currency,none,mean(Revenue_TW)=1001.88,1,"- Average revenue per product was £1,001.88; the median line took £702.39."
C2_gpt_verbose,large_product_2011-W47,3,£702.39,W,drift,true median 720.39,720.39,Unsupported,caught,£702.39,702.39,currency,none,,1,"- Average revenue per product was £1,001.88; the median line took £702.39."
C2_gpt_verbose,large_product_2011-W47,4,45.5 per cent,C,std,,-45.524655293292824,Supported_derived,ok,45.5 per cent,-45.5,percent,down,"pct_change(RABBIT NIGHT LIGHT.Units_TW, RABBIT NIGHT LIGHT.Units_LW)=-45.5247",1,"- Rabbit Night Light units dropped 45.5 per cent to 2,331, while Popcorn Holder units rose 6.0 per cent to 2,955."
C2_gpt_verbose,large_product_2011-W47,4,"2,331",C,std,,2331.0,Supported_cell,ok,"2,331",2331.0,plain,none,"cell(RABBIT NIGHT LIGHT, Units_TW)=2331",1,"- Rabbit Night Light units dropped 45.5 per cent to 2,331, while Popcorn Holder units rose 6.0 per cent to 2,955."
C2_gpt_verbose,large_product_2011-W47,4,6.0 per cent,W,direction,popcorn units fell 6.0%,-6.041335453100159,Unsupported,caught,6.0 per cent,6.0,percent,up,,1,"- Rabbit Night Light units dropped 45.5 per cent to 2,331, while Popcorn Holder units rose 6.0 per cent to 2,955."
C2_gpt_verbose,large_product_2011-W47,4,"2,955",C,std,,2955.0,Supported_cell,ok,"2,955",2955.0,plain,none,"cell(POPCORN HOLDER, Units_TW)=2955",1,"- Rabbit Night Light units dropped 45.5 per cent to 2,331, while Popcorn Holder units rose 6.0 per cent to 2,955."
C2_gpt_verbose,large_product_2011-W47,5,"£2,401.04",C,std,,2401.04,Supported_cell,ok,"£2,401.04",2401.04,currency,none,"cell(HOT WATER BOTTLE KEEP CALM, Revenue_TW)=2401.04",1,"- Hot Water Bottle Keep Calm revenue was broadly flat at £2,401.04, 2.8 per cent up on last week."
C2_gpt_verbose,large_product_2011-W47,5,2.8 per cent,W,direction,it fell 2.8%,-2.8,Unsupported,caught,2.8 per cent,2.8,percent,up,,1,"- Hot Water Bottle Keep Calm revenue was broadly flat at £2,401.04, 2.8 per cent up on last week."
C2_gpt_verbose,large_product_2011-W47,6,halved,WORD_C,word_number,-49%,,NotExtracted,word_correct_NotExtracted,,,,,,0,"- Jumbo Bag Red Retrospot revenue halved, down 49.0 per cent to £1,581.84, versus £2,221.19 in the prior week."
C2_gpt_verbose,large_product_2011-W47,6,49.0 per cent,C,std,,-49.0,Supported_cell,ok,49.0 per cent,-49.0,percent,down,"cell(JUMBO BAG RED RETROSPOT, WoW_Pct)=-49",1,"- Jumbo Bag Red Retrospot revenue halved, down 49.0 per cent to £1,581.84, versus £2,221.19 in the prior week."
C2_gpt_verbose,large_product_2011-W47,6,"£1,581.84",C,std,,1581.84,Supported_cell,ok,"£1,581.84",1581.84,currency,none,"cell(JUMBO BAG RED RETROSPOT, Revenue_TW)=1581.84",1,"- Jumbo Bag Red Retrospot revenue halved, down 49.0 per cent to £1,581.84, versus £2,221.19 in the prior week."
C2_gpt_verbose,large_product_2011-W47,6,"£2,221.19",W,period,"2,221.19 is LY; LW is 3,102.01",3102.01,Supported_cell,MISS,"£2,221.19",2221.19,currency,none,"cell(JUMBO BAG RED RETROSPOT, Revenue_LY)=2221.19",1,"- Jumbo Bag Red Retrospot revenue halved, down 49.0 per cent to £1,581.84, versus £2,221.19 in the prior week."
C2_gpt_verbose,large_product_2011-W47,7,11.5x,C,std,,11.50368837711407,Supported_derived,ok,11.5x,11.5,plain,up,"ratio(COLOURED GLASS STAR T-LIGHT HOLDER.Revenue_TW, COLOURED GLASS STAR T-LIGHT HOLDER.Revenue_LW)=11.5037",1,"- Coloured Glass Star T-Light Holder increased 11.5x WoW to £1,278.75."
C2_gpt_verbose,large_product_2011-W47,7,"£1,278.75",C,std,,1278.75,Supported_cell,ok,"£1,278.75",1278.75,currency,none,"cell(COLOURED GLASS STAR T-LIGHT HOLDER, Revenue_TW)=1278.75",1,"- Coloured Glass Star T-Light Holder increased 11.5x WoW to £1,278.75."
C3_names_with_digits,large_product_2011-W47,0,15,N,non_measure,not a measurement,,Skipped,ok,15,15.0,plain,none,entity_name,1,"- 15cm Christmas Glass Ball 20 Lights: £1.0k TW, +110.9% WoW, −16.1% YoY."
C3_names_with_digits,large_product_2011-W47,0,20,N,non_measure,not a measurement,,Skipped,ok,20,20.0,plain,none,entity_name,1,"- 15cm Christmas Glass Ball 20 Lights: £1.0k TW, +110.9% WoW, −16.1% YoY."
C3_names_with_digits,large_product_2011-W47,0,£1.0k,C,std,,1024.93,Supported_cell,ok,£1.0k,1000.0,currency,none,"cell(15CM CHRISTMAS GLASS BALL 20 LIGHTS, Revenue_TW)=1024.93",1,"- 15cm Christmas Glass Ball 20 Lights: £1.0k TW, +110.9% WoW, −16.1% YoY."
C3_names_with_digits,large_product_2011-W47,0,+110.9%,C,std,,110.9,Supported_cell,ok,+110.9%,110.9,percent,none,"cell(15CM CHRISTMAS GLASS BALL 20 LIGHTS, WoW_Pct)=110.9",1,"- 15cm Christmas Glass Ball 20 Lights: £1.0k TW, +110.9% WoW, −16.1% YoY."
C3_names_with_digits,large_product_2011-W47,0,−16.1%,C,std,,-16.1,Supported_cell,ok,−16.1%,-16.1,percent,none,"cell(15CM CHRISTMAS GLASS BALL 20 LIGHTS, YoY_Pct)=-16.1",1,"- 15cm Christmas Glass Ball 20 Lights: £1.0k TW, +110.9% WoW, −16.1% YoY."
C3_names_with_digits,large_product_2011-W47,1,3,N,non_measure,not a measurement,,Skipped,ok,3,3.0,plain,none,entity_name,1,"- 3 Hearts Hanging Decoration Rustic: £788.05 TW, −73.8% WoW; units 271 vs 508 LW."
C3_names_with_digits,large_product_2011-W47,1,£788.05,C,std,,788.05,Supported_cell,ok,£788.05,788.05,currency,none,"cell(3 HEARTS HANGING DECORATION RUSTIC, Revenue_TW)=788.05",1,"- 3 Hearts Hanging Decoration Rustic: £788.05 TW, −73.8% WoW; units 271 vs 508 LW."
C3_names_with_digits,large_product_2011-W47,1,−73.8%,C,std,,-73.8,Supported_cell,ok,−73.8%,-73.8,percent,none,"cell(3 HEARTS HANGING DECORATION RUSTIC, WoW_Pct)=-73.8",1,"- 3 Hearts Hanging Decoration Rustic: £788.05 TW, −73.8% WoW; units 271 vs 508 LW."
C3_names_with_digits,large_product_2011-W47,1,271,C,std,,271.0,Supported_cell,ok,271,271.0,plain,none,"cell(3 HEARTS HANGING DECORATION RUSTIC, Units_TW)=271",1,"- 3 Hearts Hanging Decoration Rustic: £788.05 TW, −73.8% WoW; units 271 vs 508 LW."
C3_names_with_digits,large_product_2011-W47,1,508,W,drift,true 580,580.0,Supported_cell,MISS,508,508.0,plain,none,"cell(WOOD BLACK BOARD ANT WHITE FINISH, Revenue_LY)=507.97",1,"- 3 Hearts Hanging Decoration Rustic: £788.05 TW, −73.8% WoW; units 271 vs 508 LW."
C3_names_with_digits,large_product_2011-W47,2,3,N,non_measure,not a measurement,,Skipped,ok,3,3.0,plain,none,entity_name,1,- Set/3 Vanilla Scented Candle in Box: £804 TW vs £59 LW (13.6x).
C3_names_with_digits,large_product_2011-W47,2,£804,C,std,,803.96,Supported_cell,ok,£804,804.0,currency,none,"cell(SET/3 VANILLA SCENTED CANDLE IN BOX, Revenue_TW)=803.96",1,- Set/3 Vanilla Scented Candle in Box: £804 TW vs £59 LW (13.6x).
C3_names_with_digits,large_product_2011-W47,2,£59,C,std,,59.29,Supported_cell,ok,£59,59.0,currency,none,"cell(SET/3 VANILLA SCENTED CANDLE IN BOX, Revenue_LW)=59.29",1,- Set/3 Vanilla Scented Candle in Box: £804 TW vs £59 LW (13.6x).
C3_names_with_digits,large_product_2011-W47,2,13.6x,C,std,,13.559790858492159,Supported_derived,ok,13.6x,13.6,plain,none,"ratio(SET/3 VANILLA SCENTED CANDLE IN BOX.Revenue_TW, SET/3 VANILLA SCENTED CANDLE IN BOX.Revenue_LW)=13.5598",1,- Set/3 Vanilla Scented Candle in Box: £804 TW vs £59 LW (13.6x).
C3_names_with_digits,large_product_2011-W47,3,60,N,non_measure,not a measurement,,Skipped,ok,60,60.0,plain,none,entity_name,1,"- 60 Cake Cases Vintage Christmas: £492.55 TW, −48.3% WoW, ranked 127th."
C3_names_with_digits,large_product_2011-W47,3,£492.55,C,std,,492.55,Supported_cell,ok,£492.55,492.55,currency,none,"cell(60 CAKE CASES VINTAGE CHRISTMAS, Revenue_TW)=492.55",1,"- 60 Cake Cases Vintage Christmas: £492.55 TW, −48.3% WoW, ranked 127th."
C3_names_with_digits,large_product_2011-W47,3,−48.3%,C,std,,-48.3,Supported_cell,ok,−48.3%,-48.3,percent,none,"cell(60 CAKE CASES VINTAGE CHRISTMAS, WoW_Pct)=-48.3",1,"- 60 Cake Cases Vintage Christmas: £492.55 TW, −48.3% WoW, ranked 127th."
C3_names_with_digits,large_product_2011-W47,3,127th,C,std,,127.0,Supported_cell,ok,127th,127.0,count,none,"cell(60 CAKE CASES VINTAGE CHRISTMAS, Rank)=127",1,"- 60 Cake Cases Vintage Christmas: £492.55 TW, −48.3% WoW, ranked 127th."
C3_names_with_digits,large_product_2011-W47,4,7,N,non_measure,not a measurement,,Skipped,ok,7,7.0,plain,none,entity_name,1,"- Set 7 Babushka Nesting Boxes: 75 units TW, orders −14.3% WoW."
C3_names_with_digits,large_product_2011-W47,4,75,C,std,,75.0,Supported_cell,ok,75,75.0,count,none,"cell(SET 7 BABUSHKA NESTING BOXES, Units_TW)=75",1,"- Set 7 Babushka Nesting Boxes: 75 units TW, orders −14.3% WoW."
C3_names_with_digits,large_product_2011-W47,4,−14.3%,C,std,,-14.285714285714285,Supported_derived,ok,−14.3%,-14.3,percent,none,"pct_change(SET 7 BABUSHKA NESTING BOXES.Orders_TW, SET 7 BABUSHKA NESTING BOXES.Orders_LW)=-14.2857",1,"- Set 7 Babushka Nesting Boxes: 75 units TW, orders −14.3% WoW."
C3_names_with_digits,large_product_2011-W47,5,2,N,non_measure,not a measurement,,Skipped,ok,2,2.0,plain,none,entity_name,1,"- Wood 2 Drawer Cabinet White Finish: £642.84 TW, +161.6% WoW."
C3_names_with_digits,large_product_2011-W47,5,£642.84,C,std,,642.84,Supported_cell,ok,£642.84,642.84,currency,none,"cell(WOOD 2 DRAWER CABINET WHITE FINISH, Revenue_TW)=642.84",1,"- Wood 2 Drawer Cabinet White Finish: £642.84 TW, +161.6% WoW."
C3_names_with_digits,large_product_2011-W47,5,+161.6%,W,drift,true +116.6%,116.6,Unsupported,caught,+161.6%,161.6,percent,none,,1,"- Wood 2 Drawer Cabinet White Finish: £642.84 TW, +161.6% WoW."
C3_names_with_digits,large_product_2011-W47,6,£473.07,C,std,,473.07,Supported_cell,ok,£473.07,473.07,currency,none,"cell(MEDIUM CERAMIC TOP STORAGE JAR, Revenue_TW)=473.07",1,"- Medium Ceramic Top Storage Jar: £473.07 TW, the smallest line (#135), up 872.8% WoW."
C3_names_with_digits,large_product_2011-W47,6,#135,W,other_row,it is #134; #135 is Plasters in Tin,134.0,Supported_cell,MISS,135,135.0,count,none,"cell(PLASTERS IN TIN CIRCUS PARADE, Rank)=135",1,"- Medium Ceramic Top Storage Jar: £473.07 TW, the smallest line (#135), up 872.8% WoW."
C3_names_with_digits,large_product_2011-W47,6,872.8%,C,std,,872.8,Supported_cell,ok,872.8%,872.8,percent,up,"cell(MEDIUM CERAMIC TOP STORAGE JAR, WoW_Pct)=872.8",1,"- Medium Ceramic Top Storage Jar: £473.07 TW, the smallest line (#135), up 872.8% WoW."
C3_names_with_digits,large_product_2011-W47,7,£894.40,C,std,,894.4,Supported_cell,ok,£894.40,894.4,currency,none,"cell(GIN + TONIC DIET METAL SIGN, Revenue_TW)=894.4",1,"- Gin + Tonic Diet Metal Sign: £894.40 TW (+1.1% WoW), +131.7% YoY; Vintage Christmas Bunting −69.7% WoW to £828.82, from £2,734.70."
C3_names_with_digits,large_product_2011-W47,7,+1.1%,C,std,,1.1,Supported_cell,ok,+1.1%,1.1,percent,none,"cell(GIN + TONIC DIET METAL SIGN, WoW_Pct)=1.1",1,"- Gin + Tonic Diet Metal Sign: £894.40 TW (+1.1% WoW), +131.7% YoY; Vintage Christmas Bunting −69.7% WoW to £828.82, from £2,734.70."
C3_names_with_digits,large_product_2011-W47,7,+131.7%,W,drift,true +113.7%,113.7,Unsupported,caught,+131.7%,131.7,percent,none,,1,"- Gin + Tonic Diet Metal Sign: £894.40 TW (+1.1% WoW), +131.7% YoY; Vintage Christmas Bunting −69.7% WoW to £828.82, from £2,734.70."
C3_names_with_digits,large_product_2011-W47,7,−69.7%,C,std,,-69.7,Supported_cell,ok,−69.7%,-69.7,percent,none,"cell(VINTAGE CHRISTMAS BUNTING, WoW_Pct)=-69.7",1,"- Gin + Tonic Diet Metal Sign: £894.40 TW (+1.1% WoW), +131.7% YoY; Vintage Christmas Bunting −69.7% WoW to £828.82, from £2,734.70."
C3_names_with_digits,large_product_2011-W47,7,£828.82,C,std,,828.82,Supported_cell,ok,£828.82,828.82,currency,none,"cell(VINTAGE CHRISTMAS BUNTING, Revenue_TW)=828.82",1,"- Gin + Tonic Diet Metal Sign: £894.40 TW (+1.1% WoW), +131.7% YoY; Vintage Christmas Bunting −69.7% WoW to £828.82, from £2,734.70."
C3_names_with_digits,large_product_2011-W47,7,"£2,734.70",C,std,,2734.7,Supported_cell,ok,"£2,734.70",2734.7,currency,none,"cell(VINTAGE CHRISTMAS BUNTING, Revenue_LW)=2734.7",1,"- Gin + Tonic Diet Metal Sign: £894.40 TW (+1.1% WoW), +131.7% YoY; Vintage Christmas Bunting −69.7% WoW to £828.82, from £2,734.70."
C4_error_heavy,large_product_2011-W47,0,£23.8k,C,std,,-23846.379999999976,Supported_derived,ok,£23.8k,-23800.0,currency,down,"diff(sum(Revenue_TW), sum(Revenue_LW))=-23846.4",1,"- Revenue fell by £23.8k WoW, with 69 of the 135 lines declining, including 2 of the top 3."
C4_error_heavy,large_product_2011-W47,0,69,CNT_C,count_claim,count of rows,69.0,Skipped,count_correct_Skipped,69,69.0,plain,none,counting,1,"- Revenue fell by £23.8k WoW, with 69 of the 135 lines declining, including 2 of the top 3."
C4_error_heavy,large_product_2011-W47,0,135,N,non_measure,not a measurement,,Skipped,ok,135,135.0,plain,none,counting,1,"- Revenue fell by £23.8k WoW, with 69 of the 135 lines declining, including 2 of the top 3."
C4_error_heavy,large_product_2011-W47,0,2,CNT_C,count_claim,ranks 1 and 2 fell,2.0,Skipped,count_correct_Skipped,2,2.0,plain,none,counting,1,"- Revenue fell by £23.8k WoW, with 69 of the 135 lines declining, including 2 of the top 3."
C4_error_heavy,large_product_2011-W47,0,3,N,non_measure,not a measurement,,Skipped,ok,3,3.0,plain,none,counting,1,"- Revenue fell by £23.8k WoW, with 69 of the 135 lines declining, including 2 of the top 3."
C4_error_heavy,large_product_2011-W47,1,£5.1k,C,std,,5084.81,Supported_cell,ok,£5.1k,5100.0,currency,none,"cell(RABBIT NIGHT LIGHT, Revenue_TW)=5084.81",1,"- RABBIT NIGHT LIGHT was the second-largest line at £5.1k, though revenue nearly halved from £10.7k LW."
C4_error_heavy,large_product_2011-W47,1,£10.7k,C,std,,10687.69,Supported_cell,ok,£10.7k,10700.0,currency,none,"cell(RABBIT NIGHT LIGHT, Revenue_LW)=10687.7",1,"- RABBIT NIGHT LIGHT was the second-largest line at £5.1k, though revenue nearly halved from £10.7k LW."
C4_error_heavy,large_product_2011-W47,2,nearly tripled,WORD_W,word_number,true 3.29x: more than tripled,,NotExtracted,word_wrong_NotExtracted,,,,,,0,"- CHILLI LIGHTS revenue nearly tripled YoY to £4,960.25 from £1,506.40 LY."
C4_error_heavy,large_product_2011-W47,2,"£4,960.25",C,std,,4960.25,Supported_cell,ok,"£4,960.25",4960.25,currency,none,"cell(CHILLI LIGHTS, Revenue_TW)=4960.25",1,"- CHILLI LIGHTS revenue nearly tripled YoY to £4,960.25 from £1,506.40 LY."
C4_error_heavy,large_product_2011-W47,2,"£1,506.40",C,std,,1506.4,Supported_cell,ok,"£1,506.40",1506.4,currency,none,"cell(CHILLI LIGHTS, Revenue_LY)=1506.4",1,"- CHILLI LIGHTS revenue nearly tripled YoY to £4,960.25 from £1,506.40 LY."
C4_error_heavy,large_product_2011-W47,3,"£3,304.33",W,drift,"transposed; true 3,034.33",3034.33,Unsupported,caught,"£3,304.33",3304.33,currency,none,,1,"- PAPER CHAIN KIT VINTAGE CHRISTMAS revenue was £3,304.33 TW (−32.7% WoW)."
C4_error_heavy,large_product_2011-W47,3,−32.7%,C,std,,-32.7,Supported_cell,ok,−32.7%,-32.7,percent,none,"cell(PAPER CHAIN KIT VINTAGE CHRISTMAS, WoW_Pct)=-32.7",1,"- PAPER CHAIN KIT VINTAGE CHRISTMAS revenue was £3,304.33 TW (−32.7% WoW)."
C4_error_heavy,large_product_2011-W47,4,+106.7%,C,std,,106.7,Supported_cell,ok,+106.7%,106.7,percent,none,"cell(PARTY BUNTING, WoW_Pct)=106.7",1,"- PARTY BUNTING more than doubled WoW (+106.7%) to £2,182.49, and was up 364.2% YoY."
C4_error_heavy,large_product_2011-W47,4,"£2,182.49",C,std,,2182.49,Supported_cell,ok,"£2,182.49",2182.49,currency,none,"cell(PARTY BUNTING, Revenue_TW)=2182.49",1,"- PARTY BUNTING more than doubled WoW (+106.7%) to £2,182.49, and was up 364.2% YoY."
C4_error_heavy,large_product_2011-W47,4,364.2%,W,drift,true +463.2%,463.2,Unsupported,caught,364.2%,364.2,percent,up,,1,"- PARTY BUNTING more than doubled WoW (+106.7%) to £2,182.49, and was up 364.2% YoY."
C4_error_heavy,large_product_2011-W47,5,59.2%,C,std,,59.183673469387756,Supported_derived,ok,59.2%,59.2,percent,up,"pct_change(ROTATING SILVER ANGELS T-LIGHT HLDR.Units_TW, ROTATING SILVER ANGELS T-LIGHT HLDR.Units_LW)=59.1837",1,"- ROTATING SILVER ANGELS T-LIGHT HLDR units rose 59.2% to 1,170, but revenue only rose 10.6% as orders fell 11.9% to 42."
C4_error_heavy,large_product_2011-W47,5,"1,170",C,std,,1170.0,Supported_cell,ok,"1,170",1170.0,plain,none,"cell(ROTATING SILVER ANGELS T-LIGHT HLDR, Units_TW)=1170",1,"- ROTATING SILVER ANGELS T-LIGHT HLDR units rose 59.2% to 1,170, but revenue only rose 10.6% as orders fell 11.9% to 42."
C4_error_heavy,large_product_2011-W47,5,10.6%,C,std,,10.6,Supported_cell,ok,10.6%,10.6,percent,up,"cell(ROTATING SILVER ANGELS T-LIGHT HLDR, WoW_Pct)=10.6",1,"- ROTATING SILVER ANGELS T-LIGHT HLDR units rose 59.2% to 1,170, but revenue only rose 10.6% as orders fell 11.9% to 42."
C4_error_heavy,large_product_2011-W47,5,11.9%,C,std,,-11.904761904761903,Supported_derived,ok,11.9%,-11.9,percent,down,"pct_change(ROTATING SILVER ANGELS T-LIGHT HLDR.Orders_TW, ROTATING SILVER ANGELS T-LIGHT HLDR.Orders_LW)=-11.9048",1,"- ROTATING SILVER ANGELS T-LIGHT HLDR units rose 59.2% to 1,170, but revenue only rose 10.6% as orders fell 11.9% to 42."
C4_error_heavy,large_product_2011-W47,5,42,W,period,42 is Orders_LW; TW is 37,37.0,Supported_cell,MISS,42,42.0,plain,none,"cell(ROTATING SILVER ANGELS T-LIGHT HLDR, Orders_LW)=42",1,"- ROTATING SILVER ANGELS T-LIGHT HLDR units rose 59.2% to 1,170, but revenue only rose 10.6% as orders fell 11.9% to 42."
C4_error_heavy,large_product_2011-W47,6,50,N,non_measure,not a measurement,,Skipped,ok,50,50.0,plain,none,entity_name,1,"- JUMBO BAG 50'S CHRISTMAS revenue fell 96.0% WoW to £1,151.45."
C4_error_heavy,large_product_2011-W47,6,96.0%,W,drift,true -69.0%,-69.0,Unsupported,caught,96.0%,-96.0,percent,down,,1,"- JUMBO BAG 50'S CHRISTMAS revenue fell 96.0% WoW to £1,151.45."
C4_error_heavy,large_product_2011-W47,6,"£1,151.45",C,std,,1151.45,Supported_cell,ok,"£1,151.45",1151.45,currency,none,"cell(JUMBO BAG 50'S CHRISTMAS, Revenue_TW)=1151.45",1,"- JUMBO BAG 50'S CHRISTMAS revenue fell 96.0% WoW to £1,151.45."
C4_error_heavy,large_product_2011-W47,7,10,N,non_measure,not a measurement,,Skipped,ok,10,10.0,plain,none,counting,1,- Top-10 lines generated 28.5% of revenue (£34.9k).
C4_error_heavy,large_product_2011-W47,7,28.5%,W,drift,true 25.8%,25.828065409620454,Unsupported,caught,28.5%,28.5,percent,none,,1,- Top-10 lines generated 28.5% of revenue (£34.9k).
C4_error_heavy,large_product_2011-W47,7,£34.9k,C,std,,34933.520000000004,Supported_derived,ok,£34.9k,34900.0,currency,none,sum_top10(Revenue_TW)=34933.5,1,- Top-10 lines generated 28.5% of revenue (£34.9k).
D1_terse,medium_product_2010-W26,0,£36.9k,C,std,,36893.259999999995,Supported_derived,ok,£36.9k,36900.0,currency,none,sum(Revenue_TW)=36893.3,1,"- Total revenue was £36.9k TW, up 120.6% WoW from £16.7k LW."
D1_terse,medium_product_2010-W26,0,120.6%,C,std,,120.61362122391766,Supported_derived,ok,120.6%,120.6,percent,up,"pct_change(sum(Revenue_TW), sum(Revenue_LW))=120.614",1,"- Total revenue was £36.9k TW, up 120.6% WoW from £16.7k LW."
D1_terse,medium_product_2010-W26,0,£16.7k,C,std,,16723.02,Supported_derived,ok,£16.7k,16700.0,currency,none,sum(Revenue_LW)=16723,1,"- Total revenue was £36.9k TW, up 120.6% WoW from £16.7k LW."
D1_terse,medium_product_2010-W26,1,3,N,non_measure,not a measurement,,Skipped,ok,3,3.0,plain,none,entity_name,1,"- REGENCY CAKESTAND 3 TIER led with £4,554.09 (12.3% share), up 85.4% WoW on 319 units."
D1_terse,medium_product_2010-W26,1,"£4,554.09",C,std,,4554.09,Supported_cell,ok,"£4,554.09",4554.09,currency,none,"cell(REGENCY CAKESTAND 3 TIER, Revenue_TW)=4554.09",1,"- REGENCY CAKESTAND 3 TIER led with £4,554.09 (12.3% share), up 85.4% WoW on 319 units."
D1_terse,medium_product_2010-W26,1,12.3%,C,std,,12.3,Supported_cell,ok,12.3%,12.3,percent,none,"cell(REGENCY CAKESTAND 3 TIER, Share_Pct)=12.3",1,"- REGENCY CAKESTAND 3 TIER led with £4,554.09 (12.3% share), up 85.4% WoW on 319 units."
D1_terse,medium_product_2010-W26,1,85.4%,C,std,,85.4,Supported_cell,ok,85.4%,85.4,percent,up,"cell(REGENCY CAKESTAND 3 TIER, WoW_Pct)=85.4",1,"- REGENCY CAKESTAND 3 TIER led with £4,554.09 (12.3% share), up 85.4% WoW on 319 units."
D1_terse,medium_product_2010-W26,1,319,W,drift,true 391,391.0,Unsupported,caught,319,319.0,count,none,,1,"- REGENCY CAKESTAND 3 TIER led with £4,554.09 (12.3% share), up 85.4% WoW on 319 units."
D1_terse,medium_product_2010-W26,2,#2,C,std,,2.0,Supported_cell,ok,2,2.0,count,none,"cell(WHITE HANGING HEART T-LIGHT HOLDER, Rank)=2",1,"- WHITE HANGING HEART T-LIGHT HOLDER was #2 at £3,215 TW, up 47.9% WoW."
D1_terse,medium_product_2010-W26,2,"£3,215",C,std,,3214.95,Supported_cell,ok,"£3,215",3215.0,currency,none,"cell(WHITE HANGING HEART T-LIGHT HOLDER, Revenue_TW)=3214.95",1,"- WHITE HANGING HEART T-LIGHT HOLDER was #2 at £3,215 TW, up 47.9% WoW."
D1_terse,medium_product_2010-W26,2,47.9%,C,std,,47.9,Supported_cell,ok,47.9%,47.9,percent,up,"cell(WHITE HANGING HEART T-LIGHT HOLDER, WoW_Pct)=47.9",1,"- WHITE HANGING HEART T-LIGHT HOLDER was #2 at £3,215 TW, up 47.9% WoW."
D1_terse,medium_product_2010-W26,3,"3,983.9%",C,std,,3983.9,Supported_cell,ok,"3,983.9%",3983.9,percent,up,"cell(PAPER CHAIN KIT SKULLS, WoW_Pct)=3983.9",1,"- PAPER CHAIN KIT SKULLS surged 3,983.9% WoW to £1,445.70, from just £35.40 LW."
D1_terse,medium_product_2010-W26,3,"£1,445.70",C,std,,1445.7,Supported_cell,ok,"£1,445.70",1445.7,currency,none,"cell(PAPER CHAIN KIT SKULLS, Revenue_TW)=1445.7",1,"- PAPER CHAIN KIT SKULLS surged 3,983.9% WoW to £1,445.70, from just £35.40 LW."
D1_terse,medium_product_2010-W26,3,£35.40,C,std,,35.4,Supported_cell,ok,£35.40,35.4,currency,none,"cell(PAPER CHAIN KIT SKULLS, Revenue_LW)=35.4",1,"- PAPER CHAIN KIT SKULLS surged 3,983.9% WoW to £1,445.70, from just £35.40 LW."
D1_terse,medium_product_2010-W26,4,5.0%,C,std,,-5.0,Supported_cell,ok,5.0%,-5.0,percent,down,"cell(ASSORTED COLOURS SILK FAN, WoW_Pct)=-5",1,"- ASSORTED COLOURS SILK FAN was the only decliner, down 5.0% WoW to £960.95."
D1_terse,medium_product_2010-W26,4,£960.95,C,std,,960.95,Supported_cell,ok,£960.95,960.95,currency,none,"cell(ASSORTED COLOURS SILK FAN, Revenue_TW)=960.95",1,"- ASSORTED COLOURS SILK FAN was the only decliner, down 5.0% WoW to £960.95."
D1_terse,medium_product_2010-W26,5,"£1,332.00",C,std,,1332.0,Supported_cell,ok,"£1,332.00",1332.0,currency,none,"cell(LARGE RED SPOT WINDMILL, Revenue_TW)=1332",1,"- LARGE RED SPOT WINDMILL was new this week with £1,332.00 from a single order (720 units)."
D1_terse,medium_product_2010-W26,5,720,C,std,,720.0,Supported_cell,ok,720,720.0,count,none,"cell(LARGE RED SPOT WINDMILL, Units_TW)=720",1,"- LARGE RED SPOT WINDMILL was new this week with £1,332.00 from a single order (720 units)."
D1_terse,medium_product_2010-W26,6,87.1%,W,metric,87.1% is its units growth; revenue WoW is 78.8%,78.8,Supported_derived,MISS,87.1%,87.1,percent,up,"pct_change(JUMBO BAG RED RETROSPOT.Units_TW, JUMBO BAG RED RETROSPOT.Units_LW)=87.0839",1,"- JUMBO BAG RED RETROSPOT rose 87.1% WoW to £2,489.35 on 1,405 units."
D1_terse,medium_product_2010-W26,6,"£2,489.35",C,std,,2489.35,Supported_cell,ok,"£2,489.35",2489.35,currency,none,"cell(JUMBO BAG RED RETROSPOT, Revenue_TW)=2489.35",1,"- JUMBO BAG RED RETROSPOT rose 87.1% WoW to £2,489.35 on 1,405 units."
D1_terse,medium_product_2010-W26,6,"1,405",C,std,,1405.0,Supported_cell,ok,"1,405",1405.0,count,none,"cell(JUMBO BAG RED RETROSPOT, Units_TW)=1405",1,"- JUMBO BAG RED RETROSPOT rose 87.1% WoW to £2,489.35 on 1,405 units."
D1_terse,medium_product_2010-W26,7,24,W,period,swapped; TW is 19,19.0,Supported_cell,MISS,24,24.0,plain,none,"cell(PICNIC BASKET WICKER LARGE, Orders_LW)=24",1,- PICNIC BASKET WICKER LARGE orders increased to 24 from 19.
D1_terse,medium_product_2010-W26,7,19,W,period,swapped; LW is 24,24.0,Supported_cell,MISS,19,19.0,plain,none,"cell(PICNIC BASKET WICKER LARGE, Orders_TW)=19",1,- PICNIC BASKET WICKER LARGE orders increased to 24 from 19.
D2_mixed,medium_product_2010-W26,0,"£20,170",C,std,,20170.239999999994,Supported_derived,ok,"£20,170",20170.0,currency,up,"diff(sum(Revenue_TW), sum(Revenue_LW))=20170.2",1,"- Revenue rose by £20,170 week-on-week, to £36,893."
D2_mixed,medium_product_2010-W26,0,"£36,893",C,std,,36893.259999999995,Supported_derived,ok,"£36,893",36893.0,currency,none,sum(Revenue_TW)=36893.3,1,"- Revenue rose by £20,170 week-on-week, to £36,893."
D2_mixed,medium_product_2010-W26,1,+106.5%,C,std,,106.54630650496142,Supported_derived,ok,+106.5%,106.5,percent,none,"pct_change(sum(Units_TW), sum(Units_LW))=106.546",1,"- Units more than doubled (+106.5%) to 14,987, while orders grew 20.4 per cent to 626."
D2_mixed,medium_product_2010-W26,1,"14,987",C,std,,14987.0,Supported_derived,ok,"14,987",14987.0,plain,none,sum(Units_TW)=14987,1,"- Units more than doubled (+106.5%) to 14,987, while orders grew 20.4 per cent to 626."
D2_mixed,medium_product_2010-W26,1,20.4 per cent,C,std,,20.384615384615383,Supported_derived,ok,20.4 per cent,20.4,percent,up,"pct_change(sum(Orders_TW), sum(Orders_LW))=20.3846",1,"- Units more than doubled (+106.5%) to 14,987, while orders grew 20.4 per cent to 626."
D2_mixed,medium_product_2010-W26,1,626,C,std,,626.0,Supported_derived,ok,626,626.0,plain,none,sum(Orders_TW)=626,1,"- Units more than doubled (+106.5%) to 14,987, while orders grew 20.4 per cent to 626."
D2_mixed,medium_product_2010-W26,2,41.5%,W,drift,true 38.5%,38.524814559624176,Unsupported,caught,41.5%,41.5,percent,none,,1,"- The top five products generated 41.5% of revenue, or £14.2k."
D2_mixed,medium_product_2010-W26,2,£14.2k,C,std,,14213.06,Supported_derived,ok,£14.2k,14200.0,currency,none,sum_top5(Revenue_TW)=14213.1,1,"- The top five products generated 41.5% of revenue, or £14.2k."
D2_mixed,medium_product_2010-W26,3,3,N,non_measure,not a measurement,,Skipped,ok,3,3.0,plain,none,entity_name,1,"- REGENCY CAKESTAND 3 TIER share slipped to 12.3% from 14.7% LW, down 2.3pp."
D2_mixed,medium_product_2010-W26,3,12.3%,C,std,,12.3,Supported_cell,ok,12.3%,12.3,percent,none,"cell(REGENCY CAKESTAND 3 TIER, Share_Pct)=12.3",1,"- REGENCY CAKESTAND 3 TIER share slipped to 12.3% from 14.7% LW, down 2.3pp."
D2_mixed,medium_product_2010-W26,3,14.7%,C,std,,14.688256068580916,Supported_derived,ok,14.7%,14.7,percent,none,share(REGENCY CAKESTAND 3 TIER.Revenue_LW)=14.6883,1,"- REGENCY CAKESTAND 3 TIER share slipped to 12.3% from 14.7% LW, down 2.3pp."
D2_mixed,medium_product_2010-W26,3,2.3pp,C,outside_library,share change,-2.344294054923134,Supported_derived,ok,2.3pp,-2.3,percent,down,"share_change_pp(REGENCY CAKESTAND 3 TIER.Share_Pct, REGENCY CAKESTAND 3 TIER.Share_LW)=-2.34429",1,"- REGENCY CAKESTAND 3 TIER share slipped to 12.3% from 14.7% LW, down 2.3pp."
D2_mixed,medium_product_2010-W26,4,160.0%,C,std,,160.0,Supported_cell,ok,160.0%,160.0,percent,up,"cell(PAPER BUNTING RETRO SPOTS, WoW_Pct)=160",1,"- PAPER BUNTING RETRO SPOTS revenue rose 160.0% WoW, with units up 241.5%."
D2_mixed,medium_product_2010-W26,4,241.5%,W,drift,true +214.5%,214.49814126394054,Unsupported,caught,241.5%,241.5,percent,up,,1,"- PAPER BUNTING RETRO SPOTS revenue rose 160.0% WoW, with units up 241.5%."
D2_mixed,medium_product_2010-W26,5,8.1x,C,std,,8.081595974119338,Supported_derived,ok,8.1x,8.1,plain,none,"ratio(PAPER CHAIN KIT RETRO SPOT.Revenue_TW, PAPER CHAIN KIT RETRO SPOT.Revenue_LW)=8.0816",1,"- PAPER CHAIN KIT RETRO SPOT: 8.1x LW revenue (£1,573.81 vs £194.74)."
D2_mixed,medium_product_2010-W26,5,"£1,573.81",C,std,,1573.81,Supported_cell,ok,"£1,573.81",1573.81,currency,none,"cell(PAPER CHAIN KIT RETRO SPOT, Revenue_TW)=1573.81",1,"- PAPER CHAIN KIT RETRO SPOT: 8.1x LW revenue (£1,573.81 vs £194.74)."
D2_mixed,medium_product_2010-W26,5,£194.74,C,std,,194.74,Supported_cell,ok,£194.74,194.74,currency,none,"cell(PAPER CHAIN KIT RETRO SPOT, Revenue_LW)=194.74",1,"- PAPER CHAIN KIT RETRO SPOT: 8.1x LW revenue (£1,573.81 vs £194.74)."
D2_mixed,medium_product_2010-W26,6,"9,039.0%",C,std,,9039.0,Supported_cell,ok,"9,039.0%",9039.0,percent,up,"cell(CHILDS BREAKFAST SET DOLLY GIRL, WoW_Pct)=9039",1,"- CHILDS BREAKFAST SET DOLLY GIRL grew 9,039.0% WoW off £9.95; CHILDS BREAKFAST SET SPACEBOY grew 3,144.7% to £986.55."
D2_mixed,medium_product_2010-W26,6,£9.95,C,std,,9.95,Supported_cell,ok,£9.95,9.95,currency,none,"cell(CHILDS BREAKFAST SET DOLLY GIRL, Revenue_LW)=9.95",1,"- CHILDS BREAKFAST SET DOLLY GIRL grew 9,039.0% WoW off £9.95; CHILDS BREAKFAST SET SPACEBOY grew 3,144.7% to £986.55."
D2_mixed,medium_product_2010-W26,6,"3,144.7%",C,std,,3144.7,Supported_cell,ok,"3,144.7%",3144.7,percent,up,"cell(CHILDS BREAKFAST SET SPACEBOY, WoW_Pct)=3144.7",1,"- CHILDS BREAKFAST SET DOLLY GIRL grew 9,039.0% WoW off £9.95; CHILDS BREAKFAST SET SPACEBOY grew 3,144.7% to £986.55."
D2_mixed,medium_product_2010-W26,6,£986.55,W,drift,true 968.55,968.55,Unsupported,caught,£986.55,986.55,currency,none,,1,"- CHILDS BREAKFAST SET DOLLY GIRL grew 9,039.0% WoW off £9.95; CHILDS BREAKFAST SET SPACEBOY grew 3,144.7% to £986.55."
D2_mixed,medium_product_2010-W26,7,+0.3%,C,std,,0.3,Supported_cell,ok,+0.3%,0.3,percent,none,"cell(LUNCH BAG RED SPOTTY, WoW_Pct)=0.3",1,"- LUNCH BAG RED SPOTTY was flat (+0.3% WoW) at £876.99, ranked 25th; VINTAGE UNION JACK BUNTING sold 198 units at an average £8.53, down from £8.87 LW."
D2_mixed,medium_product_2010-W26,7,£876.99,C,std,,876.99,Supported_cell,ok,£876.99,876.99,currency,none,"cell(LUNCH BAG RED SPOTTY, Revenue_TW)=876.99",1,"- LUNCH BAG RED SPOTTY was flat (+0.3% WoW) at £876.99, ranked 25th; VINTAGE UNION JACK BUNTING sold 198 units at an average £8.53, down from £8.87 LW."
D2_mixed,medium_product_2010-W26,7,25th,W,other_row,it is 26th,26.0,Supported_cell,MISS,25th,25.0,count,none,"cell(SKULLS PARTY BAG + STICKER SET, Rank)=25",1,"- LUNCH BAG RED SPOTTY was flat (+0.3% WoW) at £876.99, ranked 25th; VINTAGE UNION JACK BUNTING sold 198 units at an average £8.53, down from £8.87 LW."
D2_mixed,medium_product_2010-W26,7,198,C,std,,198.0,Supported_cell,ok,198,198.0,count,none,"cell(VINTAGE UNION JACK BUNTING, Units_TW)=198",1,"- LUNCH BAG RED SPOTTY was flat (+0.3% WoW) at £876.99, ranked 25th; VINTAGE UNION JACK BUNTING sold 198 units at an average £8.53, down from £8.87 LW."
D2_mixed,medium_product_2010-W26,7,£8.53,C,outside_library,avg price,8.526919191919191,Unsupported,FALSE_ALARM,£8.53,-8.53,currency,down,,1,"- LUNCH BAG RED SPOTTY was flat (+0.3% WoW) at £876.99, ranked 25th; VINTAGE UNION JACK BUNTING sold 198 units at an average £8.53, down from £8.87 LW."
D2_mixed,medium_product_2010-W26,7,£8.87,C,outside_library,avg price LW,8.868695652173912,Supported_derived,ok,£8.87,8.87,currency,none,per_unit(VINTAGE UNION JACK BUNTING.Revenue_LW)=8.8687,1,"- LUNCH BAG RED SPOTTY was flat (+0.3% WoW) at £876.99, ranked 25th; VINTAGE UNION JACK BUNTING sold 198 units at an average £8.53, down from £8.87 LW."
D3_error_heavy,medium_product_2010-W26,0,102.6%,W,drift,true +120.6%,120.61362122391766,Unsupported,caught,102.6%,102.6,percent,up,,1,- Revenue was up 102.6% on last week at £36.9k.
D3_error_heavy,medium_product_2010-W26,0,£36.9k,C,std,,36893.259999999995,Supported_derived,ok,£36.9k,36900.0,currency,none,sum(Revenue_TW)=36893.3,1,- Revenue was up 102.6% on last week at £36.9k.
D3_error_heavy,medium_product_2010-W26,1,26pc,W,drift,true +20.4%,20.384615384615383,Supported_cell,MISS,26pc,26.0,percent,up,"cell(JUMBO BAG PINK WITH WHITE SPOTS, WoW_Pct)=25.6",1,- Orders rose 26pc WoW to 626.
D3_error_heavy,medium_product_2010-W26,1,626,C,std,,626.0,Supported_derived,ok,626,626.0,plain,none,sum(Orders_TW)=626,1,- Orders rose 26pc WoW to 626.
D3_error_heavy,medium_product_2010-W26,2,101.2%,W,direction,it rose 101.2%,101.2,Unsupported,caught,101.2%,-101.2,percent,down,,1,"- JUMBO BAG STRAWBERRY fell 101.2% WoW to £1,544.16."
D3_error_heavy,medium_product_2010-W26,2,"£1,544.16",C,std,,1544.16,Supported_cell,ok,"£1,544.16",1544.16,currency,none,"cell(JUMBO BAG STRAWBERRY, Revenue_TW)=1544.16",1,"- JUMBO BAG STRAWBERRY fell 101.2% WoW to £1,544.16."
D3_error_heavy,medium_product_2010-W26,3,5,N,non_measure,not a measurement,,Skipped,ok,5,5.0,plain,none,entity_name,1,- SET/5 RED SPOTTY LID GLASS BOWLS rose 302.4% to £943.08.
D3_error_heavy,medium_product_2010-W26,3,302.4%,C,std,,302.4,Supported_cell,ok,302.4%,302.4,percent,up,"cell(SET/5 RED SPOTTY LID GLASS BOWLS, WoW_Pct)=302.4",1,- SET/5 RED SPOTTY LID GLASS BOWLS rose 302.4% to £943.08.
D3_error_heavy,medium_product_2010-W26,3,£943.08,W,drift,true 934.08,934.08,Unsupported,caught,£943.08,943.08,currency,none,,1,- SET/5 RED SPOTTY LID GLASS BOWLS rose 302.4% to £943.08.
D3_error_heavy,medium_product_2010-W26,4,812.2%,C,std,,812.2,Supported_cell,ok,812.2%,812.2,percent,up,"cell(RETRO SPORT PARTY BAG + STICKER SET, WoW_Pct)=812.2",1,- RETRO SPORT PARTY BAG + STICKER SET revenue rose 812.2% WoW to £997.20 from £190.32.
D3_error_heavy,medium_product_2010-W26,4,£997.20,C,std,,997.2,Supported_cell,ok,£997.20,997.2,currency,none,"cell(RETRO SPORT PARTY BAG + STICKER SET, Revenue_TW)=997.2",1,- RETRO SPORT PARTY BAG + STICKER SET revenue rose 812.2% WoW to £997.20 from £190.32.
D3_error_heavy,medium_product_2010-W26,4,£190.32,W,drift,true 109.32,109.32,Unsupported,caught,£190.32,190.32,currency,none,,1,- RETRO SPORT PARTY BAG + STICKER SET revenue rose 812.2% WoW to £997.20 from £190.32.
D3_error_heavy,medium_product_2010-W26,5,25.6%,W,direction,it rose 25.6%; direction word 5 tokens back,25.6,Supported_cell,MISS,25.6%,25.6,percent,none,"cell(JUMBO BAG PINK WITH WHITE SPOTS, WoW_Pct)=25.6",1,"- JUMBO BAG PINK WITH WHITE SPOTS saw revenue decline week on week by 25.6% to £1,085.14."
D3_error_heavy,medium_product_2010-W26,5,"£1,085.14",C,std,,1085.14,Supported_cell,ok,"£1,085.14",1085.14,currency,none,"cell(JUMBO BAG PINK WITH WHITE SPOTS, Revenue_TW)=1085.14",1,"- JUMBO BAG PINK WITH WHITE SPOTS saw revenue decline week on week by 25.6% to £1,085.14."
D3_error_heavy,medium_product_2010-W26,6,138.2%,W,metric,138.2 is revenue WoW; units +174.6%,174.6031746031746,Supported_cell,MISS,138.2%,138.2,percent,up,"cell(ASSORTED COLOUR BIRD ORNAMENT, WoW_Pct)=138.2",1,- ASSORTED COLOUR BIRD ORNAMENT units grew 138.2% to 692.
D3_error_heavy,medium_product_2010-W26,6,692,C,std,,692.0,Supported_cell,ok,692,692.0,plain,none,"cell(ASSORTED COLOUR BIRD ORNAMENT, Units_TW)=692",1,- ASSORTED COLOUR BIRD ORNAMENT units grew 138.2% to 692.
D3_error_heavy,medium_product_2010-W26,7,139.0%,C,std,,139.0,Supported_cell,ok,139.0%,139.0,percent,up,"cell(JUMBO  BAG BAROQUE BLACK WHITE, WoW_Pct)=139",1,"- Jumbo Bag Baroque Black White revenue rose 139.0% to £1,131.77."
D3_error_heavy,medium_product_2010-W26,7,"£1,131.77",C,std,,1131.77,Supported_cell,ok,"£1,131.77",1131.77,currency,none,"cell(JUMBO  BAG BAROQUE BLACK WHITE, Revenue_TW)=1131.77",1,"- Jumbo Bag Baroque Black White revenue rose 139.0% to £1,131.77."
A5_error_heavy,small_country_2010-W50,0,£209.5k,W,drift_small,true 208.7k; 0.37% off,208732.56000000003,Supported_derived,MISS,£209.5k,209500.0,currency,none,sum(Revenue_TW)=208733,1,"- Total revenue slipped to £209.5k TW, 19.9% down on the same week LY."
A5_error_heavy,small_country_2010-W50,0,19.9%,W,drift,true -9.9% YoY,-9.940402963106898,Unsupported,caught,19.9%,-19.9,percent,down,,1,"- Total revenue slipped to £209.5k TW, 19.9% down on the same week LY."
A5_error_heavy,small_country_2010-W50,1,£83.9k,W,direction,UK fell by 83.9k,-83931.32999999999,Unsupported,caught,£83.9k,83900.0,currency,up,,1,- UK revenue rose £83.9k WoW to £193.4k.
A5_error_heavy,small_country_2010-W50,1,£193.4k,C,std,,193356.23,Supported_cell,ok,£193.4k,193400.0,currency,none,"cell(United Kingdom, Revenue_TW)=193356",1,- UK revenue rose £83.9k WoW to £193.4k.
A5_error_heavy,small_country_2010-W50,2,4pc,W,drift,true 2.2% share,2.167912854611662,Unsupported,caught,4pc,4.0,percent,none,,1,"- Germany took 4pc of revenue, up from 1.3% LW."
A5_error_heavy,small_country_2010-W50,2,1.3%,C,std,,1.3479159067537325,Supported_derived,ok,1.3%,1.3,percent,none,share(Germany.Revenue_LW)=1.34792,1,"- Germany took 4pc of revenue, up from 1.3% LW."
A5_error_heavy,small_country_2010-W50,3,6.2x,W,drift,true 5.2x,5.202667124542124,Unsupported,caught,6.2x,6.2,plain,none,,1,- Spain revenue was 6.2x LW at £909.01.
A5_error_heavy,small_country_2010-W50,3,£909.01,C,std,,909.01,Supported_cell,ok,£909.01,909.01,currency,none,"cell(Spain, Revenue_TW)=909.01",1,- Spain revenue was 6.2x LW at £909.01.
A5_error_heavy,small_country_2010-W50,4,533,C,std,level after dropped-to-only,533.0,Supported_cell,ok,533,533.0,plain,none,"cell(France, Units_TW)=533",1,"- France units dropped to only 533, from 2,280 LW."
A5_error_heavy,small_country_2010-W50,4,"2,280",C,std,,2280.0,Supported_cell,ok,"2,280",2280.0,plain,none,"cell(France, Units_LW)=2280",1,"- France units dropped to only 533, from 2,280 LW."
A5_error_heavy,small_country_2010-W50,5,3,W,other_row,EIRE is #4; #3 is Sweden,4.0,Supported_cell,MISS,3,3.0,count,none,"cell(Sweden, Rank)=3",1,"- EIRE was the No.3 market with £2,392.28, –26.5% WoW."
A5_error_heavy,small_country_2010-W50,5,"£2,392.28",C,std,,2392.28,Supported_cell,ok,"£2,392.28",2392.28,currency,none,"cell(EIRE, Revenue_TW)=2392.28",1,"- EIRE was the No.3 market with £2,392.28, –26.5% WoW."
A5_error_heavy,small_country_2010-W50,5,–26.5%,W,period,YoY value cited as WoW,-24.9,Supported_cell,MISS,–26.5%,-26.5,percent,none,"cell(EIRE, YoY_Pct)=-26.5",1,"- EIRE was the No.3 market with £2,392.28, –26.5% WoW."
A5_error_heavy,small_country_2010-W50,6,39.2%,W,direction,Finland rose 39.2% YoY,39.2,Unsupported,caught,39.2%,-39.2,percent,down,,1,- Finland posted a 39.2% year-on-year decline.
A5_error_heavy,small_country_2010-W50,7,14.6%,C,std,,-14.563106796116504,Supported_derived,ok,14.6%,-14.6,percent,down,"pct_change(sum(Orders_TW), sum(Orders_LW))=-14.5631",1,"- Orders fell 14.6% WoW to 404, with units down 7.6%."
A5_error_heavy,small_country_2010-W50,7,404,W,drift,true 440,440.0,Unsupported,caught,404,404.0,plain,none,,1,"- Orders fell 14.6% WoW to 404, with units down 7.6%."
A5_error_heavy,small_country_2010-W50,7,7.6%,W,drift,true -6.6%,-6.610536991379461,Unsupported,caught,7.6%,-7.6,percent,down,,1,"- Orders fell 14.6% WoW to 404, with units down 7.6%."
B4_error_heavy,medium_product_2011-W42,0,"GBP 53,823",W,drift,"true 58,323",58323.33,Unsupported,caught,"GBP 53,823",53823.0,currency,none,,1,"- Total revenue came to GBP 53,823, +150.8% WoW."
B4_error_heavy,medium_product_2011-W42,0,+150.8%,C,std,,150.8023324317235,Supported_derived,ok,+150.8%,150.8,percent,none,"pct_change(sum(Revenue_TW), sum(Revenue_LW))=150.802",1,"- Total revenue came to GBP 53,823, +150.8% WoW."
B4_error_heavy,medium_product_2011-W42,1,"£3,735.90",W,drift,"transposed; true 3,753.90",3753.9,Unsupported,caught,"£3,735.90",3735.9,currency,none,,1,"- LANDMARK FRAME OXFORD STREET generated £3,735.90 from 339 units."
B4_error_heavy,medium_product_2011-W42,1,339,C,std,,339.0,Supported_cell,ok,339,339.0,count,none,"cell(LANDMARK FRAME OXFORD STREET, Units_TW)=339",1,"- LANDMARK FRAME OXFORD STREET generated £3,735.90 from 339 units."
B4_error_heavy,medium_product_2011-W42,2,7.2%,C,std,,7.2,Supported_cell,ok,7.2%,7.2,percent,up,"cell(JUMBO BAG RED RETROSPOT, WoW_Pct)=7.2",1,- JUMBO BAG RED RETROSPOT revenue was up 7.2% WoW but units were 10.3% lower.
B4_error_heavy,medium_product_2011-W42,2,10.3%,W,direction,units rose 10.3%,10.348468848996832,Unsupported,caught,10.3%,-10.3,percent,down,,1,- JUMBO BAG RED RETROSPOT revenue was up 7.2% WoW but units were 10.3% lower.
B4_error_heavy,medium_product_2011-W42,3,27.3%,W,drift,true +37.5%,37.5,Unsupported,caught,27.3%,27.3,percent,up,,1,- CHOCOLATE HOT WATER BOTTLE orders rose 27.3% to 33.
B4_error_heavy,medium_product_2011-W42,3,33,C,std,,33.0,Supported_cell,ok,33,33.0,plain,none,"cell(CHOCOLATE HOT WATER BOTTLE, Orders_TW)=33",1,- CHOCOLATE HOT WATER BOTTLE orders rose 27.3% to 33.
B4_error_heavy,medium_product_2011-W42,4,"£1,356.79",C,std,,1356.79,Supported_cell,ok,"£1,356.79",1356.79,currency,none,"cell(DOORMAT KEEP CALM AND COME IN, Revenue_TW)=1356.79",1,"- DOORMAT KEEP CALM AND COME IN: £1,356.79 TW, –43.4% WoW."
B4_error_heavy,medium_product_2011-W42,4,–43.4%,W,drift,true -34.4%,-34.4,Unsupported,caught,–43.4%,-43.4,percent,none,,1,"- DOORMAT KEEP CALM AND COME IN: £1,356.79 TW, –43.4% WoW."
B4_error_heavy,medium_product_2011-W42,5,58.5%,W,period,58.5 is YoY; WoW is +70.6,70.6,Supported_cell,MISS,58.5%,58.5,percent,up,"cell(PARTY BUNTING, YoY_Pct)=58.5",1,"- PARTY BUNTING revenue was 58.5% higher week-on-week at £1,183.85."
B4_error_heavy,medium_product_2011-W42,5,"£1,183.85",C,std,,1183.85,Supported_cell,ok,"£1,183.85",1183.85,currency,none,"cell(PARTY BUNTING, Revenue_TW)=1183.85",1,"- PARTY BUNTING revenue was 58.5% higher week-on-week at £1,183.85."
B4_error_heavy,medium_product_2011-W42,6,88.1%,C,std,,88.1,Supported_cell,ok,88.1%,88.1,percent,up,"cell(ZINC FOLKART SLEIGH BELLS, WoW_Pct)=88.1",1,"- ZINC FOLKART SLEIGH BELLS revenue grew 88.1% WoW, while POPCORN HOLDER units grew 37.1%."
B4_error_heavy,medium_product_2011-W42,6,37.1%,W,drift,true +31.7%,31.674208144796378,Unsupported,caught,37.1%,37.1,percent,up,,1,"- ZINC FOLKART SLEIGH BELLS revenue grew 88.1% WoW, while POPCORN HOLDER units grew 37.1%."
B4_error_heavy,medium_product_2011-W42,7,34.8%,W,direction,YoY is +34.8,34.8,Unsupported,caught,34.8%,-34.8,percent,down,,1,"- WOODEN ADVENT CALENDAR CREAM revenue was down 34.8% YoY at £1,029.22."
B4_error_heavy,medium_product_2011-W42,7,"£1,029.22",C,std,,1029.22,Supported_cell,ok,"£1,029.22",1029.22,currency,none,"cell(WOODEN ADVENT CALENDAR CREAM, Revenue_TW)=1029.22",1,"- WOODEN ADVENT CALENDAR CREAM revenue was down 34.8% YoY at £1,029.22."
C5_error_heavy,large_product_2011-W47,0,£25.8k,W,drift,true -23.8k,-23846.379999999976,Unsupported,caught,£25.8k,-25800.0,currency,down,,1,"- Total revenue was down £25.8k WoW, at £135.3k."
C5_error_heavy,large_product_2011-W47,0,£135.3k,C,std,,135254.11000000002,Supported_derived,ok,£135.3k,135300.0,currency,none,sum(Revenue_TW)=135254,1,"- Total revenue was down £25.8k WoW, at £135.3k."
C5_error_heavy,large_product_2011-W47,1,35,W,drift,true 31,31.0,Supported_cell,MISS,35,35.0,plain,none,"cell(WHITE HANGING HEART T-LIGHT HOLDER, WoW_Pct)=-35",1,- CHILLI LIGHTS orders rose to 35 from 27 LW.
C5_error_heavy,large_product_2011-W47,1,27,C,std,,27.0,Supported_cell,ok,27,27.0,plain,none,"cell(CHILLI LIGHTS, Orders_LW)=27",1,- CHILLI LIGHTS orders rose to 35 from 27 LW.
C5_error_heavy,large_product_2011-W47,2,27.3%,W,drift,true -37.3%,-37.3,Unsupported,caught,27.3%,-27.3,percent,down,,1,"- POPCORN HOLDER revenue fell 27.3% WoW to £2,575.75."
C5_error_heavy,large_product_2011-W47,2,"£2,575.75",C,std,,2575.75,Supported_cell,ok,"£2,575.75",2575.75,currency,none,"cell(POPCORN HOLDER, Revenue_TW)=2575.75",1,"- POPCORN HOLDER revenue fell 27.3% WoW to £2,575.75."
C5_error_heavy,large_product_2011-W47,3,48.1%,C,std,,-48.1,Supported_cell,ok,48.1%,-48.1,percent,down,"cell(HAND WARMER OWL DESIGN, WoW_Pct)=-48.1",1,- HAND WARMER OWL DESIGN revenue fell 48.1% WoW and 26.1% YoY.
C5_error_heavy,large_product_2011-W47,3,26.1%,W,drift,true -62.1% YoY,-62.1,Unsupported,caught,26.1%,26.1,percent,none,,1,- HAND WARMER OWL DESIGN revenue fell 48.1% WoW and 26.1% YoY.
C5_error_heavy,large_product_2011-W47,4,148.0%,W,drift,true +184.0%,184.0,Unsupported,caught,148.0%,148.0,percent,up,,1,"- SPOTTY BUNTING revenue jumped 148.0% WoW to £2,080.54."
C5_error_heavy,large_product_2011-W47,4,"£2,080.54",C,std,,2080.54,Supported_cell,ok,"£2,080.54",2080.54,currency,none,"cell(SPOTTY BUNTING, Revenue_TW)=2080.54",1,"- SPOTTY BUNTING revenue jumped 148.0% WoW to £2,080.54."
C5_error_heavy,large_product_2011-W47,5,56.9%,W,direction,units fell 56.9%,-56.875,Unsupported,caught,56.9%,56.9,percent,up,,1,- LUNCH BAG RED RETROSPOT units were 56.9% higher WoW.
C5_error_heavy,large_product_2011-W47,6,10,N,non_measure,not a measurement,,Skipped,ok,10,10.0,plain,none,entity_name,1,"- CHRISTMAS LIGHTS 10 REINDEER: £624.19 TW, –45.6% WoW, –39.3% YoY."
C5_error_heavy,large_product_2011-W47,6,£624.19,C,std,,624.19,Supported_cell,ok,£624.19,624.19,currency,none,"cell(CHRISTMAS LIGHTS 10 REINDEER, Revenue_TW)=624.19",1,"- CHRISTMAS LIGHTS 10 REINDEER: £624.19 TW, –45.6% WoW, –39.3% YoY."
C5_error_heavy,large_product_2011-W47,6,–45.6%,W,drift,true -54.6%,-54.6,Unsupported,caught,–45.6%,-45.6,percent,none,,1,"- CHRISTMAS LIGHTS 10 REINDEER: £624.19 TW, –45.6% WoW, –39.3% YoY."
C5_error_heavy,large_product_2011-W47,6,–39.3%,C,std,,-39.3,Supported_cell,ok,–39.3%,-39.3,percent,none,"cell(CHRISTMAS LIGHTS 10 REINDEER, YoY_Pct)=-39.3",1,"- CHRISTMAS LIGHTS 10 REINDEER: £624.19 TW, –45.6% WoW, –39.3% YoY."
C5_error_heavy,large_product_2011-W47,7,17,W,drift,true 7,7.0,Supported_derived,MISS,17,17.0,plain,none,units_per_order(WOODEN ADVENT CALENDAR RED.Units_TW)=17.1429,1,- WOODEN ADVENT CALENDAR RED orders fell to 17 from 23; revenue –5.8% WoW.
C5_error_heavy,large_product_2011-W47,7,23,C,std,,23.0,Supported_cell,ok,23,23.0,plain,none,"cell(WOODEN ADVENT CALENDAR RED, Orders_LW)=23",1,- WOODEN ADVENT CALENDAR RED orders fell to 17 from 23; revenue –5.8% WoW.
C5_error_heavy,large_product_2011-W47,7,–5.8%,C,std,,-5.8,Supported_cell,ok,–5.8%,-5.8,percent,none,"cell(WOODEN ADVENT CALENDAR RED, WoW_Pct)=-5.8",1,- WOODEN ADVENT CALENDAR RED orders fell to 17 from 23; revenue –5.8% WoW.
