note_id,table_id,size,entity_type,strategy,model,repeat,line_idx,entity,metric,period,value_text,direction,qualifier,adjusted,label,evidence
large_product_2010-W04__S1__mock__r1,large_product_2010-W04,large,product,S1,mock,1,0,WHITE HANGING HEART T-LIGHT HOLDER,revenue,TW,£3.7k,none,none,,Correct,WHITE HANGING HEART T-LIGHT HOLDER.Revenue_TW=3740.98
large_product_2010-W04__S1__mock__r1,large_product_2010-W04,large,product,S1,mock,1,0,WHITE HANGING HEART T-LIGHT HOLDER,share,TW,6.1%,none,none,,Correct,WHITE HANGING HEART T-LIGHT HOLDER.Share_Pct=6.1
large_product_2010-W04__S1__mock__r1,large_product_2010-W04,large,product,S1,mock,1,1,WHITE HANGING HEART T-LIGHT HOLDER,revenue,WoW,1.4%,down,none,,Correct,WHITE HANGING HEART T-LIGHT HOLDER.Revenue_WoW_Pct=-1.36549
large_product_2010-W04__S1__mock__r1,large_product_2010-W04,large,product,S1,mock,1,1,WHITE HANGING HEART T-LIGHT HOLDER,revenue,LW,"£3,792.77",none,none,,Correct,WHITE HANGING HEART T-LIGHT HOLDER.Revenue_LW=3792.77
large_product_2010-W04__S1__mock__r1,large_product_2010-W04,large,product,S1,mock,1,2,RED HANGING HEART T-LIGHT HOLDER,rank,TW,2nd,none,none,,Correct,RED HANGING HEART T-LIGHT HOLDER.Rank=2
large_product_2010-W04__S1__mock__r1,large_product_2010-W04,large,product,S1,mock,1,2,RED HANGING HEART T-LIGHT HOLDER,revenue,TW,"£1,807.91",none,none,,Correct,RED HANGING HEART T-LIGHT HOLDER.Revenue_TW=1807.91
large_product_2010-W04__S1__mock__r1,large_product_2010-W04,large,product,S1,mock,1,3,CHERRY DESIGN PAPERLANTERNS,revenue,WoW,16649.8%,up,none,,Wrong_value,CHERRY DESIGN PAPERLANTERNS.Revenue_WoW_Pct=14999.8
large_product_2010-W04__S1__mock__r1,large_product_2010-W04,large,product,S1,mock,1,3,CHERRY DESIGN PAPERLANTERNS,revenue,TW,£635.70,none,none,,Correct,CHERRY DESIGN PAPERLANTERNS.Revenue_TW=635.7
large_product_2010-W04__S1__mock__r1,large_product_2010-W04,large,product,S1,mock,1,4,KENSINGTON COFFEE SET,revenue,WoW,83.6%,down,none,,Wrong_value,KENSINGTON COFFEE SET.Revenue_WoW_Pct=-78.9305
large_product_2010-W04__S1__mock__r1,large_product_2010-W04,large,product,S1,mock,1,4,KENSINGTON COFFEE SET,revenue,TW,"£1,632.90",none,none,,Correct,KENSINGTON COFFEE SET.Revenue_TW=1632.9
large_product_2010-W04__S1__mock__r1,large_product_2010-W04,large,product,S1,mock,1,5,WHITE HANGING HEART T-LIGHT HOLDER,units,TW,"1,313",none,none,,Wrong_value,WHITE HANGING HEART T-LIGHT HOLDER.Units_TW=1382
large_product_2010-W04__S1__mock__r1,large_product_2010-W04,large,product,S1,mock,1,5,WHITE HANGING HEART T-LIGHT HOLDER,units,LW,"1,403",none,none,,Correct,WHITE HANGING HEART T-LIGHT HOLDER.Units_LW=1403
large_product_2010-W04__S1__mock__r1,large_product_2010-W04,large,product,S1,mock,1,6,WHITE HANGING HEART T-LIGHT HOLDER,orders,TW,79,none,none,,Correct,WHITE HANGING HEART T-LIGHT HOLDER.Orders_TW=79
large_product_2010-W04__S1__mock__r1,large_product_2010-W04,large,product,S1,mock,1,6,WHITE HANGING HEART T-LIGHT HOLDER,orders,LW,66,none,none,,Correct,WHITE HANGING HEART T-LIGHT HOLDER.Orders_LW=66
large_product_2010-W04__S1__mock__r1,large_product_2010-W04,large,product,S1,mock,1,7,TOTAL,revenue,TW,£61.8k,none,none,,Correct,TOTAL.Revenue_TW=61756.5
large_product_2010-W04__S1__mock__r1,large_product_2010-W04,large,product,S1,mock,1,7,TOTAL,revenue,WoW,46.0%,up,none,,Correct,TOTAL.Revenue_WoW_Pct=46.0134
large_product_2010-W04__S1__mock__r2,large_product_2010-W04,large,product,S1,mock,2,0,WHITE HANGING HEART T-LIGHT HOLDER,revenue,TW,£3.7k,none,none,,Correct,WHITE HANGING HEART T-LIGHT HOLDER.Revenue_TW=3740.98
large_product_2010-W04__S1__mock__r2,large_product_2010-W04,large,product,S1,mock,2,0,WHITE HANGING HEART T-LIGHT HOLDER,share,TW,6.1%,none,none,,Correct,WHITE HANGING HEART T-LIGHT HOLDER.Share_Pct=6.1
large_product_2010-W04__S1__mock__r2,large_product_2010-W04,large,product,S1,mock,2,1,WHITE HANGING HEART T-LIGHT HOLDER,revenue,WoW,1.4%,down,none,,Correct,WHITE HANGING HEART T-LIGHT HOLDER.Revenue_WoW_Pct=-1.36549
large_product_2010-W04__S1__mock__r2,large_product_2010-W04,large,product,S1,mock,2,1,WHITE HANGING HEART T-LIGHT HOLDER,revenue,LW,"£3,792.77",none,none,,Correct,WHITE HANGING HEART T-LIGHT HOLDER.Revenue_LW=3792.77
large_product_2010-W04__S1__mock__r2,large_product_2010-W04,large,product,S1,mock,2,2,RED HANGING HEART T-LIGHT HOLDER,rank,TW,2nd,none,none,,Correct,RED HANGING HEART T-LIGHT HOLDER.Rank=2
large_product_2010-W04__S1__mock__r2,large_product_2010-W04,large,product,S1,mock,2,2,RED HANGING HEART T-LIGHT HOLDER,revenue,TW,"£1,807.91",none,none,,Correct,RED HANGING HEART T-LIGHT HOLDER.Revenue_TW=1807.91
large_product_2010-W04__S1__mock__r2,large_product_2010-W04,large,product,S1,mock,2,3,CHERRY DESIGN PAPERLANTERNS,revenue,WoW,14999.8%,up,none,,Correct,CHERRY DESIGN PAPERLANTERNS.Revenue_WoW_Pct=14999.8
large_product_2010-W04__S1__mock__r2,large_product_2010-W04,large,product,S1,mock,2,3,CHERRY DESIGN PAPERLANTERNS,revenue,TW,£635.70,none,none,,Correct,CHERRY DESIGN PAPERLANTERNS.Revenue_TW=635.7
large_product_2010-W04__S1__mock__r2,large_product_2010-W04,large,product,S1,mock,2,4,KENSINGTON COFFEE SET,revenue,WoW,78.9%,down,none,,Correct,KENSINGTON COFFEE SET.Revenue_WoW_Pct=-78.9305
large_product_2010-W04__S1__mock__r2,large_product_2010-W04,large,product,S1,mock,2,4,KENSINGTON COFFEE SET,revenue,TW,£417.21,none,none,,Wrong_entity,value belongs to CHOCOLATE HOT WATER BOTTLE.Revenue_TW=417.21; claimed KENSINGTON COFFEE SET
large_product_2010-W04__S1__mock__r2,large_product_2010-W04,large,product,S1,mock,2,5,WHITE HANGING HEART T-LIGHT HOLDER,units,TW,"1,534",none,none,,Wrong_value,WHITE HANGING HEART T-LIGHT HOLDER.Units_TW=1382
large_product_2010-W04__S1__mock__r2,large_product_2010-W04,large,product,S1,mock,2,5,WHITE HANGING HEART T-LIGHT HOLDER,units,LW,"1,557",none,none,,Wrong_value,WHITE HANGING HEART T-LIGHT HOLDER.Units_LW=1403
large_product_2010-W04__S1__mock__r2,large_product_2010-W04,large,product,S1,mock,2,6,WHITE HANGING HEART T-LIGHT HOLDER,orders,TW,79,none,none,,Correct,WHITE HANGING HEART T-LIGHT HOLDER.Orders_TW=79
large_product_2010-W04__S1__mock__r2,large_product_2010-W04,large,product,S1,mock,2,6,WHITE HANGING HEART T-LIGHT HOLDER,orders,LW,66,none,none,,Correct,WHITE HANGING HEART T-LIGHT HOLDER.Orders_LW=66
large_product_2010-W04__S1__mock__r2,large_product_2010-W04,large,product,S1,mock,2,7,TOTAL,revenue,TW,£68.5k,none,none,,Wrong_value,TOTAL.Revenue_TW=61756.5
large_product_2010-W04__S1__mock__r2,large_product_2010-W04,large,product,S1,mock,2,7,TOTAL,revenue,WoW,46.0%,up,none,,Correct,TOTAL.Revenue_WoW_Pct=46.0134
large_product_2010-W04__S2__mock__r1,large_product_2010-W04,large,product,S2,mock,1,0,TOTAL,revenue,TW,"£61,756.48",none,none,,Correct,TOTAL.Revenue_TW=61756.5
large_product_2010-W04__S2__mock__r1,large_product_2010-W04,large,product,S2,mock,1,1,TOTAL,revenue,WoW,46.0%,up,none,,Correct,TOTAL.Revenue_WoW_Pct=46.0134
large_product_2010-W04__S2__mock__r1,large_product_2010-W04,large,product,S2,mock,1,2,WHITE HANGING HEART T-LIGHT HOLDER,revenue,TW,"£3,740.98",none,none,,Correct,WHITE HANGING HEART T-LIGHT HOLDER.Revenue_TW=3740.98
large_product_2010-W04__S2__mock__r1,large_product_2010-W04,large,product,S2,mock,1,3,WHITE HANGING HEART T-LIGHT HOLDER,share,TW,6.1%,none,none,,Correct,WHITE HANGING HEART T-LIGHT HOLDER.Share_Pct=6.1
large_product_2010-W04__S2__mock__r1,large_product_2010-W04,large,product,S2,mock,1,4,WHITE HANGING HEART T-LIGHT HOLDER,revenue,WoW,1.4%,down,none,,Correct,WHITE HANGING HEART T-LIGHT HOLDER.Revenue_WoW_Pct=-1.36549
large_product_2010-W04__S2__mock__r1,large_product_2010-W04,large,product,S2,mock,1,5,RED HANGING HEART T-LIGHT HOLDER,revenue,TW,"£1,807.91",none,none,,Correct,RED HANGING HEART T-LIGHT HOLDER.Revenue_TW=1807.91
large_product_2010-W04__S2__mock__r1,large_product_2010-W04,large,product,S2,mock,1,6,RED HANGING HEART T-LIGHT HOLDER,share,TW,2.9%,none,none,,Correct,RED HANGING HEART T-LIGHT HOLDER.Share_Pct=2.9
large_product_2010-W04__S2__mock__r1,large_product_2010-W04,large,product,S2,mock,1,7,RED HANGING HEART T-LIGHT HOLDER,revenue,WoW,119.9%,up,none,,Correct,RED HANGING HEART T-LIGHT HOLDER.Revenue_WoW_Pct=119.94
large_product_2010-W04__S2__mock__r2,large_product_2010-W04,large,product,S2,mock,2,0,TOTAL,revenue,TW,"£61,756.48",none,none,,Correct,TOTAL.Revenue_TW=61756.5
large_product_2010-W04__S2__mock__r2,large_product_2010-W04,large,product,S2,mock,2,1,TOTAL,revenue,WoW,46.0%,up,none,,Correct,TOTAL.Revenue_WoW_Pct=46.0134
large_product_2010-W04__S2__mock__r2,large_product_2010-W04,large,product,S2,mock,2,2,WHITE HANGING HEART T-LIGHT HOLDER,revenue,TW,"£3,740.98",none,none,,Correct,WHITE HANGING HEART T-LIGHT HOLDER.Revenue_TW=3740.98
large_product_2010-W04__S2__mock__r2,large_product_2010-W04,large,product,S2,mock,2,3,WHITE HANGING HEART T-LIGHT HOLDER,share,TW,6.1%,none,none,,Correct,WHITE HANGING HEART T-LIGHT HOLDER.Share_Pct=6.1
large_product_2010-W04__S2__mock__r2,large_product_2010-W04,large,product,S2,mock,2,4,WHITE HANGING HEART T-LIGHT HOLDER,revenue,WoW,1.4%,down,none,,Correct,WHITE HANGING HEART T-LIGHT HOLDER.Revenue_WoW_Pct=-1.36549
large_product_2010-W04__S2__mock__r2,large_product_2010-W04,large,product,S2,mock,2,5,RED HANGING HEART T-LIGHT HOLDER,revenue,TW,"£1,807.91",none,none,,Correct,RED HANGING HEART T-LIGHT HOLDER.Revenue_TW=1807.91
large_product_2010-W04__S2__mock__r2,large_product_2010-W04,large,product,S2,mock,2,6,RED HANGING HEART T-LIGHT HOLDER,share,TW,2.9%,none,none,,Correct,RED HANGING HEART T-LIGHT HOLDER.Share_Pct=2.9
large_product_2010-W04__S2__mock__r2,large_product_2010-W04,large,product,S2,mock,2,7,RED HANGING HEART T-LIGHT HOLDER,revenue,WoW,127.1%,up,none,,Wrong_value,RED HANGING HEART T-LIGHT HOLDER.Revenue_WoW_Pct=119.94
large_product_2010-W04__S3__mock__r1,large_product_2010-W04,large,product,S3,mock,1,0,WHITE HANGING HEART T-LIGHT HOLDER,revenue,TW,£3.7k,none,none,,Correct,WHITE HANGING HEART T-LIGHT HOLDER.Revenue_TW=3740.98
large_product_2010-W04__S3__mock__r1,large_product_2010-W04,large,product,S3,mock,1,0,WHITE HANGING HEART T-LIGHT HOLDER,share,TW,6.1%,none,none,,Correct,WHITE HANGING HEART T-LIGHT HOLDER.Share_Pct=6.1
large_product_2010-W04__S3__mock__r1,large_product_2010-W04,large,product,S3,mock,1,1,WHITE HANGING HEART T-LIGHT HOLDER,revenue,WoW,1.4%,down,none,,Correct,WHITE HANGING HEART T-LIGHT HOLDER.Revenue_WoW_Pct=-1.36549
large_product_2010-W04__S3__mock__r1,large_product_2010-W04,large,product,S3,mock,1,1,WHITE HANGING HEART T-LIGHT HOLDER,revenue,LW,"£3,792.77",none,none,,Correct,WHITE HANGING HEART T-LIGHT HOLDER.Revenue_LW=3792.77
large_product_2010-W04__S3__mock__r1,large_product_2010-W04,large,product,S3,mock,1,2,RED HANGING HEART T-LIGHT HOLDER,rank,TW,2nd,none,none,,Correct,RED HANGING HEART T-LIGHT HOLDER.Rank=2
large_product_2010-W04__S3__mock__r1,large_product_2010-W04,large,product,S3,mock,1,2,RED HANGING HEART T-LIGHT HOLDER,revenue,TW,"£1,807.91",none,none,,Correct,RED HANGING HEART T-LIGHT HOLDER.Revenue_TW=1807.91
large_product_2010-W04__S3__mock__r1,large_product_2010-W04,large,product,S3,mock,1,3,CHERRY DESIGN PAPERLANTERNS,revenue,WoW,14999.8%,up,none,,Correct,CHERRY DESIGN PAPERLANTERNS.Revenue_WoW_Pct=14999.8
large_product_2010-W04__S3__mock__r1,large_product_2010-W04,large,product,S3,mock,1,3,CHERRY DESIGN PAPERLANTERNS,revenue,TW,£635.70,none,none,,Correct,CHERRY DESIGN PAPERLANTERNS.Revenue_TW=635.7
large_product_2010-W04__S3__mock__r1,large_product_2010-W04,large,product,S3,mock,1,4,KENSINGTON COFFEE SET,revenue,WoW,78.9%,down,none,,Correct,KENSINGTON COFFEE SET.Revenue_WoW_Pct=-78.9305
large_product_2010-W04__S3__mock__r1,large_product_2010-W04,large,product,S3,mock,1,4,KENSINGTON COFFEE SET,revenue,TW,"£1,632.90",none,none,,Correct,KENSINGTON COFFEE SET.Revenue_TW=1632.9
large_product_2010-W04__S3__mock__r1,large_product_2010-W04,large,product,S3,mock,1,5,WHITE HANGING HEART T-LIGHT HOLDER,units,TW,"1,382",none,none,,Correct,WHITE HANGING HEART T-LIGHT HOLDER.Units_TW=1382
large_product_2010-W04__S3__mock__r1,large_product_2010-W04,large,product,S3,mock,1,5,WHITE HANGING HEART T-LIGHT HOLDER,units,LW,"1,403",none,none,,Correct,WHITE HANGING HEART T-LIGHT HOLDER.Units_LW=1403
large_product_2010-W04__S3__mock__r1,large_product_2010-W04,large,product,S3,mock,1,6,WHITE HANGING HEART T-LIGHT HOLDER,orders,TW,79,none,none,,Correct,WHITE HANGING HEART T-LIGHT HOLDER.Orders_TW=79
large_product_2010-W04__S3__mock__r1,large_product_2010-W04,large,product,S3,mock,1,6,WHITE HANGING HEART T-LIGHT HOLDER,orders,LW,66,none,none,,Correct,WHITE HANGING HEART T-LIGHT HOLDER.Orders_LW=66
large_product_2010-W04__S3__mock__r1,large_product_2010-W04,large,product,S3,mock,1,7,TOTAL,revenue,TW,£61.8k,none,none,,Correct,TOTAL.Revenue_TW=61756.5
large_product_2010-W04__S3__mock__r1,large_product_2010-W04,large,product,S3,mock,1,7,TOTAL,revenue,WoW,46.0%,up,none,,Correct,TOTAL.Revenue_WoW_Pct=46.0134
large_product_2010-W04__S3__mock__r2,large_product_2010-W04,large,product,S3,mock,2,0,WHITE HANGING HEART T-LIGHT HOLDER,revenue,TW,£3.7k,none,none,,Correct,WHITE HANGING HEART T-LIGHT HOLDER.Revenue_TW=3740.98
large_product_2010-W04__S3__mock__r2,large_product_2010-W04,large,product,S3,mock,2,0,WHITE HANGING HEART T-LIGHT HOLDER,share,TW,6.1%,none,none,,Correct,WHITE HANGING HEART T-LIGHT HOLDER.Share_Pct=6.1
large_product_2010-W04__S3__mock__r2,large_product_2010-W04,large,product,S3,mock,2,1,WHITE HANGING HEART T-LIGHT HOLDER,revenue,WoW,1.4%,down,none,,Correct,WHITE HANGING HEART T-LIGHT HOLDER.Revenue_WoW_Pct=-1.36549
large_product_2010-W04__S3__mock__r2,large_product_2010-W04,large,product,S3,mock,2,1,WHITE HANGING HEART T-LIGHT HOLDER,revenue,LW,"£3,792.77",none,none,,Correct,WHITE HANGING HEART T-LIGHT HOLDER.Revenue_LW=3792.77
large_product_2010-W04__S3__mock__r2,large_product_2010-W04,large,product,S3,mock,2,2,RED HANGING HEART T-LIGHT HOLDER,rank,TW,2nd,none,none,,Correct,RED HANGING HEART T-LIGHT HOLDER.Rank=2
large_product_2010-W04__S3__mock__r2,large_product_2010-W04,large,product,S3,mock,2,2,RED HANGING HEART T-LIGHT HOLDER,revenue,TW,"£1,807.91",none,none,,Correct,RED HANGING HEART T-LIGHT HOLDER.Revenue_TW=1807.91
large_product_2010-W04__S3__mock__r2,large_product_2010-W04,large,product,S3,mock,2,3,CHERRY DESIGN PAPERLANTERNS,revenue,WoW,14999.8%,up,none,,Correct,CHERRY DESIGN PAPERLANTERNS.Revenue_WoW_Pct=14999.8
large_product_2010-W04__S3__mock__r2,large_product_2010-W04,large,product,S3,mock,2,3,CHERRY DESIGN PAPERLANTERNS,revenue,TW,£635.70,none,none,,Correct,CHERRY DESIGN PAPERLANTERNS.Revenue_TW=635.7
large_product_2010-W04__S3__mock__r2,large_product_2010-W04,large,product,S3,mock,2,4,KENSINGTON COFFEE SET,revenue,WoW,78.9%,down,none,,Correct,KENSINGTON COFFEE SET.Revenue_WoW_Pct=-78.9305
large_product_2010-W04__S3__mock__r2,large_product_2010-W04,large,product,S3,mock,2,4,KENSINGTON COFFEE SET,revenue,TW,£417.21,none,none,,Wrong_entity,value belongs to CHOCOLATE HOT WATER BOTTLE.Revenue_TW=417.21; claimed KENSINGTON COFFEE SET
large_product_2010-W04__S3__mock__r2,large_product_2010-W04,large,product,S3,mock,2,5,WHITE HANGING HEART T-LIGHT HOLDER,units,TW,"1,382",none,none,,Correct,WHITE HANGING HEART T-LIGHT HOLDER.Units_TW=1382
large_product_2010-W04__S3__mock__r2,large_product_2010-W04,large,product,S3,mock,2,5,WHITE HANGING HEART T-LIGHT HOLDER,units,LW,"1,403",none,none,,Correct,WHITE HANGING HEART T-LIGHT HOLDER.Units_LW=1403
large_product_2010-W04__S3__mock__r2,large_product_2010-W04,large,product,S3,mock,2,6,WHITE HANGING HEART T-LIGHT HOLDER,orders,TW,79,none,none,,Correct,WHITE HANGING HEART T-LIGHT HOLDER.Orders_TW=79
large_product_2010-W04__S3__mock__r2,large_product_2010-W04,large,product,S3,mock,2,6,WHITE HANGING HEART T-LIGHT HOLDER,orders,LW,66,none,none,,Correct,WHITE HANGING HEART T-LIGHT HOLDER.Orders_LW=66
large_product_2010-W04__S3__mock__r2,large_product_2010-W04,large,product,S3,mock,2,7,TOTAL,revenue,TW,£61.8k,none,none,,Correct,TOTAL.Revenue_TW=61756.5
large_product_2010-W04__S3__mock__r2,large_product_2010-W04,large,product,S3,mock,2,7,TOTAL,revenue,WoW,46.0%,up,none,,Correct,TOTAL.Revenue_WoW_Pct=46.0134
large_product_2010-W04__S4__mock__r1,large_product_2010-W04,large,product,S4,mock,1,0,TOTAL,revenue,TW,"£61,756.48",none,none,,Correct,TOTAL.Revenue_TW=61756.5
large_product_2010-W04__S4__mock__r1,large_product_2010-W04,large,product,S4,mock,1,0,TOTAL,revenue,LW,"£42,295.08",none,none,,Correct,TOTAL.Revenue_LW=42295.1
large_product_2010-W04__S4__mock__r1,large_product_2010-W04,large,product,S4,mock,1,0,TOTAL,revenue,WoW,+49.2%,none,none,,Wrong_value,TOTAL.Revenue_WoW_Pct=46.0134
large_product_2010-W04__S4__mock__r1,large_product_2010-W04,large,product,S4,mock,1,1,WHITE HANGING HEART T-LIGHT HOLDER,rank,TW,1,none,none,,Correct,WHITE HANGING HEART T-LIGHT HOLDER.Rank=1
large_product_2010-W04__S4__mock__r1,large_product_2010-W04,large,product,S4,mock,1,1,WHITE HANGING HEART T-LIGHT HOLDER,revenue,TW,"£3,740.98",none,none,,Correct,WHITE HANGING HEART T-LIGHT HOLDER.Revenue_TW=3740.98
large_product_2010-W04__S4__mock__r1,large_product_2010-W04,large,product,S4,mock,1,1,WHITE HANGING HEART T-LIGHT HOLDER,share,TW,6.1%,none,none,,Correct,WHITE HANGING HEART T-LIGHT HOLDER.Share_Pct=6.1
large_product_2010-W04__S4__mock__r1,large_product_2010-W04,large,product,S4,mock,1,1,WHITE HANGING HEART T-LIGHT HOLDER,revenue,WoW,-1.4%,none,none,,Correct,WHITE HANGING HEART T-LIGHT HOLDER.Revenue_WoW_Pct=-1.36549
large_product_2010-W04__S4__mock__r1,large_product_2010-W04,large,product,S4,mock,1,2,RED HANGING HEART T-LIGHT HOLDER,rank,TW,2,none,none,,Correct,RED HANGING HEART T-LIGHT HOLDER.Rank=2
large_product_2010-W04__S4__mock__r1,large_product_2010-W04,large,product,S4,mock,1,2,RED HANGING HEART T-LIGHT HOLDER,revenue,TW,"£1,807.91",none,none,,Correct,RED HANGING HEART T-LIGHT HOLDER.Revenue_TW=1807.91
large_product_2010-W04__S4__mock__r1,large_product_2010-W04,large,product,S4,mock,1,2,RED HANGING HEART T-LIGHT HOLDER,share,TW,2.9%,none,none,,Correct,RED HANGING HEART T-LIGHT HOLDER.Share_Pct=2.9
large_product_2010-W04__S4__mock__r1,large_product_2010-W04,large,product,S4,mock,1,2,RED HANGING HEART T-LIGHT HOLDER,revenue,WoW,+119.9%,none,none,,Correct,RED HANGING HEART T-LIGHT HOLDER.Revenue_WoW_Pct=119.94
large_product_2010-W04__S4__mock__r1,large_product_2010-W04,large,product,S4,mock,1,3,SET/3 RUSSIAN DOLL STACKING TINS,rank,TW,3,none,none,,Correct,SET/3 RUSSIAN DOLL STACKING TINS.Rank=3
large_product_2010-W04__S4__mock__r1,large_product_2010-W04,large,product,S4,mock,1,3,SET/3 RUSSIAN DOLL STACKING TINS,revenue,TW,"£1,718.73",none,none,,Correct,SET/3 RUSSIAN DOLL STACKING TINS.Revenue_TW=1718.73
large_product_2010-W04__S4__mock__r1,large_product_2010-W04,large,product,S4,mock,1,3,SET/3 RUSSIAN DOLL STACKING TINS,share,TW,2.8%,none,none,,Correct,SET/3 RUSSIAN DOLL STACKING TINS.Share_Pct=2.8
large_product_2010-W04__S4__mock__r1,large_product_2010-W04,large,product,S4,mock,1,3,SET/3 RUSSIAN DOLL STACKING TINS,revenue,WoW,+975.9%,none,none,,Correct,SET/3 RUSSIAN DOLL STACKING TINS.Revenue_WoW_Pct=975.887
large_product_2010-W04__S4__mock__r1,large_product_2010-W04,large,product,S4,mock,1,4,CHERRY DESIGN PAPERLANTERNS,revenue,WoW,+14999.8%,none,none,,Correct,CHERRY DESIGN PAPERLANTERNS.Revenue_WoW_Pct=14999.8
large_product_2010-W04__S4__mock__r1,large_product_2010-W04,large,product,S4,mock,1,4,CHERRY DESIGN PAPERLANTERNS,revenue,TW,£635.70,none,none,,Correct,CHERRY DESIGN PAPERLANTERNS.Revenue_TW=635.7
large_product_2010-W04__S4__mock__r1,large_product_2010-W04,large,product,S4,mock,1,4,CHERRY DESIGN PAPERLANTERNS,revenue,LW,£4.21,none,none,,Correct,CHERRY DESIGN PAPERLANTERNS.Revenue_LW=4.21
large_product_2010-W04__S4__mock__r1,large_product_2010-W04,large,product,S4,mock,1,5,KENSINGTON COFFEE SET,revenue,WoW,-78.9%,none,none,,Correct,KENSINGTON COFFEE SET.Revenue_WoW_Pct=-78.9305
large_product_2010-W04__S4__mock__r1,large_product_2010-W04,large,product,S4,mock,1,5,KENSINGTON COFFEE SET,revenue,TW,"£1,632.90",none,none,,Correct,KENSINGTON COFFEE SET.Revenue_TW=1632.9
large_product_2010-W04__S4__mock__r1,large_product_2010-W04,large,product,S4,mock,1,5,KENSINGTON COFFEE SET,revenue,LW,"£7,750.05",none,none,,Correct,KENSINGTON COFFEE SET.Revenue_LW=7750.05
large_product_2010-W04__S4__mock__r1,large_product_2010-W04,large,product,S4,mock,1,6,WHITE HANGING HEART T-LIGHT HOLDER,orders,TW,79,none,none,,Correct,WHITE HANGING HEART T-LIGHT HOLDER.Orders_TW=79
large_product_2010-W04__S4__mock__r1,large_product_2010-W04,large,product,S4,mock,1,6,WHITE HANGING HEART T-LIGHT HOLDER,orders,LW,66,none,none,,Correct,WHITE HANGING HEART T-LIGHT HOLDER.Orders_LW=66
large_product_2010-W04__S4__mock__r2,large_product_2010-W04,large,product,S4,mock,2,0,TOTAL,revenue,TW,"£61,756.48",none,none,,Correct,TOTAL.Revenue_TW=61756.5
large_product_2010-W04__S4__mock__r2,large_product_2010-W04,large,product,S4,mock,2,0,TOTAL,revenue,LW,"£42,295.08",none,none,,Correct,TOTAL.Revenue_LW=42295.1
large_product_2010-W04__S4__mock__r2,large_product_2010-W04,large,product,S4,mock,2,0,TOTAL,revenue,WoW,+46.0%,none,none,,Correct,TOTAL.Revenue_WoW_Pct=46.0134
large_product_2010-W04__S4__mock__r2,large_product_2010-W04,large,product,S4,mock,2,1,WHITE HANGING HEART T-LIGHT HOLDER,rank,TW,1,none,none,,Correct,WHITE HANGING HEART T-LIGHT HOLDER.Rank=1
large_product_2010-W04__S4__mock__r2,large_product_2010-W04,large,product,S4,mock,2,1,WHITE HANGING HEART T-LIGHT HOLDER,revenue,TW,"£3,740.98",none,none,,Correct,WHITE HANGING HEART T-LIGHT HOLDER.Revenue_TW=3740.98
large_product_2010-W04__S4__mock__r2,large_product_2010-W04,large,product,S4,mock,2,1,WHITE HANGING HEART T-LIGHT HOLDER,share,TW,6.1%,none,none,,Correct,WHITE HANGING HEART T-LIGHT HOLDER.Share_Pct=6.1
large_product_2010-W04__S4__mock__r2,large_product_2010-W04,large,product,S4,mock,2,1,WHITE HANGING HEART T-LIGHT HOLDER,revenue,WoW,-1.4%,none,none,,Correct,WHITE HANGING HEART T-LIGHT HOLDER.Revenue_WoW_Pct=-1.36549
large_product_2010-W04__S4__mock__r2,large_product_2010-W04,large,product,S4,mock,2,2,RED HANGING HEART T-LIGHT HOLDER,rank,TW,2,none,none,,Correct,RED HANGING HEART T-LIGHT HOLDER.Rank=2
large_product_2010-W04__S4__mock__r2,large_product_2010-W04,large,product,S4,mock,2,2,RED HANGING HEART T-LIGHT HOLDER,revenue,TW,"£1,807.91",none,none,,Correct,RED HANGING HEART T-LIGHT HOLDER.Revenue_TW=1807.91
large_product_2010-W04__S4__mock__r2,large_product_2010-W04,large,product,S4,mock,2,2,RED HANGING HEART T-LIGHT HOLDER,share,TW,2.9%,none,none,,Correct,RED HANGING HEART T-LIGHT HOLDER.Share_Pct=2.9
large_product_2010-W04__S4__mock__r2,large_product_2010-W04,large,product,S4,mock,2,2,RED HANGING HEART T-LIGHT HOLDER,revenue,WoW,+119.9%,none,none,,Correct,RED HANGING HEART T-LIGHT HOLDER.Revenue_WoW_Pct=119.94
large_product_2010-W04__S4__mock__r2,large_product_2010-W04,large,product,S4,mock,2,3,SET/3 RUSSIAN DOLL STACKING TINS,rank,TW,3,none,none,,Correct,SET/3 RUSSIAN DOLL STACKING TINS.Rank=3
large_product_2010-W04__S4__mock__r2,large_product_2010-W04,large,product,S4,mock,2,3,SET/3 RUSSIAN DOLL STACKING TINS,revenue,TW,"£1,718.73",none,none,,Correct,SET/3 RUSSIAN DOLL STACKING TINS.Revenue_TW=1718.73
large_product_2010-W04__S4__mock__r2,large_product_2010-W04,large,product,S4,mock,2,3,SET/3 RUSSIAN DOLL STACKING TINS,share,TW,2.8%,none,none,,Correct,SET/3 RUSSIAN DOLL STACKING TINS.Share_Pct=2.8
large_product_2010-W04__S4__mock__r2,large_product_2010-W04,large,product,S4,mock,2,3,SET/3 RUSSIAN DOLL STACKING TINS,revenue,WoW,+975.9%,none,none,,Correct,SET/3 RUSSIAN DOLL STACKING TINS.Revenue_WoW_Pct=975.887
large_product_2010-W04__S4__mock__r2,large_product_2010-W04,large,product,S4,mock,2,4,CHERRY DESIGN PAPERLANTERNS,revenue,WoW,+14999.8%,none,none,,Correct,CHERRY DESIGN PAPERLANTERNS.Revenue_WoW_Pct=14999.8
large_product_2010-W04__S4__mock__r2,large_product_2010-W04,large,product,S4,mock,2,4,CHERRY DESIGN PAPERLANTERNS,revenue,TW,£635.70,none,none,,Correct,CHERRY DESIGN PAPERLANTERNS.Revenue_TW=635.7
large_product_2010-W04__S4__mock__r2,large_product_2010-W04,large,product,S4,mock,2,4,CHERRY DESIGN PAPERLANTERNS,revenue,LW,£4.21,none,none,,Correct,CHERRY DESIGN PAPERLANTERNS.Revenue_LW=4.21
large_product_2010-W04__S4__mock__r2,large_product_2010-W04,large,product,S4,mock,2,5,KENSINGTON COFFEE SET,revenue,WoW,-78.9%,none,none,,Correct,KENSINGTON COFFEE SET.Revenue_WoW_Pct=-78.9305
large_product_2010-W04__S4__mock__r2,large_product_2010-W04,large,product,S4,mock,2,5,KENSINGTON COFFEE SET,revenue,TW,"£1,632.90",none,none,,Correct,KENSINGTON COFFEE SET.Revenue_TW=1632.9
large_product_2010-W04__S4__mock__r2,large_product_2010-W04,large,product,S4,mock,2,5,KENSINGTON COFFEE SET,revenue,LW,"£7,750.05",none,none,,Correct,KENSINGTON COFFEE SET.Revenue_LW=7750.05
large_product_2010-W04__S4__mock__r2,large_product_2010-W04,large,product,S4,mock,2,6,WHITE HANGING HEART T-LIGHT HOLDER,orders,TW,79,none,none,,Correct,WHITE HANGING HEART T-LIGHT HOLDER.Orders_TW=79
large_product_2010-W04__S4__mock__r2,large_product_2010-W04,large,product,S4,mock,2,6,WHITE HANGING HEART T-LIGHT HOLDER,orders,LW,66,none,none,,Correct,WHITE HANGING HEART T-LIGHT HOLDER.Orders_LW=66
large_product_2011-W42__S1__mock__r1,large_product_2011-W42,large,product,S1,mock,1,0,LANDMARK FRAME COVENT GARDEN,revenue,TW,£3.8k,none,none,,Correct,LANDMARK FRAME COVENT GARDEN.Revenue_TW=3766.4
large_product_2011-W42__S1__mock__r1,large_product_2011-W42,large,product,S1,mock,1,0,LANDMARK FRAME COVENT GARDEN,share,TW,3.3%,none,none,,Correct,LANDMARK FRAME COVENT GARDEN.Share_Pct=3.3
large_product_2011-W42__S1__mock__r1,large_product_2011-W42,large,product,S1,mock,1,1,LANDMARK FRAME OXFORD STREET,rank,TW,2nd,none,none,,Correct,LANDMARK FRAME OXFORD STREET.Rank=2
large_product_2011-W42__S1__mock__r1,large_product_2011-W42,large,product,S1,mock,1,1,LANDMARK FRAME OXFORD STREET,revenue,TW,"£3,753.90",none,none,,Correct,LANDMARK FRAME OXFORD STREET.Revenue_TW=3753.9
large_product_2011-W42__S1__mock__r1,large_product_2011-W42,large,product,S1,mock,1,2,CERAMIC CAKE STAND + HANGING CAKES,revenue,WoW,2392.0%,up,none,,Correct,CERAMIC CAKE STAND + HANGING CAKES.Revenue_WoW_Pct=2391.96
large_product_2011-W42__S1__mock__r1,large_product_2011-W42,large,product,S1,mock,1,2,CERAMIC CAKE STAND + HANGING CAKES,revenue,TW,£495.90,none,none,,Correct,CERAMIC CAKE STAND + HANGING CAKES.Revenue_TW=495.9
large_product_2011-W42__S1__mock__r1,large_product_2011-W42,large,product,S1,mock,1,3,WHITE HANGING HEART T-LIGHT HOLDER,revenue,WoW,63.6%,down,none,,Correct,WHITE HANGING HEART T-LIGHT HOLDER.Revenue_WoW_Pct=-63.5533
large_product_2011-W42__S1__mock__r1,large_product_2011-W42,large,product,S1,mock,1,3,WHITE HANGING HEART T-LIGHT HOLDER,revenue,TW,£689.94,none,none,,Correct,WHITE HANGING HEART T-LIGHT HOLDER.Revenue_TW=689.94
large_product_2011-W42__S1__mock__r1,large_product_2011-W42,large,product,S1,mock,1,4,LANDMARK FRAME COVENT GARDEN,units,TW,340,none,none,,Correct,LANDMARK FRAME COVENT GARDEN.Units_TW=340
large_product_2011-W42__S1__mock__r1,large_product_2011-W42,large,product,S1,mock,1,4,LANDMARK FRAME COVENT GARDEN,units,LW,0,none,none,,Correct,LANDMARK FRAME COVENT GARDEN.Units_LW=0
large_product_2011-W42__S1__mock__r1,large_product_2011-W42,large,product,S1,mock,1,5,HOT WATER BOTTLE KEEP CALM,orders,TW,50,none,none,,Correct,HOT WATER BOTTLE KEEP CALM.Orders_TW=50
large_product_2011-W42__S1__mock__r1,large_product_2011-W42,large,product,S1,mock,1,5,HOT WATER BOTTLE KEEP CALM,orders,LW,38,none,none,,Correct,HOT WATER BOTTLE KEEP CALM.Orders_LW=38
large_product_2011-W42__S1__mock__r1,large_product_2011-W42,large,product,S1,mock,1,6,TOTAL,revenue,TW,£112.6k,none,none,,Correct,TOTAL.Revenue_TW=112644
large_product_2011-W42__S1__mock__r1,large_product_2011-W42,large,product,S1,mock,1,6,TOTAL,revenue,WoW,93.7%,up,none,,Correct,TOTAL.Revenue_WoW_Pct=93.7046
large_product_2011-W42__S1__mock__r2,large_product_2011-W42,large,product,S1,mock,2,0,LANDMARK FRAME COVENT GARDEN,revenue,TW,£3.8k,none,none,,Correct,LANDMARK FRAME COVENT GARDEN.Revenue_TW=3766.4
large_product_2011-W42__S1__mock__r2,large_product_2011-W42,large,product,S1,mock,2,0,LANDMARK FRAME COVENT GARDEN,share,TW,3.3%,none,none,,Correct,LANDMARK FRAME COVENT GARDEN.Share_Pct=3.3
large_product_2011-W42__S1__mock__r2,large_product_2011-W42,large,product,S1,mock,2,1,LANDMARK FRAME OXFORD STREET,rank,TW,2nd,none,none,,Correct,LANDMARK FRAME OXFORD STREET.Rank=2
large_product_2011-W42__S1__mock__r2,large_product_2011-W42,large,product,S1,mock,2,1,LANDMARK FRAME OXFORD STREET,revenue,TW,"£3,753.90",none,none,,Correct,LANDMARK FRAME OXFORD STREET.Revenue_TW=3753.9
large_product_2011-W42__S1__mock__r2,large_product_2011-W42,large,product,S1,mock,2,2,CERAMIC CAKE STAND + HANGING CAKES,revenue,WoW,228.9%,up,none,,Wrong_entity,value belongs to SMALL IVORY HEART WALL ORGANISER.Revenue_WoW_Pct=228.921; claimed CERAMIC CAKE STAND + HANGING CAKES
large_product_2011-W42__S1__mock__r2,large_product_2011-W42,large,product,S1,mock,2,2,CERAMIC CAKE STAND + HANGING CAKES,revenue,TW,£495.90,none,none,,Correct,CERAMIC CAKE STAND + HANGING CAKES.Revenue_TW=495.9
large_product_2011-W42__S1__mock__r2,large_product_2011-W42,large,product,S1,mock,2,3,WHITE HANGING HEART T-LIGHT HOLDER,revenue,WoW,58.5%,down,none,,Wrong_value,WHITE HANGING HEART T-LIGHT HOLDER.Revenue_WoW_Pct=-63.5533
large_product_2011-W42__S1__mock__r2,large_product_2011-W42,large,product,S1,mock,2,3,WHITE HANGING HEART T-LIGHT HOLDER,revenue,TW,£689.94,none,none,,Correct,WHITE HANGING HEART T-LIGHT HOLDER.Revenue_TW=689.94
large_product_2011-W42__S1__mock__r2,large_product_2011-W42,large,product,S1,mock,2,4,LANDMARK FRAME COVENT GARDEN,units,TW,340,none,none,,Correct,LANDMARK FRAME COVENT GARDEN.Units_TW=340
large_product_2011-W42__S1__mock__r2,large_product_2011-W42,large,product,S1,mock,2,4,LANDMARK FRAME COVENT GARDEN,units,LW,0,none,none,,Correct,LANDMARK FRAME COVENT GARDEN.Units_LW=0
large_product_2011-W42__S1__mock__r2,large_product_2011-W42,large,product,S1,mock,2,5,HOT WATER BOTTLE KEEP CALM,orders,TW,50,none,none,,Correct,HOT WATER BOTTLE KEEP CALM.Orders_TW=50
large_product_2011-W42__S1__mock__r2,large_product_2011-W42,large,product,S1,mock,2,5,HOT WATER BOTTLE KEEP CALM,orders,LW,38,none,none,,Correct,HOT WATER BOTTLE KEEP CALM.Orders_LW=38
large_product_2011-W42__S1__mock__r2,large_product_2011-W42,large,product,S1,mock,2,6,TOTAL,revenue,TW,£112.6k,none,none,,Correct,TOTAL.Revenue_TW=112644
large_product_2011-W42__S1__mock__r2,large_product_2011-W42,large,product,S1,mock,2,6,TOTAL,revenue,WoW,93.7%,up,none,,Correct,TOTAL.Revenue_WoW_Pct=93.7046
large_product_2011-W42__S2__mock__r1,large_product_2011-W42,large,product,S2,mock,1,0,TOTAL,revenue,TW,"£112,643.90",none,none,,Correct,TOTAL.Revenue_TW=112644
large_product_2011-W42__S2__mock__r1,large_product_2011-W42,large,product,S2,mock,1,1,TOTAL,revenue,WoW,93.7%,up,none,,Correct,TOTAL.Revenue_WoW_Pct=93.7046
large_product_2011-W42__S2__mock__r1,large_product_2011-W42,large,product,S2,mock,1,2,LANDMARK FRAME COVENT GARDEN,revenue,TW,"£3,766.40",none,none,,Correct,LANDMARK FRAME COVENT GARDEN.Revenue_TW=3766.4
large_product_2011-W42__S2__mock__r1,large_product_2011-W42,large,product,S2,mock,1,3,LANDMARK FRAME COVENT GARDEN,share,TW,3.3%,none,none,,Correct,LANDMARK FRAME COVENT GARDEN.Share_Pct=3.3
large_product_2011-W42__S2__mock__r1,large_product_2011-W42,large,product,S2,mock,1,4,LANDMARK FRAME OXFORD STREET,revenue,TW,"£3,753.90",none,none,,Correct,LANDMARK FRAME OXFORD STREET.Revenue_TW=3753.9
large_product_2011-W42__S2__mock__r1,large_product_2011-W42,large,product,S2,mock,1,5,LANDMARK FRAME OXFORD STREET,share,TW,3.3%,none,none,,Correct,LANDMARK FRAME OXFORD STREET.Share_Pct=3.3
large_product_2011-W42__S2__mock__r1,large_product_2011-W42,large,product,S2,mock,1,6,LANDMARK FRAME NOTTING HILL,revenue,TW,"£3,660.00",none,none,,Correct,LANDMARK FRAME NOTTING HILL.Revenue_TW=3660
large_product_2011-W42__S2__mock__r1,large_product_2011-W42,large,product,S2,mock,1,7,LANDMARK FRAME NOTTING HILL,share,TW,3.2%,none,none,,Correct,LANDMARK FRAME NOTTING HILL.Share_Pct=3.2
large_product_2011-W42__S2__mock__r2,large_product_2011-W42,large,product,S2,mock,2,0,TOTAL,revenue,TW,"£112,643.90",none,none,,Correct,TOTAL.Revenue_TW=112644
large_product_2011-W42__S2__mock__r2,large_product_2011-W42,large,product,S2,mock,2,1,TOTAL,revenue,WoW,93.7%,up,none,,Correct,TOTAL.Revenue_WoW_Pct=93.7046
large_product_2011-W42__S2__mock__r2,large_product_2011-W42,large,product,S2,mock,2,2,LANDMARK FRAME COVENT GARDEN,revenue,TW,"£3,766.40",none,none,,Correct,LANDMARK FRAME COVENT GARDEN.Revenue_TW=3766.4
large_product_2011-W42__S2__mock__r2,large_product_2011-W42,large,product,S2,mock,2,3,LANDMARK FRAME COVENT GARDEN,share,TW,3.3%,none,none,,Correct,LANDMARK FRAME COVENT GARDEN.Share_Pct=3.3
large_product_2011-W42__S2__mock__r2,large_product_2011-W42,large,product,S2,mock,2,4,LANDMARK FRAME OXFORD STREET,revenue,TW,"£3,753.90",none,none,,Correct,LANDMARK FRAME OXFORD STREET.Revenue_TW=3753.9
large_product_2011-W42__S2__mock__r2,large_product_2011-W42,large,product,S2,mock,2,5,LANDMARK FRAME OXFORD STREET,share,TW,3.3%,none,none,,Correct,LANDMARK FRAME OXFORD STREET.Share_Pct=3.3
large_product_2011-W42__S2__mock__r2,large_product_2011-W42,large,product,S2,mock,2,6,LANDMARK FRAME NOTTING HILL,revenue,TW,"£3,660.00",none,none,,Correct,LANDMARK FRAME NOTTING HILL.Revenue_TW=3660
large_product_2011-W42__S2__mock__r2,large_product_2011-W42,large,product,S2,mock,2,7,LANDMARK FRAME NOTTING HILL,share,TW,3.2%,none,none,,Correct,LANDMARK FRAME NOTTING HILL.Share_Pct=3.2
large_product_2011-W42__S3__mock__r1,large_product_2011-W42,large,product,S3,mock,1,0,LANDMARK FRAME COVENT GARDEN,revenue,TW,£3.8k,none,none,,Correct,LANDMARK FRAME COVENT GARDEN.Revenue_TW=3766.4
large_product_2011-W42__S3__mock__r1,large_product_2011-W42,large,product,S3,mock,1,0,LANDMARK FRAME COVENT GARDEN,share,TW,3.3%,none,none,,Correct,LANDMARK FRAME COVENT GARDEN.Share_Pct=3.3
large_product_2011-W42__S3__mock__r1,large_product_2011-W42,large,product,S3,mock,1,1,LANDMARK FRAME OXFORD STREET,rank,TW,2nd,none,none,,Correct,LANDMARK FRAME OXFORD STREET.Rank=2
large_product_2011-W42__S3__mock__r1,large_product_2011-W42,large,product,S3,mock,1,1,LANDMARK FRAME OXFORD STREET,revenue,TW,"£3,753.90",none,none,,Correct,LANDMARK FRAME OXFORD STREET.Revenue_TW=3753.9
large_product_2011-W42__S3__mock__r1,large_product_2011-W42,large,product,S3,mock,1,2,CERAMIC CAKE STAND + HANGING CAKES,revenue,WoW,2392.0%,up,none,,Correct,CERAMIC CAKE STAND + HANGING CAKES.Revenue_WoW_Pct=2391.96
large_product_2011-W42__S3__mock__r1,large_product_2011-W42,large,product,S3,mock,1,2,CERAMIC CAKE STAND + HANGING CAKES,revenue,TW,£495.90,none,none,,Correct,CERAMIC CAKE STAND + HANGING CAKES.Revenue_TW=495.9
large_product_2011-W42__S3__mock__r1,large_product_2011-W42,large,product,S3,mock,1,3,WHITE HANGING HEART T-LIGHT HOLDER,revenue,WoW,63.6%,down,none,,Correct,WHITE HANGING HEART T-LIGHT HOLDER.Revenue_WoW_Pct=-63.5533
large_product_2011-W42__S3__mock__r1,large_product_2011-W42,large,product,S3,mock,1,3,WHITE HANGING HEART T-LIGHT HOLDER,revenue,TW,£689.94,none,none,,Correct,WHITE HANGING HEART T-LIGHT HOLDER.Revenue_TW=689.94
large_product_2011-W42__S3__mock__r1,large_product_2011-W42,large,product,S3,mock,1,4,LANDMARK FRAME COVENT GARDEN,units,TW,340,none,none,,Correct,LANDMARK FRAME COVENT GARDEN.Units_TW=340
large_product_2011-W42__S3__mock__r1,large_product_2011-W42,large,product,S3,mock,1,4,LANDMARK FRAME COVENT GARDEN,units,LW,0,none,none,,Correct,LANDMARK FRAME COVENT GARDEN.Units_LW=0
large_product_2011-W42__S3__mock__r1,large_product_2011-W42,large,product,S3,mock,1,5,HOT WATER BOTTLE KEEP CALM,orders,TW,50,none,none,,Correct,HOT WATER BOTTLE KEEP CALM.Orders_TW=50
large_product_2011-W42__S3__mock__r1,large_product_2011-W42,large,product,S3,mock,1,5,HOT WATER BOTTLE KEEP CALM,orders,LW,38,none,none,,Correct,HOT WATER BOTTLE KEEP CALM.Orders_LW=38
large_product_2011-W42__S3__mock__r1,large_product_2011-W42,large,product,S3,mock,1,6,TOTAL,revenue,TW,£112.6k,none,none,,Correct,TOTAL.Revenue_TW=112644
large_product_2011-W42__S3__mock__r1,large_product_2011-W42,large,product,S3,mock,1,6,TOTAL,revenue,WoW,93.7%,up,none,,Correct,TOTAL.Revenue_WoW_Pct=93.7046
large_product_2011-W42__S3__mock__r2,large_product_2011-W42,large,product,S3,mock,2,0,LANDMARK FRAME COVENT GARDEN,revenue,TW,£3.8k,none,none,,Correct,LANDMARK FRAME COVENT GARDEN.Revenue_TW=3766.4
large_product_2011-W42__S3__mock__r2,large_product_2011-W42,large,product,S3,mock,2,0,LANDMARK FRAME COVENT GARDEN,share,TW,3.3%,none,none,,Correct,LANDMARK FRAME COVENT GARDEN.Share_Pct=3.3
large_product_2011-W42__S3__mock__r2,large_product_2011-W42,large,product,S3,mock,2,1,LANDMARK FRAME OXFORD STREET,rank,TW,2nd,none,none,,Correct,LANDMARK FRAME OXFORD STREET.Rank=2
large_product_2011-W42__S3__mock__r2,large_product_2011-W42,large,product,S3,mock,2,1,LANDMARK FRAME OXFORD STREET,revenue,TW,"£3,753.90",none,none,,Correct,LANDMARK FRAME OXFORD STREET.Revenue_TW=3753.9
large_product_2011-W42__S3__mock__r2,large_product_2011-W42,large,product,S3,mock,2,2,CERAMIC CAKE STAND + HANGING CAKES,revenue,WoW,228.9%,up,none,,Wrong_entity,value belongs to SMALL IVORY HEART WALL ORGANISER.Revenue_WoW_Pct=228.921; claimed CERAMIC CAKE STAND + HANGING CAKES
large_product_2011-W42__S3__mock__r2,large_product_2011-W42,large,product,S3,mock,2,2,CERAMIC CAKE STAND + HANGING CAKES,revenue,TW,£495.90,none,none,,Correct,CERAMIC CAKE STAND + HANGING CAKES.Revenue_TW=495.9
large_product_2011-W42__S3__mock__r2,large_product_2011-W42,large,product,S3,mock,2,3,WHITE HANGING HEART T-LIGHT HOLDER,revenue,WoW,58.5%,down,none,,Wrong_value,WHITE HANGING HEART T-LIGHT HOLDER.Revenue_WoW_Pct=-63.5533
large_product_2011-W42__S3__mock__r2,large_product_2011-W42,large,product,S3,mock,2,3,WHITE HANGING HEART T-LIGHT HOLDER,revenue,TW,£689.94,none,none,,Correct,WHITE HANGING HEART T-LIGHT HOLDER.Revenue_TW=689.94
large_product_2011-W42__S3__mock__r2,large_product_2011-W42,large,product,S3,mock,2,4,LANDMARK FRAME COVENT GARDEN,units,TW,340,none,none,,Correct,LANDMARK FRAME COVENT GARDEN.Units_TW=340
large_product_2011-W42__S3__mock__r2,large_product_2011-W42,large,product,S3,mock,2,4,LANDMARK FRAME COVENT GARDEN,units,LW,0,none,none,,Correct,LANDMARK FRAME COVENT GARDEN.Units_LW=0
large_product_2011-W42__S3__mock__r2,large_product_2011-W42,large,product,S3,mock,2,5,HOT WATER BOTTLE KEEP CALM,orders,TW,50,none,none,,Correct,HOT WATER BOTTLE KEEP CALM.Orders_TW=50
large_product_2011-W42__S3__mock__r2,large_product_2011-W42,large,product,S3,mock,2,5,HOT WATER BOTTLE KEEP CALM,orders,LW,38,none,none,,Correct,HOT WATER BOTTLE KEEP CALM.Orders_LW=38
large_product_2011-W42__S3__mock__r2,large_product_2011-W42,large,product,S3,mock,2,6,TOTAL,revenue,TW,£112.6k,none,none,,Correct,TOTAL.Revenue_TW=112644
large_product_2011-W42__S3__mock__r2,large_product_2011-W42,large,product,S3,mock,2,6,TOTAL,revenue,WoW,93.7%,up,none,,Correct,TOTAL.Revenue_WoW_Pct=93.7046
large_product_2011-W42__S4__mock__r1,large_product_2011-W42,large,product,S4,mock,1,0,TOTAL,revenue,TW,"£112,643.90",none,none,,Correct,TOTAL.Revenue_TW=112644
large_product_2011-W42__S4__mock__r1,large_product_2011-W42,large,product,S4,mock,1,0,TOTAL,revenue,LW,"£58,152.40",none,none,,Correct,TOTAL.Revenue_LW=58152.4
large_product_2011-W42__S4__mock__r1,large_product_2011-W42,large,product,S4,mock,1,0,TOTAL,revenue,WoW,+93.7%,none,none,,Correct,TOTAL.Revenue_WoW_Pct=93.7046
large_product_2011-W42__S4__mock__r1,large_product_2011-W42,large,product,S4,mock,1,0,TOTAL,revenue,YoY,+137.2%,none,none,,Correct,TOTAL.Revenue_YoY_Pct=137.214
large_product_2011-W42__S4__mock__r1,large_product_2011-W42,large,product,S4,mock,1,1,LANDMARK FRAME COVENT GARDEN,rank,TW,1,none,none,,Correct,LANDMARK FRAME COVENT GARDEN.Rank=1
large_product_2011-W42__S4__mock__r1,large_product_2011-W42,large,product,S4,mock,1,1,LANDMARK FRAME COVENT GARDEN,revenue,TW,"£3,766.40",none,none,,Correct,LANDMARK FRAME COVENT GARDEN.Revenue_TW=3766.4
large_product_2011-W42__S4__mock__r1,large_product_2011-W42,large,product,S4,mock,1,1,LANDMARK FRAME COVENT GARDEN,share,TW,3.3%,none,none,,Correct,LANDMARK FRAME COVENT GARDEN.Share_Pct=3.3
large_product_2011-W42__S4__mock__r1,large_product_2011-W42,large,product,S4,mock,1,2,LANDMARK FRAME OXFORD STREET,rank,TW,2,none,none,,Correct,LANDMARK FRAME OXFORD STREET.Rank=2
large_product_2011-W42__S4__mock__r1,large_product_2011-W42,large,product,S4,mock,1,2,LANDMARK FRAME OXFORD STREET,revenue,TW,"£3,753.90",none,none,,Correct,LANDMARK FRAME OXFORD STREET.Revenue_TW=3753.9
large_product_2011-W42__S4__mock__r1,large_product_2011-W42,large,product,S4,mock,1,2,LANDMARK FRAME OXFORD STREET,share,TW,3.3%,none,none,,Correct,LANDMARK FRAME OXFORD STREET.Share_Pct=3.3
large_product_2011-W42__S4__mock__r1,large_product_2011-W42,large,product,S4,mock,1,3,LANDMARK FRAME NOTTING HILL,rank,TW,3,none,none,,Correct,LANDMARK FRAME NOTTING HILL.Rank=3
large_product_2011-W42__S4__mock__r1,large_product_2011-W42,large,product,S4,mock,1,3,LANDMARK FRAME NOTTING HILL,revenue,TW,"£3,660.00",none,none,,Correct,LANDMARK FRAME NOTTING HILL.Revenue_TW=3660
large_product_2011-W42__S4__mock__r1,large_product_2011-W42,large,product,S4,mock,1,3,LANDMARK FRAME NOTTING HILL,share,TW,3.2%,none,none,,Correct,LANDMARK FRAME NOTTING HILL.Share_Pct=3.2
large_product_2011-W42__S4__mock__r1,large_product_2011-W42,large,product,S4,mock,1,4,CERAMIC CAKE STAND + HANGING CAKES,revenue,WoW,+2392.0%,none,none,,Correct,CERAMIC CAKE STAND + HANGING CAKES.Revenue_WoW_Pct=2391.96
large_product_2011-W42__S4__mock__r1,large_product_2011-W42,large,product,S4,mock,1,4,CERAMIC CAKE STAND + HANGING CAKES,revenue,TW,£495.90,none,none,,Correct,CERAMIC CAKE STAND + HANGING CAKES.Revenue_TW=495.9
large_product_2011-W42__S4__mock__r1,large_product_2011-W42,large,product,S4,mock,1,4,CERAMIC CAKE STAND + HANGING CAKES,revenue,LW,£19.90,none,none,,Correct,CERAMIC CAKE STAND + HANGING CAKES.Revenue_LW=19.9
large_product_2011-W42__S4__mock__r1,large_product_2011-W42,large,product,S4,mock,1,5,WHITE HANGING HEART T-LIGHT HOLDER,revenue,WoW,-63.6%,none,none,,Correct,WHITE HANGING HEART T-LIGHT HOLDER.Revenue_WoW_Pct=-63.5533
large_product_2011-W42__S4__mock__r1,large_product_2011-W42,large,product,S4,mock,1,5,WHITE HANGING HEART T-LIGHT HOLDER,revenue,TW,£689.94,none,none,,Correct,WHITE HANGING HEART T-LIGHT HOLDER.Revenue_TW=689.94
large_product_2011-W42__S4__mock__r1,large_product_2011-W42,large,product,S4,mock,1,5,WHITE HANGING HEART T-LIGHT HOLDER,revenue,LW,"£1,893.01",none,none,,Correct,WHITE HANGING HEART T-LIGHT HOLDER.Revenue_LW=1893.01
large_product_2011-W42__S4__mock__r1,large_product_2011-W42,large,product,S4,mock,1,6,RED  HARMONICA IN BOX,revenue,YoY,+26576.5%,none,none,,Correct,RED  HARMONICA IN BOX.Revenue_YoY_Pct=26576.5
large_product_2011-W42__S4__mock__r1,large_product_2011-W42,large,product,S4,mock,1,6,RED  HARMONICA IN BOX,revenue,LY,£3.75,none,none,,Correct,RED  HARMONICA IN BOX.Revenue_LY=3.75
large_product_2011-W42__S4__mock__r1,large_product_2011-W42,large,product,S4,mock,1,7,CHRISTMAS LIGHTS 10 REINDEER,revenue,YoY,-77.1%,none,none,,Correct,CHRISTMAS LIGHTS 10 REINDEER.Revenue_YoY_Pct=-77.1247
large_product_2011-W42__S4__mock__r1,large_product_2011-W42,large,product,S4,mock,1,7,CHRISTMAS LIGHTS 10 REINDEER,revenue,LY,"£2,374.88",none,none,,Correct,CHRISTMAS LIGHTS 10 REINDEER.Revenue_LY=2374.88
large_product_2011-W42__S4__mock__r2,large_product_2011-W42,large,product,S4,mock,2,0,TOTAL,revenue,TW,"£112,643.90",none,none,,Correct,TOTAL.Revenue_TW=112644
large_product_2011-W42__S4__mock__r2,large_product_2011-W42,large,product,S4,mock,2,0,TOTAL,revenue,LW,"£58,152.40",none,none,,Correct,TOTAL.Revenue_LW=58152.4
large_product_2011-W42__S4__mock__r2,large_product_2011-W42,large,product,S4,mock,2,0,TOTAL,revenue,WoW,+93.7%,none,none,,Correct,TOTAL.Revenue_WoW_Pct=93.7046
large_product_2011-W42__S4__mock__r2,large_product_2011-W42,large,product,S4,mock,2,0,TOTAL,revenue,YoY,+137.2%,none,none,,Correct,TOTAL.Revenue_YoY_Pct=137.214
large_product_2011-W42__S4__mock__r2,large_product_2011-W42,large,product,S4,mock,2,1,LANDMARK FRAME COVENT GARDEN,rank,TW,1,none,none,,Correct,LANDMARK FRAME COVENT GARDEN.Rank=1
large_product_2011-W42__S4__mock__r2,large_product_2011-W42,large,product,S4,mock,2,1,LANDMARK FRAME COVENT GARDEN,revenue,TW,"£3,766.40",none,none,,Correct,LANDMARK FRAME COVENT GARDEN.Revenue_TW=3766.4
large_product_2011-W42__S4__mock__r2,large_product_2011-W42,large,product,S4,mock,2,1,LANDMARK FRAME COVENT GARDEN,share,TW,3.3%,none,none,,Correct,LANDMARK FRAME COVENT GARDEN.Share_Pct=3.3
large_product_2011-W42__S4__mock__r2,large_product_2011-W42,large,product,S4,mock,2,2,LANDMARK FRAME OXFORD STREET,rank,TW,2,none,none,,Correct,LANDMARK FRAME OXFORD STREET.Rank=2
large_product_2011-W42__S4__mock__r2,large_product_2011-W42,large,product,S4,mock,2,2,LANDMARK FRAME OXFORD STREET,revenue,TW,"£3,753.90",none,none,,Correct,LANDMARK FRAME OXFORD STREET.Revenue_TW=3753.9
large_product_2011-W42__S4__mock__r2,large_product_2011-W42,large,product,S4,mock,2,2,LANDMARK FRAME OXFORD STREET,share,TW,3.3%,none,none,,Correct,LANDMARK FRAME OXFORD STREET.Share_Pct=3.3
large_product_2011-W42__S4__mock__r2,large_product_2011-W42,large,product,S4,mock,2,3,LANDMARK FRAME NOTTING HILL,rank,TW,3,none,none,,Correct,LANDMARK FRAME NOTTING HILL.Rank=3
large_product_2011-W42__S4__mock__r2,large_product_2011-W42,large,product,S4,mock,2,3,LANDMARK FRAME NOTTING HILL,revenue,TW,"£3,660.00",none,none,,Correct,LANDMARK FRAME NOTTING HILL.Revenue_TW=3660
large_product_2011-W42__S4__mock__r2,large_product_2011-W42,large,product,S4,mock,2,3,LANDMARK FRAME NOTTING HILL,share,TW,3.2%,none,none,,Correct,LANDMARK FRAME NOTTING HILL.Share_Pct=3.2
large_product_2011-W42__S4__mock__r2,large_product_2011-W42,large,product,S4,mock,2,4,CERAMIC CAKE STAND + HANGING CAKES,revenue,WoW,+2392.0%,none,none,,Correct,CERAMIC CAKE STAND + HANGING CAKES.Revenue_WoW_Pct=2391.96
large_product_2011-W42__S4__mock__r2,large_product_2011-W42,large,product,S4,mock,2,4,CERAMIC CAKE STAND + HANGING CAKES,revenue,TW,£495.90,none,none,,Correct,CERAMIC CAKE STAND + HANGING CAKES.Revenue_TW=495.9
large_product_2011-W42__S4__mock__r2,large_product_2011-W42,large,product,S4,mock,2,4,CERAMIC CAKE STAND + HANGING CAKES,revenue,LW,£19.90,none,none,,Correct,CERAMIC CAKE STAND + HANGING CAKES.Revenue_LW=19.9
large_product_2011-W42__S4__mock__r2,large_product_2011-W42,large,product,S4,mock,2,5,WHITE HANGING HEART T-LIGHT HOLDER,revenue,WoW,-63.6%,none,none,,Correct,WHITE HANGING HEART T-LIGHT HOLDER.Revenue_WoW_Pct=-63.5533
large_product_2011-W42__S4__mock__r2,large_product_2011-W42,large,product,S4,mock,2,5,WHITE HANGING HEART T-LIGHT HOLDER,revenue,TW,£689.94,none,none,,Correct,WHITE HANGING HEART T-LIGHT HOLDER.Revenue_TW=689.94
large_product_2011-W42__S4__mock__r2,large_product_2011-W42,large,product,S4,mock,2,5,WHITE HANGING HEART T-LIGHT HOLDER,revenue,LW,"£1,893.01",none,none,,Correct,WHITE HANGING HEART T-LIGHT HOLDER.Revenue_LW=1893.01
large_product_2011-W42__S4__mock__r2,large_product_2011-W42,large,product,S4,mock,2,6,RED  HARMONICA IN BOX,revenue,YoY,+26576.5%,none,none,,Correct,RED  HARMONICA IN BOX.Revenue_YoY_Pct=26576.5
large_product_2011-W42__S4__mock__r2,large_product_2011-W42,large,product,S4,mock,2,6,RED  HARMONICA IN BOX,revenue,LY,£3.75,none,none,,Correct,RED  HARMONICA IN BOX.Revenue_LY=3.75
large_product_2011-W42__S4__mock__r2,large_product_2011-W42,large,product,S4,mock,2,7,CHRISTMAS LIGHTS 10 REINDEER,revenue,YoY,-77.1%,none,none,,Correct,CHRISTMAS LIGHTS 10 REINDEER.Revenue_YoY_Pct=-77.1247
large_product_2011-W42__S4__mock__r2,large_product_2011-W42,large,product,S4,mock,2,7,CHRISTMAS LIGHTS 10 REINDEER,revenue,LY,"£2,374.88",none,none,,Correct,CHRISTMAS LIGHTS 10 REINDEER.Revenue_LY=2374.88
medium_product_2009-W50__S1__mock__r1,medium_product_2009-W50,medium,product,S1,mock,1,0,WHITE HANGING HEART T-LIGHT HOLDER,revenue,TW,£8.4k,none,none,,Correct,WHITE HANGING HEART T-LIGHT HOLDER.Revenue_TW=8406.79
medium_product_2009-W50__S1__mock__r1,medium_product_2009-W50,medium,product,S1,mock,1,0,WHITE HANGING HEART T-LIGHT HOLDER,share,TW,13.6%,none,none,,Correct,WHITE HANGING HEART T-LIGHT HOLDER.Share_Pct=13.6
medium_product_2009-W50__S1__mock__r1,medium_product_2009-W50,medium,product,S1,mock,1,1,WHITE HANGING HEART T-LIGHT HOLDER,revenue,WoW,70.1%,up,none,,Correct,WHITE HANGING HEART T-LIGHT HOLDER.Revenue_WoW_Pct=70.1025
medium_product_2009-W50__S1__mock__r1,medium_product_2009-W50,medium,product,S1,mock,1,1,WHITE HANGING HEART T-LIGHT HOLDER,revenue,LW,"£5,485.83",none,none,,Wrong_value,WHITE HANGING HEART T-LIGHT HOLDER.Revenue_LW=4942.19
medium_product_2009-W50__S1__mock__r1,medium_product_2009-W50,medium,product,S1,mock,1,2,EDWARDIAN PARASOL BLACK,rank,TW,2nd,none,none,,Correct,EDWARDIAN PARASOL BLACK.Rank=2
medium_product_2009-W50__S1__mock__r1,medium_product_2009-W50,medium,product,S1,mock,1,2,EDWARDIAN PARASOL BLACK,revenue,TW,"£3,448.60",none,none,,Correct,EDWARDIAN PARASOL BLACK.Revenue_TW=3448.6
medium_product_2009-W50__S1__mock__r1,medium_product_2009-W50,medium,product,S1,mock,1,3,BLACK RECORD COVER FRAME,revenue,WoW,185.5%,up,none,,Correct,BLACK RECORD COVER FRAME.Revenue_WoW_Pct=185.526
medium_product_2009-W50__S1__mock__r1,medium_product_2009-W50,medium,product,S1,mock,1,3,BLACK RECORD COVER FRAME,revenue,TW,"£1,144.96",none,none,,Correct,BLACK RECORD COVER FRAME.Revenue_TW=1144.96
medium_product_2009-W50__S1__mock__r1,medium_product_2009-W50,medium,product,S1,mock,1,4,PAPER CHAIN KIT 50'S CHRISTMAS,revenue,WoW,61.8%,down,none,,Correct,PAPER CHAIN KIT 50'S CHRISTMAS.Revenue_WoW_Pct=-61.7615
medium_product_2009-W50__S1__mock__r1,medium_product_2009-W50,medium,product,S1,mock,1,4,PAPER CHAIN KIT 50'S CHRISTMAS,revenue,TW,"£2,143.03",none,none,,Correct,PAPER CHAIN KIT 50'S CHRISTMAS.Revenue_TW=2143.03
medium_product_2009-W50__S1__mock__r1,medium_product_2009-W50,medium,product,S1,mock,1,5,WHITE HANGING HEART T-LIGHT HOLDER,units,TW,"3,172",none,none,,Correct,WHITE HANGING HEART T-LIGHT HOLDER.Units_TW=3172
medium_product_2009-W50__S1__mock__r1,medium_product_2009-W50,medium,product,S1,mock,1,5,WHITE HANGING HEART T-LIGHT HOLDER,units,LW,"2,055",none,none,,Wrong_value,WHITE HANGING HEART T-LIGHT HOLDER.Units_LW=1851
medium_product_2009-W50__S1__mock__r1,medium_product_2009-W50,medium,product,S1,mock,1,6,WHITE HANGING HEART T-LIGHT HOLDER,orders,TW,112,none,none,,Correct,WHITE HANGING HEART T-LIGHT HOLDER.Orders_TW=112
medium_product_2009-W50__S1__mock__r1,medium_product_2009-W50,medium,product,S1,mock,1,6,WHITE HANGING HEART T-LIGHT HOLDER,orders,LW,93,none,none,,Correct,WHITE HANGING HEART T-LIGHT HOLDER.Orders_LW=93
medium_product_2009-W50__S1__mock__r1,medium_product_2009-W50,medium,product,S1,mock,1,7,TOTAL,revenue,TW,£61.8k,none,none,,Correct,TOTAL.Revenue_TW=61834.6
medium_product_2009-W50__S1__mock__r1,medium_product_2009-W50,medium,product,S1,mock,1,7,TOTAL,revenue,WoW,11.8%,up,none,,Correct,TOTAL.Revenue_WoW_Pct=11.7601
medium_product_2009-W50__S1__mock__r2,medium_product_2009-W50,medium,product,S1,mock,2,0,WHITE HANGING HEART T-LIGHT HOLDER,revenue,TW,£8.4k,none,none,,Correct,WHITE HANGING HEART T-LIGHT HOLDER.Revenue_TW=8406.79
medium_product_2009-W50__S1__mock__r2,medium_product_2009-W50,medium,product,S1,mock,2,0,WHITE HANGING HEART T-LIGHT HOLDER,share,TW,13.6%,none,none,,Correct,WHITE HANGING HEART T-LIGHT HOLDER.Share_Pct=13.6
medium_product_2009-W50__S1__mock__r2,medium_product_2009-W50,medium,product,S1,mock,2,1,WHITE HANGING HEART T-LIGHT HOLDER,revenue,WoW,70.1%,up,none,,Correct,WHITE HANGING HEART T-LIGHT HOLDER.Revenue_WoW_Pct=70.1025
medium_product_2009-W50__S1__mock__r2,medium_product_2009-W50,medium,product,S1,mock,2,1,WHITE HANGING HEART T-LIGHT HOLDER,revenue,LW,"£4,942.19",none,none,,Correct,WHITE HANGING HEART T-LIGHT HOLDER.Revenue_LW=4942.19
medium_product_2009-W50__S1__mock__r2,medium_product_2009-W50,medium,product,S1,mock,2,2,EDWARDIAN PARASOL BLACK,rank,TW,2nd,none,none,,Correct,EDWARDIAN PARASOL BLACK.Rank=2
medium_product_2009-W50__S1__mock__r2,medium_product_2009-W50,medium,product,S1,mock,2,2,EDWARDIAN PARASOL BLACK,revenue,TW,"£3,448.60",none,none,,Correct,EDWARDIAN PARASOL BLACK.Revenue_TW=3448.6
medium_product_2009-W50__S1__mock__r2,medium_product_2009-W50,medium,product,S1,mock,2,3,BLACK RECORD COVER FRAME,revenue,WoW,185.5%,up,none,,Correct,BLACK RECORD COVER FRAME.Revenue_WoW_Pct=185.526
medium_product_2009-W50__S1__mock__r2,medium_product_2009-W50,medium,product,S1,mock,2,3,BLACK RECORD COVER FRAME,revenue,TW,"£1,144.96",none,none,,Correct,BLACK RECORD COVER FRAME.Revenue_TW=1144.96
medium_product_2009-W50__S1__mock__r2,medium_product_2009-W50,medium,product,S1,mock,2,4,PAPER CHAIN KIT 50'S CHRISTMAS,revenue,WoW,61.8%,down,none,,Correct,PAPER CHAIN KIT 50'S CHRISTMAS.Revenue_WoW_Pct=-61.7615
medium_product_2009-W50__S1__mock__r2,medium_product_2009-W50,medium,product,S1,mock,2,4,PAPER CHAIN KIT 50'S CHRISTMAS,revenue,TW,"£2,143.03",none,none,,Correct,PAPER CHAIN KIT 50'S CHRISTMAS.Revenue_TW=2143.03
medium_product_2009-W50__S1__mock__r2,medium_product_2009-W50,medium,product,S1,mock,2,5,WHITE HANGING HEART T-LIGHT HOLDER,units,TW,"3,172",none,none,,Correct,WHITE HANGING HEART T-LIGHT HOLDER.Units_TW=3172
medium_product_2009-W50__S1__mock__r2,medium_product_2009-W50,medium,product,S1,mock,2,5,WHITE HANGING HEART T-LIGHT HOLDER,units,LW,"1,851",none,none,,Correct,WHITE HANGING HEART T-LIGHT HOLDER.Units_LW=1851
medium_product_2009-W50__S1__mock__r2,medium_product_2009-W50,medium,product,S1,mock,2,6,WHITE HANGING HEART T-LIGHT HOLDER,orders,TW,119,none,none,,Wrong_value,WHITE HANGING HEART T-LIGHT HOLDER.Orders_TW=112
medium_product_2009-W50__S1__mock__r2,medium_product_2009-W50,medium,product,S1,mock,2,6,WHITE HANGING HEART T-LIGHT HOLDER,orders,LW,93,none,none,,Correct,WHITE HANGING HEART T-LIGHT HOLDER.Orders_LW=93
medium_product_2009-W50__S1__mock__r2,medium_product_2009-W50,medium,product,S1,mock,2,7,TOTAL,revenue,TW,£61.8k,none,none,,Correct,TOTAL.Revenue_TW=61834.6
medium_product_2009-W50__S1__mock__r2,medium_product_2009-W50,medium,product,S1,mock,2,7,TOTAL,revenue,WoW,11.8%,up,none,,Correct,TOTAL.Revenue_WoW_Pct=11.7601
medium_product_2009-W50__S2__mock__r1,medium_product_2009-W50,medium,product,S2,mock,1,0,TOTAL,revenue,TW,"£61,834.59",none,none,,Correct,TOTAL.Revenue_TW=61834.6
medium_product_2009-W50__S2__mock__r1,medium_product_2009-W50,medium,product,S2,mock,1,1,TOTAL,revenue,WoW,11.8%,up,none,,Correct,TOTAL.Revenue_WoW_Pct=11.7601
medium_product_2009-W50__S2__mock__r1,medium_product_2009-W50,medium,product,S2,mock,1,2,WHITE HANGING HEART T-LIGHT HOLDER,revenue,TW,"£8,406.79",none,none,,Correct,WHITE HANGING HEART T-LIGHT HOLDER.Revenue_TW=8406.79
medium_product_2009-W50__S2__mock__r1,medium_product_2009-W50,medium,product,S2,mock,1,3,WHITE HANGING HEART T-LIGHT HOLDER,share,TW,13.6%,none,none,,Correct,WHITE HANGING HEART T-LIGHT HOLDER.Share_Pct=13.6
medium_product_2009-W50__S2__mock__r1,medium_product_2009-W50,medium,product,S2,mock,1,4,WHITE HANGING HEART T-LIGHT HOLDER,revenue,WoW,70.1%,up,none,,Correct,WHITE HANGING HEART T-LIGHT HOLDER.Revenue_WoW_Pct=70.1025
medium_product_2009-W50__S2__mock__r1,medium_product_2009-W50,medium,product,S2,mock,1,5,EDWARDIAN PARASOL BLACK,revenue,TW,"£3,448.60",none,none,,Correct,EDWARDIAN PARASOL BLACK.Revenue_TW=3448.6
medium_product_2009-W50__S2__mock__r1,medium_product_2009-W50,medium,product,S2,mock,1,6,EDWARDIAN PARASOL BLACK,share,TW,5.6%,none,none,,Correct,EDWARDIAN PARASOL BLACK.Share_Pct=5.6
medium_product_2009-W50__S2__mock__r1,medium_product_2009-W50,medium,product,S2,mock,1,7,EDWARDIAN PARASOL BLACK,revenue,WoW,12.2%,down,none,,Correct,EDWARDIAN PARASOL BLACK.Revenue_WoW_Pct=-12.1946
medium_product_2009-W50__S2__mock__r2,medium_product_2009-W50,medium,product,S2,mock,2,0,TOTAL,revenue,TW,"£56,887.82",none,none,,Wrong_value,TOTAL.Revenue_TW=61834.6
medium_product_2009-W50__S2__mock__r2,medium_product_2009-W50,medium,product,S2,mock,2,1,TOTAL,revenue,WoW,11.8%,up,none,,Correct,TOTAL.Revenue_WoW_Pct=11.7601
medium_product_2009-W50__S2__mock__r2,medium_product_2009-W50,medium,product,S2,mock,2,2,WHITE HANGING HEART T-LIGHT HOLDER,revenue,TW,"£8,406.79",none,none,,Correct,WHITE HANGING HEART T-LIGHT HOLDER.Revenue_TW=8406.79
medium_product_2009-W50__S2__mock__r2,medium_product_2009-W50,medium,product,S2,mock,2,3,WHITE HANGING HEART T-LIGHT HOLDER,share,TW,13.6%,none,none,,Correct,WHITE HANGING HEART T-LIGHT HOLDER.Share_Pct=13.6
medium_product_2009-W50__S2__mock__r2,medium_product_2009-W50,medium,product,S2,mock,2,4,WHITE HANGING HEART T-LIGHT HOLDER,revenue,WoW,70.1%,up,none,,Correct,WHITE HANGING HEART T-LIGHT HOLDER.Revenue_WoW_Pct=70.1025
medium_product_2009-W50__S2__mock__r2,medium_product_2009-W50,medium,product,S2,mock,2,5,EDWARDIAN PARASOL BLACK,revenue,TW,"£3,655.52",none,none,,Wrong_value,EDWARDIAN PARASOL BLACK.Revenue_TW=3448.6
medium_product_2009-W50__S2__mock__r2,medium_product_2009-W50,medium,product,S2,mock,2,6,EDWARDIAN PARASOL BLACK,share,TW,5.6%,none,none,,Correct,EDWARDIAN PARASOL BLACK.Share_Pct=5.6
medium_product_2009-W50__S2__mock__r2,medium_product_2009-W50,medium,product,S2,mock,2,7,EDWARDIAN PARASOL BLACK,revenue,WoW,12.2%,down,none,,Correct,EDWARDIAN PARASOL BLACK.Revenue_WoW_Pct=-12.1946
medium_product_2009-W50__S3__mock__r1,medium_product_2009-W50,medium,product,S3,mock,1,0,WHITE HANGING HEART T-LIGHT HOLDER,revenue,TW,£8.4k,none,none,,Correct,WHITE HANGING HEART T-LIGHT HOLDER.Revenue_TW=8406.79
medium_product_2009-W50__S3__mock__r1,medium_product_2009-W50,medium,product,S3,mock,1,0,WHITE HANGING HEART T-LIGHT HOLDER,share,TW,13.6%,none,none,,Correct,WHITE HANGING HEART T-LIGHT HOLDER.Share_Pct=13.6
medium_product_2009-W50__S3__mock__r1,medium_product_2009-W50,medium,product,S3,mock,1,1,WHITE HANGING HEART T-LIGHT HOLDER,revenue,WoW,70.1%,up,none,,Correct,WHITE HANGING HEART T-LIGHT HOLDER.Revenue_WoW_Pct=70.1025
medium_product_2009-W50__S3__mock__r1,medium_product_2009-W50,medium,product,S3,mock,1,1,WHITE HANGING HEART T-LIGHT HOLDER,revenue,LW,"£4,942.19",none,none,,Correct,WHITE HANGING HEART T-LIGHT HOLDER.Revenue_LW=4942.19
medium_product_2009-W50__S3__mock__r1,medium_product_2009-W50,medium,product,S3,mock,1,2,EDWARDIAN PARASOL BLACK,rank,TW,2nd,none,none,,Correct,EDWARDIAN PARASOL BLACK.Rank=2
medium_product_2009-W50__S3__mock__r1,medium_product_2009-W50,medium,product,S3,mock,1,2,EDWARDIAN PARASOL BLACK,revenue,TW,"£3,448.60",none,none,,Correct,EDWARDIAN PARASOL BLACK.Revenue_TW=3448.6
medium_product_2009-W50__S3__mock__r1,medium_product_2009-W50,medium,product,S3,mock,1,3,BLACK RECORD COVER FRAME,revenue,WoW,185.5%,up,none,,Correct,BLACK RECORD COVER FRAME.Revenue_WoW_Pct=185.526
medium_product_2009-W50__S3__mock__r1,medium_product_2009-W50,medium,product,S3,mock,1,3,BLACK RECORD COVER FRAME,revenue,TW,"£1,144.96",none,none,,Correct,BLACK RECORD COVER FRAME.Revenue_TW=1144.96
medium_product_2009-W50__S3__mock__r1,medium_product_2009-W50,medium,product,S3,mock,1,4,PAPER CHAIN KIT 50'S CHRISTMAS,revenue,WoW,61.8%,down,none,,Correct,PAPER CHAIN KIT 50'S CHRISTMAS.Revenue_WoW_Pct=-61.7615
medium_product_2009-W50__S3__mock__r1,medium_product_2009-W50,medium,product,S3,mock,1,4,PAPER CHAIN KIT 50'S CHRISTMAS,revenue,TW,"£2,143.03",none,none,,Correct,PAPER CHAIN KIT 50'S CHRISTMAS.Revenue_TW=2143.03
medium_product_2009-W50__S3__mock__r1,medium_product_2009-W50,medium,product,S3,mock,1,5,WHITE HANGING HEART T-LIGHT HOLDER,units,TW,"3,172",none,none,,Correct,WHITE HANGING HEART T-LIGHT HOLDER.Units_TW=3172
medium_product_2009-W50__S3__mock__r1,medium_product_2009-W50,medium,product,S3,mock,1,5,WHITE HANGING HEART T-LIGHT HOLDER,units,LW,"1,851",none,none,,Correct,WHITE HANGING HEART T-LIGHT HOLDER.Units_LW=1851
medium_product_2009-W50__S3__mock__r1,medium_product_2009-W50,medium,product,S3,mock,1,6,WHITE HANGING HEART T-LIGHT HOLDER,orders,TW,112,none,none,,Correct,WHITE HANGING HEART T-LIGHT HOLDER.Orders_TW=112
medium_product_2009-W50__S3__mock__r1,medium_product_2009-W50,medium,product,S3,mock,1,6,WHITE HANGING HEART T-LIGHT HOLDER,orders,LW,93,none,none,,Correct,WHITE HANGING HEART T-LIGHT HOLDER.Orders_LW=93
medium_product_2009-W50__S3__mock__r1,medium_product_2009-W50,medium,product,S3,mock,1,7,TOTAL,revenue,TW,£61.8k,none,none,,Correct,TOTAL.Revenue_TW=61834.6
medium_product_2009-W50__S3__mock__r1,medium_product_2009-W50,medium,product,S3,mock,1,7,TOTAL,revenue,WoW,11.8%,up,none,,Correct,TOTAL.Revenue_WoW_Pct=11.7601
medium_product_2009-W50__S3__mock__r2,medium_product_2009-W50,medium,product,S3,mock,2,0,WHITE HANGING HEART T-LIGHT HOLDER,revenue,TW,£8.4k,none,none,,Correct,WHITE HANGING HEART T-LIGHT HOLDER.Revenue_TW=8406.79
medium_product_2009-W50__S3__mock__r2,medium_product_2009-W50,medium,product,S3,mock,2,0,WHITE HANGING HEART T-LIGHT HOLDER,share,TW,13.6%,none,none,,Correct,WHITE HANGING HEART T-LIGHT HOLDER.Share_Pct=13.6
medium_product_2009-W50__S3__mock__r2,medium_product_2009-W50,medium,product,S3,mock,2,1,WHITE HANGING HEART T-LIGHT HOLDER,revenue,WoW,70.1%,up,none,,Correct,WHITE HANGING HEART T-LIGHT HOLDER.Revenue_WoW_Pct=70.1025
medium_product_2009-W50__S3__mock__r2,medium_product_2009-W50,medium,product,S3,mock,2,1,WHITE HANGING HEART T-LIGHT HOLDER,revenue,LW,"£4,942.19",none,none,,Correct,WHITE HANGING HEART T-LIGHT HOLDER.Revenue_LW=4942.19
medium_product_2009-W50__S3__mock__r2,medium_product_2009-W50,medium,product,S3,mock,2,2,EDWARDIAN PARASOL BLACK,rank,TW,2nd,none,none,,Correct,EDWARDIAN PARASOL BLACK.Rank=2
medium_product_2009-W50__S3__mock__r2,medium_product_2009-W50,medium,product,S3,mock,2,2,EDWARDIAN PARASOL BLACK,revenue,TW,"£3,448.60",none,none,,Correct,EDWARDIAN PARASOL BLACK.Revenue_TW=3448.6
medium_product_2009-W50__S3__mock__r2,medium_product_2009-W50,medium,product,S3,mock,2,3,BLACK RECORD COVER FRAME,revenue,WoW,185.5%,up,none,,Correct,BLACK RECORD COVER FRAME.Revenue_WoW_Pct=185.526
medium_product_2009-W50__S3__mock__r2,medium_product_2009-W50,medium,product,S3,mock,2,3,BLACK RECORD COVER FRAME,revenue,TW,"£1,144.96",none,none,,Correct,BLACK RECORD COVER FRAME.Revenue_TW=1144.96
medium_product_2009-W50__S3__mock__r2,medium_product_2009-W50,medium,product,S3,mock,2,4,PAPER CHAIN KIT 50'S CHRISTMAS,revenue,WoW,61.8%,down,none,,Correct,PAPER CHAIN KIT 50'S CHRISTMAS.Revenue_WoW_Pct=-61.7615
medium_product_2009-W50__S3__mock__r2,medium_product_2009-W50,medium,product,S3,mock,2,4,PAPER CHAIN KIT 50'S CHRISTMAS,revenue,TW,"£2,143.03",none,none,,Correct,PAPER CHAIN KIT 50'S CHRISTMAS.Revenue_TW=2143.03
medium_product_2009-W50__S3__mock__r2,medium_product_2009-W50,medium,product,S3,mock,2,5,WHITE HANGING HEART T-LIGHT HOLDER,units,TW,"3,172",none,none,,Correct,WHITE HANGING HEART T-LIGHT HOLDER.Units_TW=3172
medium_product_2009-W50__S3__mock__r2,medium_product_2009-W50,medium,product,S3,mock,2,5,WHITE HANGING HEART T-LIGHT HOLDER,units,LW,"1,851",none,none,,Correct,WHITE HANGING HEART T-LIGHT HOLDER.Units_LW=1851
medium_product_2009-W50__S3__mock__r2,medium_product_2009-W50,medium,product,S3,mock,2,6,WHITE HANGING HEART T-LIGHT HOLDER,orders,TW,119,none,none,,Wrong_value,WHITE HANGING HEART T-LIGHT HOLDER.Orders_TW=112
medium_product_2009-W50__S3__mock__r2,medium_product_2009-W50,medium,product,S3,mock,2,6,WHITE HANGING HEART T-LIGHT HOLDER,orders,LW,93,none,none,,Correct,WHITE HANGING HEART T-LIGHT HOLDER.Orders_LW=93
medium_product_2009-W50__S3__mock__r2,medium_product_2009-W50,medium,product,S3,mock,2,7,TOTAL,revenue,TW,£61.8k,none,none,,Correct,TOTAL.Revenue_TW=61834.6
medium_product_2009-W50__S3__mock__r2,medium_product_2009-W50,medium,product,S3,mock,2,7,TOTAL,revenue,WoW,11.8%,up,none,,Correct,TOTAL.Revenue_WoW_Pct=11.7601
medium_product_2009-W50__S4__mock__r1,medium_product_2009-W50,medium,product,S4,mock,1,0,TOTAL,revenue,TW,"£61,834.59",none,none,,Correct,TOTAL.Revenue_TW=61834.6
medium_product_2009-W50__S4__mock__r1,medium_product_2009-W50,medium,product,S4,mock,1,0,TOTAL,revenue,LW,"£55,327.99",none,none,,Correct,TOTAL.Revenue_LW=55328
medium_product_2009-W50__S4__mock__r1,medium_product_2009-W50,medium,product,S4,mock,1,0,TOTAL,revenue,WoW,+11.8%,none,none,,Correct,TOTAL.Revenue_WoW_Pct=11.7601
medium_product_2009-W50__S4__mock__r1,medium_product_2009-W50,medium,product,S4,mock,1,1,WHITE HANGING HEART T-LIGHT HOLDER,rank,TW,1,none,none,,Correct,WHITE HANGING HEART T-LIGHT HOLDER.Rank=1
medium_product_2009-W50__S4__mock__r1,medium_product_2009-W50,medium,product,S4,mock,1,1,WHITE HANGING HEART T-LIGHT HOLDER,revenue,TW,"£8,406.79",none,none,,Correct,WHITE HANGING HEART T-LIGHT HOLDER.Revenue_TW=8406.79
medium_product_2009-W50__S4__mock__r1,medium_product_2009-W50,medium,product,S4,mock,1,1,WHITE HANGING HEART T-LIGHT HOLDER,share,TW,13.6%,none,none,,Correct,WHITE HANGING HEART T-LIGHT HOLDER.Share_Pct=13.6
medium_product_2009-W50__S4__mock__r1,medium_product_2009-W50,medium,product,S4,mock,1,1,WHITE HANGING HEART T-LIGHT HOLDER,revenue,WoW,+70.1%,none,none,,Correct,WHITE HANGING HEART T-LIGHT HOLDER.Revenue_WoW_Pct=70.1025
medium_product_2009-W50__S4__mock__r1,medium_product_2009-W50,medium,product,S4,mock,1,2,EDWARDIAN PARASOL BLACK,rank,TW,2,none,none,,Correct,EDWARDIAN PARASOL BLACK.Rank=2
medium_product_2009-W50__S4__mock__r1,medium_product_2009-W50,medium,product,S4,mock,1,2,EDWARDIAN PARASOL BLACK,revenue,TW,"£3,448.60",none,none,,Correct,EDWARDIAN PARASOL BLACK.Revenue_TW=3448.6
medium_product_2009-W50__S4__mock__r1,medium_product_2009-W50,medium,product,S4,mock,1,2,EDWARDIAN PARASOL BLACK,share,TW,5.6%,none,none,,Correct,EDWARDIAN PARASOL BLACK.Share_Pct=5.6
medium_product_2009-W50__S4__mock__r1,medium_product_2009-W50,medium,product,S4,mock,1,2,EDWARDIAN PARASOL BLACK,revenue,WoW,-12.2%,none,none,,Correct,EDWARDIAN PARASOL BLACK.Revenue_WoW_Pct=-12.1946
medium_product_2009-W50__S4__mock__r1,medium_product_2009-W50,medium,product,S4,mock,1,3,FAIRY CAKE CANDLES,rank,TW,3,none,none,,Correct,FAIRY CAKE CANDLES.Rank=3
medium_product_2009-W50__S4__mock__r1,medium_product_2009-W50,medium,product,S4,mock,1,3,FAIRY CAKE CANDLES,revenue,TW,"£3,065.02",none,none,,Correct,FAIRY CAKE CANDLES.Revenue_TW=3065.02
medium_product_2009-W50__S4__mock__r1,medium_product_2009-W50,medium,product,S4,mock,1,3,FAIRY CAKE CANDLES,share,TW,5.0%,none,none,,Correct,FAIRY CAKE CANDLES.Share_Pct=5
medium_product_2009-W50__S4__mock__r1,medium_product_2009-W50,medium,product,S4,mock,1,3,FAIRY CAKE CANDLES,revenue,WoW,+121.8%,none,none,,Correct,FAIRY CAKE CANDLES.Revenue_WoW_Pct=121.806
medium_product_2009-W50__S4__mock__r1,medium_product_2009-W50,medium,product,S4,mock,1,4,BLACK RECORD COVER FRAME,revenue,WoW,+185.5%,none,none,,Correct,BLACK RECORD COVER FRAME.Revenue_WoW_Pct=185.526
medium_product_2009-W50__S4__mock__r1,medium_product_2009-W50,medium,product,S4,mock,1,4,BLACK RECORD COVER FRAME,revenue,TW,"£1,144.96",none,none,,Correct,BLACK RECORD COVER FRAME.Revenue_TW=1144.96
medium_product_2009-W50__S4__mock__r1,medium_product_2009-W50,medium,product,S4,mock,1,4,BLACK RECORD COVER FRAME,revenue,LW,£401.00,none,none,,Correct,BLACK RECORD COVER FRAME.Revenue_LW=401
medium_product_2009-W50__S4__mock__r1,medium_product_2009-W50,medium,product,S4,mock,1,5,PAPER CHAIN KIT 50'S CHRISTMAS,revenue,WoW,-61.8%,none,none,,Correct,PAPER CHAIN KIT 50'S CHRISTMAS.Revenue_WoW_Pct=-61.7615
medium_product_2009-W50__S4__mock__r1,medium_product_2009-W50,medium,product,S4,mock,1,5,PAPER CHAIN KIT 50'S CHRISTMAS,revenue,TW,"£2,143.03",none,none,,Correct,PAPER CHAIN KIT 50'S CHRISTMAS.Revenue_TW=2143.03
medium_product_2009-W50__S4__mock__r1,medium_product_2009-W50,medium,product,S4,mock,1,5,PAPER CHAIN KIT 50'S CHRISTMAS,revenue,LW,"£5,604.38",none,none,,Correct,PAPER CHAIN KIT 50'S CHRISTMAS.Revenue_LW=5604.38
medium_product_2009-W50__S4__mock__r1,medium_product_2009-W50,medium,product,S4,mock,1,6,WHITE HANGING HEART T-LIGHT HOLDER,orders,TW,112,none,none,,Correct,WHITE HANGING HEART T-LIGHT HOLDER.Orders_TW=112
medium_product_2009-W50__S4__mock__r1,medium_product_2009-W50,medium,product,S4,mock,1,6,WHITE HANGING HEART T-LIGHT HOLDER,orders,LW,93,none,none,,Correct,WHITE HANGING HEART T-LIGHT HOLDER.Orders_LW=93
medium_product_2009-W50__S4__mock__r2,medium_product_2009-W50,medium,product,S4,mock,2,0,TOTAL,revenue,TW,"£61,834.59",none,none,,Correct,TOTAL.Revenue_TW=61834.6
medium_product_2009-W50__S4__mock__r2,medium_product_2009-W50,medium,product,S4,mock,2,0,TOTAL,revenue,LW,"£55,327.99",none,none,,Correct,TOTAL.Revenue_LW=55328
medium_product_2009-W50__S4__mock__r2,medium_product_2009-W50,medium,product,S4,mock,2,0,TOTAL,revenue,WoW,+11.8%,none,none,,Correct,TOTAL.Revenue_WoW_Pct=11.7601
medium_product_2009-W50__S4__mock__r2,medium_product_2009-W50,medium,product,S4,mock,2,1,WHITE HANGING HEART T-LIGHT HOLDER,rank,TW,1,none,none,,Correct,WHITE HANGING HEART T-LIGHT HOLDER.Rank=1
medium_product_2009-W50__S4__mock__r2,medium_product_2009-W50,medium,product,S4,mock,2,1,WHITE HANGING HEART T-LIGHT HOLDER,revenue,TW,"£8,406.79",none,none,,Correct,WHITE HANGING HEART T-LIGHT HOLDER.Revenue_TW=8406.79
medium_product_2009-W50__S4__mock__r2,medium_product_2009-W50,medium,product,S4,mock,2,1,WHITE HANGING HEART T-LIGHT HOLDER,share,TW,13.6%,none,none,,Correct,WHITE HANGING HEART T-LIGHT HOLDER.Share_Pct=13.6
medium_product_2009-W50__S4__mock__r2,medium_product_2009-W50,medium,product,S4,mock,2,1,WHITE HANGING HEART T-LIGHT HOLDER,revenue,WoW,+70.1%,none,none,,Correct,WHITE HANGING HEART T-LIGHT HOLDER.Revenue_WoW_Pct=70.1025
medium_product_2009-W50__S4__mock__r2,medium_product_2009-W50,medium,product,S4,mock,2,2,EDWARDIAN PARASOL BLACK,rank,TW,2,none,none,,Correct,EDWARDIAN PARASOL BLACK.Rank=2
medium_product_2009-W50__S4__mock__r2,medium_product_2009-W50,medium,product,S4,mock,2,2,EDWARDIAN PARASOL BLACK,revenue,TW,"£3,448.60",none,none,,Correct,EDWARDIAN PARASOL BLACK.Revenue_TW=3448.6
medium_product_2009-W50__S4__mock__r2,medium_product_2009-W50,medium,product,S4,mock,2,2,EDWARDIAN PARASOL BLACK,share,TW,5.6%,none,none,,Correct,EDWARDIAN PARASOL BLACK.Share_Pct=5.6
medium_product_2009-W50__S4__mock__r2,medium_product_2009-W50,medium,product,S4,mock,2,2,EDWARDIAN PARASOL BLACK,revenue,WoW,-12.2%,none,none,,Correct,EDWARDIAN PARASOL BLACK.Revenue_WoW_Pct=-12.1946
medium_product_2009-W50__S4__mock__r2,medium_product_2009-W50,medium,product,S4,mock,2,3,FAIRY CAKE CANDLES,rank,TW,3,none,none,,Correct,FAIRY CAKE CANDLES.Rank=3
medium_product_2009-W50__S4__mock__r2,medium_product_2009-W50,medium,product,S4,mock,2,3,FAIRY CAKE CANDLES,revenue,TW,"£3,065.02",none,none,,Correct,FAIRY CAKE CANDLES.Revenue_TW=3065.02
medium_product_2009-W50__S4__mock__r2,medium_product_2009-W50,medium,product,S4,mock,2,3,FAIRY CAKE CANDLES,share,TW,5.0%,none,none,,Correct,FAIRY CAKE CANDLES.Share_Pct=5
medium_product_2009-W50__S4__mock__r2,medium_product_2009-W50,medium,product,S4,mock,2,3,FAIRY CAKE CANDLES,revenue,WoW,+121.8%,none,none,,Correct,FAIRY CAKE CANDLES.Revenue_WoW_Pct=121.806
medium_product_2009-W50__S4__mock__r2,medium_product_2009-W50,medium,product,S4,mock,2,4,BLACK RECORD COVER FRAME,revenue,WoW,+185.5%,none,none,,Correct,BLACK RECORD COVER FRAME.Revenue_WoW_Pct=185.526
medium_product_2009-W50__S4__mock__r2,medium_product_2009-W50,medium,product,S4,mock,2,4,BLACK RECORD COVER FRAME,revenue,TW,"£1,144.96",none,none,,Correct,BLACK RECORD COVER FRAME.Revenue_TW=1144.96
medium_product_2009-W50__S4__mock__r2,medium_product_2009-W50,medium,product,S4,mock,2,4,BLACK RECORD COVER FRAME,revenue,LW,£401.00,none,none,,Correct,BLACK RECORD COVER FRAME.Revenue_LW=401
medium_product_2009-W50__S4__mock__r2,medium_product_2009-W50,medium,product,S4,mock,2,5,PAPER CHAIN KIT 50'S CHRISTMAS,revenue,WoW,-61.8%,none,none,,Correct,PAPER CHAIN KIT 50'S CHRISTMAS.Revenue_WoW_Pct=-61.7615
medium_product_2009-W50__S4__mock__r2,medium_product_2009-W50,medium,product,S4,mock,2,5,PAPER CHAIN KIT 50'S CHRISTMAS,revenue,TW,"£2,143.03",none,none,,Correct,PAPER CHAIN KIT 50'S CHRISTMAS.Revenue_TW=2143.03
medium_product_2009-W50__S4__mock__r2,medium_product_2009-W50,medium,product,S4,mock,2,5,PAPER CHAIN KIT 50'S CHRISTMAS,revenue,LW,"£5,604.38",none,none,,Correct,PAPER CHAIN KIT 50'S CHRISTMAS.Revenue_LW=5604.38
medium_product_2009-W50__S4__mock__r2,medium_product_2009-W50,medium,product,S4,mock,2,6,WHITE HANGING HEART T-LIGHT HOLDER,orders,TW,112,none,none,,Correct,WHITE HANGING HEART T-LIGHT HOLDER.Orders_TW=112
medium_product_2009-W50__S4__mock__r2,medium_product_2009-W50,medium,product,S4,mock,2,6,WHITE HANGING HEART T-LIGHT HOLDER,orders,LW,93,none,none,,Correct,WHITE HANGING HEART T-LIGHT HOLDER.Orders_LW=93
medium_product_2011-W42__S1__mock__r1,medium_product_2011-W42,medium,product,S1,mock,1,0,LANDMARK FRAME COVENT GARDEN,revenue,TW,£3.8k,none,none,,Correct,LANDMARK FRAME COVENT GARDEN.Revenue_TW=3766.4
medium_product_2011-W42__S1__mock__r1,medium_product_2011-W42,medium,product,S1,mock,1,0,LANDMARK FRAME COVENT GARDEN,share,TW,2.0%,none,none,,Wrong_value,LANDMARK FRAME COVENT GARDEN.Share_Pct=6.5; value also matches 2 other rows
medium_product_2011-W42__S1__mock__r1,medium_product_2011-W42,medium,product,S1,mock,1,1,LANDMARK FRAME OXFORD STREET,rank,TW,2nd,none,none,,Correct,LANDMARK FRAME OXFORD STREET.Rank=2
medium_product_2011-W42__S1__mock__r1,medium_product_2011-W42,medium,product,S1,mock,1,1,LANDMARK FRAME OXFORD STREET,revenue,TW,"£3,753.90",none,none,,Correct,LANDMARK FRAME OXFORD STREET.Revenue_TW=3753.9
medium_product_2011-W42__S1__mock__r1,medium_product_2011-W42,medium,product,S1,mock,1,2,GINGHAM HEART DECORATION,revenue,WoW,2054.1%,up,none,,Correct,GINGHAM HEART DECORATION.Revenue_WoW_Pct=2054.07
medium_product_2011-W42__S1__mock__r1,medium_product_2011-W42,medium,product,S1,mock,1,2,GINGHAM HEART DECORATION,revenue,TW,"£1,565.58",none,none,,Correct,GINGHAM HEART DECORATION.Revenue_TW=1565.58
medium_product_2011-W42__S1__mock__r1,medium_product_2011-W42,medium,product,S1,mock,1,3,DOORMAT KEEP CALM AND COME IN,revenue,WoW,34.4%,down,none,,Correct,DOORMAT KEEP CALM AND COME IN.Revenue_WoW_Pct=-34.4178
medium_product_2011-W42__S1__mock__r1,medium_product_2011-W42,medium,product,S1,mock,1,3,DOORMAT KEEP CALM AND COME IN,revenue,TW,"£1,248.25",none,none,,Wrong_value,DOORMAT KEEP CALM AND COME IN.Revenue_TW=1356.79
medium_product_2011-W42__S1__mock__r1,medium_product_2011-W42,medium,product,S1,mock,1,4,LANDMARK FRAME COVENT GARDEN,units,TW,340,none,none,,Correct,LANDMARK FRAME COVENT GARDEN.Units_TW=340
medium_product_2011-W42__S1__mock__r1,medium_product_2011-W42,medium,product,S1,mock,1,4,LANDMARK FRAME COVENT GARDEN,units,LW,0,none,none,,Correct,LANDMARK FRAME COVENT GARDEN.Units_LW=0
medium_product_2011-W42__S1__mock__r1,medium_product_2011-W42,medium,product,S1,mock,1,5,HOT WATER BOTTLE KEEP CALM,orders,TW,7,none,none,,Wrong_entity,value belongs to LANDMARK FRAME BAKER STREET.Orders_TW=7; claimed HOT WATER BOTTLE KEEP CALM
medium_product_2011-W42__S1__mock__r1,medium_product_2011-W42,medium,product,S1,mock,1,5,HOT WATER BOTTLE KEEP CALM,orders,LW,38,none,none,,Correct,HOT WATER BOTTLE KEEP CALM.Orders_LW=38
medium_product_2011-W42__S1__mock__r1,medium_product_2011-W42,medium,product,S1,mock,1,6,TOTAL,revenue,TW,£58.3k,none,none,,Correct,TOTAL.Revenue_TW=58323.3
medium_product_2011-W42__S1__mock__r1,medium_product_2011-W42,medium,product,S1,mock,1,6,TOTAL,revenue,WoW,150.8%,up,none,,Correct,TOTAL.Revenue_WoW_Pct=150.802
medium_product_2011-W42__S1__mock__r2,medium_product_2011-W42,medium,product,S1,mock,2,0,LANDMARK FRAME COVENT GARDEN,revenue,TW,£3.6k,none,none,,Wrong_entity,value belongs to LANDMARK FRAME LONDON BRIDGE.Revenue_TW=3603.9; claimed LANDMARK FRAME COVENT GARDEN
medium_product_2011-W42__S1__mock__r2,medium_product_2011-W42,medium,product,S1,mock,2,0,LANDMARK FRAME COVENT GARDEN,share,TW,6.5%,none,none,,Correct,LANDMARK FRAME COVENT GARDEN.Share_Pct=6.5
medium_product_2011-W42__S1__mock__r2,medium_product_2011-W42,medium,product,S1,mock,2,1,LANDMARK FRAME OXFORD STREET,rank,TW,2nd,none,none,,Correct,LANDMARK FRAME OXFORD STREET.Rank=2
medium_product_2011-W42__S1__mock__r2,medium_product_2011-W42,medium,product,S1,mock,2,1,LANDMARK FRAME OXFORD STREET,revenue,TW,"£3,753.90",none,none,,Correct,LANDMARK FRAME OXFORD STREET.Revenue_TW=3753.9
medium_product_2011-W42__S1__mock__r2,medium_product_2011-W42,medium,product,S1,mock,2,2,GINGHAM HEART DECORATION,revenue,WoW,2054.1%,up,none,,Correct,GINGHAM HEART DECORATION.Revenue_WoW_Pct=2054.07
medium_product_2011-W42__S1__mock__r2,medium_product_2011-W42,medium,product,S1,mock,2,2,GINGHAM HEART DECORATION,revenue,TW,"£1,565.58",none,none,,Correct,GINGHAM HEART DECORATION.Revenue_TW=1565.58
medium_product_2011-W42__S1__mock__r2,medium_product_2011-W42,medium,product,S1,mock,2,3,DOORMAT KEEP CALM AND COME IN,revenue,WoW,34.4%,down,none,,Correct,DOORMAT KEEP CALM AND COME IN.Revenue_WoW_Pct=-34.4178
medium_product_2011-W42__S1__mock__r2,medium_product_2011-W42,medium,product,S1,mock,2,3,DOORMAT KEEP CALM AND COME IN,revenue,TW,"£1,356.79",none,none,,Correct,DOORMAT KEEP CALM AND COME IN.Revenue_TW=1356.79
medium_product_2011-W42__S1__mock__r2,medium_product_2011-W42,medium,product,S1,mock,2,4,LANDMARK FRAME COVENT GARDEN,units,TW,340,none,none,,Correct,LANDMARK FRAME COVENT GARDEN.Units_TW=340
medium_product_2011-W42__S1__mock__r2,medium_product_2011-W42,medium,product,S1,mock,2,4,LANDMARK FRAME COVENT GARDEN,units,LW,0,none,none,,Correct,LANDMARK FRAME COVENT GARDEN.Units_LW=0
medium_product_2011-W42__S1__mock__r2,medium_product_2011-W42,medium,product,S1,mock,2,5,HOT WATER BOTTLE KEEP CALM,orders,TW,50,none,none,,Correct,HOT WATER BOTTLE KEEP CALM.Orders_TW=50
medium_product_2011-W42__S1__mock__r2,medium_product_2011-W42,medium,product,S1,mock,2,5,HOT WATER BOTTLE KEEP CALM,orders,LW,38,none,none,,Correct,HOT WATER BOTTLE KEEP CALM.Orders_LW=38
medium_product_2011-W42__S1__mock__r2,medium_product_2011-W42,medium,product,S1,mock,2,6,TOTAL,revenue,TW,£64.7k,none,none,,Wrong_value,TOTAL.Revenue_TW=58323.3
medium_product_2011-W42__S1__mock__r2,medium_product_2011-W42,medium,product,S1,mock,2,6,TOTAL,revenue,WoW,150.8%,up,none,,Correct,TOTAL.Revenue_WoW_Pct=150.802
medium_product_2011-W42__S2__mock__r1,medium_product_2011-W42,medium,product,S2,mock,1,0,TOTAL,revenue,TW,"£58,323.33",none,none,,Correct,TOTAL.Revenue_TW=58323.3
medium_product_2011-W42__S2__mock__r1,medium_product_2011-W42,medium,product,S2,mock,1,1,TOTAL,revenue,WoW,150.8%,up,none,,Correct,TOTAL.Revenue_WoW_Pct=150.802
medium_product_2011-W42__S2__mock__r1,medium_product_2011-W42,medium,product,S2,mock,1,2,LANDMARK FRAME COVENT GARDEN,revenue,TW,"£3,766.40",none,none,,Correct,LANDMARK FRAME COVENT GARDEN.Revenue_TW=3766.4
medium_product_2011-W42__S2__mock__r1,medium_product_2011-W42,medium,product,S2,mock,1,3,LANDMARK FRAME COVENT GARDEN,share,TW,6.5%,none,none,,Correct,LANDMARK FRAME COVENT GARDEN.Share_Pct=6.5
medium_product_2011-W42__S2__mock__r1,medium_product_2011-W42,medium,product,S2,mock,1,4,LANDMARK FRAME OXFORD STREET,revenue,TW,"£3,753.90",none,none,,Correct,LANDMARK FRAME OXFORD STREET.Revenue_TW=3753.9
medium_product_2011-W42__S2__mock__r1,medium_product_2011-W42,medium,product,S2,mock,1,5,LANDMARK FRAME OXFORD STREET,share,TW,6.4%,none,none,,Correct,LANDMARK FRAME OXFORD STREET.Share_Pct=6.4
medium_product_2011-W42__S2__mock__r1,medium_product_2011-W42,medium,product,S2,mock,1,6,LANDMARK FRAME NOTTING HILL,revenue,TW,"£3,660.00",none,none,,Correct,LANDMARK FRAME NOTTING HILL.Revenue_TW=3660
medium_product_2011-W42__S2__mock__r1,medium_product_2011-W42,medium,product,S2,mock,1,7,LANDMARK FRAME NOTTING HILL,share,TW,6.3%,none,none,,Correct,LANDMARK FRAME NOTTING HILL.Share_Pct=6.3
medium_product_2011-W42__S2__mock__r2,medium_product_2011-W42,medium,product,S2,mock,2,0,TOTAL,revenue,TW,"£58,323.33",none,none,,Correct,TOTAL.Revenue_TW=58323.3
medium_product_2011-W42__S2__mock__r2,medium_product_2011-W42,medium,product,S2,mock,2,1,TOTAL,revenue,WoW,150.8%,up,none,,Correct,TOTAL.Revenue_WoW_Pct=150.802
medium_product_2011-W42__S2__mock__r2,medium_product_2011-W42,medium,product,S2,mock,2,2,LANDMARK FRAME COVENT GARDEN,revenue,TW,"£3,766.40",none,none,,Correct,LANDMARK FRAME COVENT GARDEN.Revenue_TW=3766.4
medium_product_2011-W42__S2__mock__r2,medium_product_2011-W42,medium,product,S2,mock,2,3,LANDMARK FRAME COVENT GARDEN,share,TW,6.5%,none,none,,Correct,LANDMARK FRAME COVENT GARDEN.Share_Pct=6.5
medium_product_2011-W42__S2__mock__r2,medium_product_2011-W42,medium,product,S2,mock,2,4,LANDMARK FRAME OXFORD STREET,revenue,TW,"£3,753.90",none,none,,Correct,LANDMARK FRAME OXFORD STREET.Revenue_TW=3753.9
medium_product_2011-W42__S2__mock__r2,medium_product_2011-W42,medium,product,S2,mock,2,5,LANDMARK FRAME OXFORD STREET,share,TW,5.9%,none,none,,Wrong_value,LANDMARK FRAME OXFORD STREET.Share_Pct=6.4; value also matches 2 other rows
medium_product_2011-W42__S2__mock__r2,medium_product_2011-W42,medium,product,S2,mock,2,6,LANDMARK FRAME NOTTING HILL,revenue,TW,"£3,367.20",none,none,,Wrong_value,LANDMARK FRAME NOTTING HILL.Revenue_TW=3660
medium_product_2011-W42__S2__mock__r2,medium_product_2011-W42,medium,product,S2,mock,2,7,LANDMARK FRAME NOTTING HILL,share,TW,6.3%,none,none,,Correct,LANDMARK FRAME NOTTING HILL.Share_Pct=6.3
medium_product_2011-W42__S3__mock__r1,medium_product_2011-W42,medium,product,S3,mock,1,0,LANDMARK FRAME COVENT GARDEN,revenue,TW,£3.8k,none,none,,Correct,LANDMARK FRAME COVENT GARDEN.Revenue_TW=3766.4
medium_product_2011-W42__S3__mock__r1,medium_product_2011-W42,medium,product,S3,mock,1,0,LANDMARK FRAME COVENT GARDEN,share,TW,2.0%,none,none,,Wrong_value,LANDMARK FRAME COVENT GARDEN.Share_Pct=6.5; value also matches 2 other rows
medium_product_2011-W42__S3__mock__r1,medium_product_2011-W42,medium,product,S3,mock,1,1,LANDMARK FRAME OXFORD STREET,rank,TW,2nd,none,none,,Correct,LANDMARK FRAME OXFORD STREET.Rank=2
medium_product_2011-W42__S3__mock__r1,medium_product_2011-W42,medium,product,S3,mock,1,1,LANDMARK FRAME OXFORD STREET,revenue,TW,"£3,753.90",none,none,,Correct,LANDMARK FRAME OXFORD STREET.Revenue_TW=3753.9
medium_product_2011-W42__S3__mock__r1,medium_product_2011-W42,medium,product,S3,mock,1,2,GINGHAM HEART DECORATION,revenue,WoW,2054.1%,up,none,,Correct,GINGHAM HEART DECORATION.Revenue_WoW_Pct=2054.07
medium_product_2011-W42__S3__mock__r1,medium_product_2011-W42,medium,product,S3,mock,1,2,GINGHAM HEART DECORATION,revenue,TW,"£1,565.58",none,none,,Correct,GINGHAM HEART DECORATION.Revenue_TW=1565.58
medium_product_2011-W42__S3__mock__r1,medium_product_2011-W42,medium,product,S3,mock,1,3,DOORMAT KEEP CALM AND COME IN,revenue,WoW,34.4%,down,none,,Correct,DOORMAT KEEP CALM AND COME IN.Revenue_WoW_Pct=-34.4178
medium_product_2011-W42__S3__mock__r1,medium_product_2011-W42,medium,product,S3,mock,1,3,DOORMAT KEEP CALM AND COME IN,revenue,TW,"£1,356.79",none,none,,Correct,DOORMAT KEEP CALM AND COME IN.Revenue_TW=1356.79
medium_product_2011-W42__S3__mock__r1,medium_product_2011-W42,medium,product,S3,mock,1,4,LANDMARK FRAME COVENT GARDEN,units,TW,340,none,none,,Correct,LANDMARK FRAME COVENT GARDEN.Units_TW=340
medium_product_2011-W42__S3__mock__r1,medium_product_2011-W42,medium,product,S3,mock,1,4,LANDMARK FRAME COVENT GARDEN,units,LW,0,none,none,,Correct,LANDMARK FRAME COVENT GARDEN.Units_LW=0
medium_product_2011-W42__S3__mock__r1,medium_product_2011-W42,medium,product,S3,mock,1,5,HOT WATER BOTTLE KEEP CALM,orders,TW,7,none,none,,Wrong_entity,value belongs to LANDMARK FRAME BAKER STREET.Orders_TW=7; claimed HOT WATER BOTTLE KEEP CALM
medium_product_2011-W42__S3__mock__r1,medium_product_2011-W42,medium,product,S3,mock,1,5,HOT WATER BOTTLE KEEP CALM,orders,LW,38,none,none,,Correct,HOT WATER BOTTLE KEEP CALM.Orders_LW=38
medium_product_2011-W42__S3__mock__r1,medium_product_2011-W42,medium,product,S3,mock,1,6,TOTAL,revenue,TW,£58.3k,none,none,,Correct,TOTAL.Revenue_TW=58323.3
medium_product_2011-W42__S3__mock__r1,medium_product_2011-W42,medium,product,S3,mock,1,6,TOTAL,revenue,WoW,150.8%,up,none,,Correct,TOTAL.Revenue_WoW_Pct=150.802
medium_product_2011-W42__S3__mock__r2,medium_product_2011-W42,medium,product,S3,mock,2,0,LANDMARK FRAME COVENT GARDEN,revenue,TW,£3.6k,none,none,,Wrong_entity,value belongs to LANDMARK FRAME LONDON BRIDGE.Revenue_TW=3603.9; claimed LANDMARK FRAME COVENT GARDEN
medium_product_2011-W42__S3__mock__r2,medium_product_2011-W42,medium,product,S3,mock,2,0,LANDMARK FRAME COVENT GARDEN,share,TW,6.5%,none,none,,Correct,LANDMARK FRAME COVENT GARDEN.Share_Pct=6.5
medium_product_2011-W42__S3__mock__r2,medium_product_2011-W42,medium,product,S3,mock,2,1,LANDMARK FRAME OXFORD STREET,rank,TW,2nd,none,none,,Correct,LANDMARK FRAME OXFORD STREET.Rank=2
medium_product_2011-W42__S3__mock__r2,medium_product_2011-W42,medium,product,S3,mock,2,1,LANDMARK FRAME OXFORD STREET,revenue,TW,"£3,753.90",none,none,,Correct,LANDMARK FRAME OXFORD STREET.Revenue_TW=3753.9
medium_product_2011-W42__S3__mock__r2,medium_product_2011-W42,medium,product,S3,mock,2,2,GINGHAM HEART DECORATION,revenue,WoW,2054.1%,up,none,,Correct,GINGHAM HEART DECORATION.Revenue_WoW_Pct=2054.07
medium_product_2011-W42__S3__mock__r2,medium_product_2011-W42,medium,product,S3,mock,2,2,GINGHAM HEART DECORATION,revenue,TW,"£1,565.58",none,none,,Correct,GINGHAM HEART DECORATION.Revenue_TW=1565.58
medium_product_2011-W42__S3__mock__r2,medium_product_2011-W42,medium,product,S3,mock,2,3,DOORMAT KEEP CALM AND COME IN,revenue,WoW,34.4%,down,none,,Correct,DOORMAT KEEP CALM AND COME IN.Revenue_WoW_Pct=-34.4178
medium_product_2011-W42__S3__mock__r2,medium_product_2011-W42,medium,product,S3,mock,2,3,DOORMAT KEEP CALM AND COME IN,revenue,TW,"£1,356.79",none,none,,Correct,DOORMAT KEEP CALM AND COME IN.Revenue_TW=1356.79
medium_product_2011-W42__S3__mock__r2,medium_product_2011-W42,medium,product,S3,mock,2,4,LANDMARK FRAME COVENT GARDEN,units,TW,340,none,none,,Correct,LANDMARK FRAME COVENT GARDEN.Units_TW=340
medium_product_2011-W42__S3__mock__r2,medium_product_2011-W42,medium,product,S3,mock,2,4,LANDMARK FRAME COVENT GARDEN,units,LW,0,none,none,,Correct,LANDMARK FRAME COVENT GARDEN.Units_LW=0
medium_product_2011-W42__S3__mock__r2,medium_product_2011-W42,medium,product,S3,mock,2,5,HOT WATER BOTTLE KEEP CALM,orders,TW,50,none,none,,Correct,HOT WATER BOTTLE KEEP CALM.Orders_TW=50
medium_product_2011-W42__S3__mock__r2,medium_product_2011-W42,medium,product,S3,mock,2,5,HOT WATER BOTTLE KEEP CALM,orders,LW,38,none,none,,Correct,HOT WATER BOTTLE KEEP CALM.Orders_LW=38
medium_product_2011-W42__S3__mock__r2,medium_product_2011-W42,medium,product,S3,mock,2,6,TOTAL,revenue,TW,£58.3k,none,none,,Correct,TOTAL.Revenue_TW=58323.3
medium_product_2011-W42__S3__mock__r2,medium_product_2011-W42,medium,product,S3,mock,2,6,TOTAL,revenue,WoW,150.8%,up,none,,Correct,TOTAL.Revenue_WoW_Pct=150.802
medium_product_2011-W42__S4__mock__r1,medium_product_2011-W42,medium,product,S4,mock,1,0,TOTAL,revenue,TW,"£58,323.33",none,none,,Correct,TOTAL.Revenue_TW=58323.3
medium_product_2011-W42__S4__mock__r1,medium_product_2011-W42,medium,product,S4,mock,1,0,TOTAL,revenue,LW,"£23,254.70",none,none,,Correct,TOTAL.Revenue_LW=23254.7
medium_product_2011-W42__S4__mock__r1,medium_product_2011-W42,medium,product,S4,mock,1,0,TOTAL,revenue,WoW,+150.8%,none,none,,Correct,TOTAL.Revenue_WoW_Pct=150.802
medium_product_2011-W42__S4__mock__r1,medium_product_2011-W42,medium,product,S4,mock,1,0,TOTAL,revenue,YoY,+180.6%,none,none,,Correct,TOTAL.Revenue_YoY_Pct=180.579
medium_product_2011-W42__S4__mock__r1,medium_product_2011-W42,medium,product,S4,mock,1,1,LANDMARK FRAME COVENT GARDEN,rank,TW,1,none,none,,Correct,LANDMARK FRAME COVENT GARDEN.Rank=1
medium_product_2011-W42__S4__mock__r1,medium_product_2011-W42,medium,product,S4,mock,1,1,LANDMARK FRAME COVENT GARDEN,revenue,TW,"£3,766.40",none,none,,Correct,LANDMARK FRAME COVENT GARDEN.Revenue_TW=3766.4
medium_product_2011-W42__S4__mock__r1,medium_product_2011-W42,medium,product,S4,mock,1,1,LANDMARK FRAME COVENT GARDEN,share,TW,6.5%,none,none,,Correct,LANDMARK FRAME COVENT GARDEN.Share_Pct=6.5
medium_product_2011-W42__S4__mock__r1,medium_product_2011-W42,medium,product,S4,mock,1,2,LANDMARK FRAME OXFORD STREET,rank,TW,2,none,none,,Correct,LANDMARK FRAME OXFORD STREET.Rank=2
medium_product_2011-W42__S4__mock__r1,medium_product_2011-W42,medium,product,S4,mock,1,2,LANDMARK FRAME OXFORD STREET,revenue,TW,"£3,753.90",none,none,,Correct,LANDMARK FRAME OXFORD STREET.Revenue_TW=3753.9
medium_product_2011-W42__S4__mock__r1,medium_product_2011-W42,medium,product,S4,mock,1,2,LANDMARK FRAME OXFORD STREET,share,TW,6.4%,none,none,,Correct,LANDMARK FRAME OXFORD STREET.Share_Pct=6.4
medium_product_2011-W42__S4__mock__r1,medium_product_2011-W42,medium,product,S4,mock,1,3,LANDMARK FRAME NOTTING HILL,rank,TW,3,none,none,,Correct,LANDMARK FRAME NOTTING HILL.Rank=3
medium_product_2011-W42__S4__mock__r1,medium_product_2011-W42,medium,product,S4,mock,1,3,LANDMARK FRAME NOTTING HILL,revenue,TW,"£3,660.00",none,none,,Correct,LANDMARK FRAME NOTTING HILL.Revenue_TW=3660
medium_product_2011-W42__S4__mock__r1,medium_product_2011-W42,medium,product,S4,mock,1,3,LANDMARK FRAME NOTTING HILL,share,TW,6.3%,none,none,,Correct,LANDMARK FRAME NOTTING HILL.Share_Pct=6.3
medium_product_2011-W42__S4__mock__r1,medium_product_2011-W42,medium,product,S4,mock,1,4,GINGHAM HEART DECORATION,revenue,WoW,+2054.1%,none,none,,Correct,GINGHAM HEART DECORATION.Revenue_WoW_Pct=2054.07
medium_product_2011-W42__S4__mock__r1,medium_product_2011-W42,medium,product,S4,mock,1,4,GINGHAM HEART DECORATION,revenue,TW,"£1,565.58",none,none,,Correct,GINGHAM HEART DECORATION.Revenue_TW=1565.58
medium_product_2011-W42__S4__mock__r1,medium_product_2011-W42,medium,product,S4,mock,1,4,GINGHAM HEART DECORATION,revenue,LW,£72.68,none,none,,Correct,GINGHAM HEART DECORATION.Revenue_LW=72.68
medium_product_2011-W42__S4__mock__r1,medium_product_2011-W42,medium,product,S4,mock,1,5,DOORMAT KEEP CALM AND COME IN,revenue,WoW,-34.4%,none,none,,Correct,DOORMAT KEEP CALM AND COME IN.Revenue_WoW_Pct=-34.4178
medium_product_2011-W42__S4__mock__r1,medium_product_2011-W42,medium,product,S4,mock,1,5,DOORMAT KEEP CALM AND COME IN,revenue,TW,"£1,356.79",none,none,,Correct,DOORMAT KEEP CALM AND COME IN.Revenue_TW=1356.79
medium_product_2011-W42__S4__mock__r1,medium_product_2011-W42,medium,product,S4,mock,1,5,DOORMAT KEEP CALM AND COME IN,revenue,LW,"£2,068.84",none,none,,Correct,DOORMAT KEEP CALM AND COME IN.Revenue_LW=2068.84
medium_product_2011-W42__S4__mock__r1,medium_product_2011-W42,medium,product,S4,mock,1,6,RED  HARMONICA IN BOX,revenue,YoY,+26576.5%,none,none,,Correct,RED  HARMONICA IN BOX.Revenue_YoY_Pct=26576.5
medium_product_2011-W42__S4__mock__r1,medium_product_2011-W42,medium,product,S4,mock,1,6,RED  HARMONICA IN BOX,revenue,LY,£3.75,none,none,,Correct,RED  HARMONICA IN BOX.Revenue_LY=3.75
medium_product_2011-W42__S4__mock__r1,medium_product_2011-W42,medium,product,S4,mock,1,7,CHRISTMAS LIGHTS 10 VINTAGE BAUBLES,revenue,YoY,-54.3%,none,none,,Correct,CHRISTMAS LIGHTS 10 VINTAGE BAUBLES.Revenue_YoY_Pct=-54.2648
medium_product_2011-W42__S4__mock__r1,medium_product_2011-W42,medium,product,S4,mock,1,7,CHRISTMAS LIGHTS 10 VINTAGE BAUBLES,revenue,LY,"£1,960.94",none,none,,Correct,CHRISTMAS LIGHTS 10 VINTAGE BAUBLES.Revenue_LY=1960.94
medium_product_2011-W42__S4__mock__r2,medium_product_2011-W42,medium,product,S4,mock,2,0,TOTAL,revenue,TW,"£58,323.33",none,none,,Correct,TOTAL.Revenue_TW=58323.3
medium_product_2011-W42__S4__mock__r2,medium_product_2011-W42,medium,product,S4,mock,2,0,TOTAL,revenue,LW,"£23,254.70",none,none,,Correct,TOTAL.Revenue_LW=23254.7
medium_product_2011-W42__S4__mock__r2,medium_product_2011-W42,medium,product,S4,mock,2,0,TOTAL,revenue,WoW,+150.8%,none,none,,Correct,TOTAL.Revenue_WoW_Pct=150.802
medium_product_2011-W42__S4__mock__r2,medium_product_2011-W42,medium,product,S4,mock,2,0,TOTAL,revenue,YoY,+180.6%,none,none,,Correct,TOTAL.Revenue_YoY_Pct=180.579
medium_product_2011-W42__S4__mock__r2,medium_product_2011-W42,medium,product,S4,mock,2,1,LANDMARK FRAME COVENT GARDEN,rank,TW,1,none,none,,Correct,LANDMARK FRAME COVENT GARDEN.Rank=1
medium_product_2011-W42__S4__mock__r2,medium_product_2011-W42,medium,product,S4,mock,2,1,LANDMARK FRAME COVENT GARDEN,revenue,TW,"£3,766.40",none,none,,Correct,LANDMARK FRAME COVENT GARDEN.Revenue_TW=3766.4
medium_product_2011-W42__S4__mock__r2,medium_product_2011-W42,medium,product,S4,mock,2,1,LANDMARK FRAME COVENT GARDEN,share,TW,6.5%,none,none,,Correct,LANDMARK FRAME COVENT GARDEN.Share_Pct=6.5
medium_product_2011-W42__S4__mock__r2,medium_product_2011-W42,medium,product,S4,mock,2,2,LANDMARK FRAME OXFORD STREET,rank,TW,2,none,none,,Correct,LANDMARK FRAME OXFORD STREET.Rank=2
medium_product_2011-W42__S4__mock__r2,medium_product_2011-W42,medium,product,S4,mock,2,2,LANDMARK FRAME OXFORD STREET,revenue,TW,"£3,753.90",none,none,,Correct,LANDMARK FRAME OXFORD STREET.Revenue_TW=3753.9
medium_product_2011-W42__S4__mock__r2,medium_product_2011-W42,medium,product,S4,mock,2,2,LANDMARK FRAME OXFORD STREET,share,TW,6.4%,none,none,,Correct,LANDMARK FRAME OXFORD STREET.Share_Pct=6.4
medium_product_2011-W42__S4__mock__r2,medium_product_2011-W42,medium,product,S4,mock,2,3,LANDMARK FRAME NOTTING HILL,rank,TW,3,none,none,,Correct,LANDMARK FRAME NOTTING HILL.Rank=3
medium_product_2011-W42__S4__mock__r2,medium_product_2011-W42,medium,product,S4,mock,2,3,LANDMARK FRAME NOTTING HILL,revenue,TW,"£3,660.00",none,none,,Correct,LANDMARK FRAME NOTTING HILL.Revenue_TW=3660
medium_product_2011-W42__S4__mock__r2,medium_product_2011-W42,medium,product,S4,mock,2,3,LANDMARK FRAME NOTTING HILL,share,TW,6.3%,none,none,,Correct,LANDMARK FRAME NOTTING HILL.Share_Pct=6.3
medium_product_2011-W42__S4__mock__r2,medium_product_2011-W42,medium,product,S4,mock,2,4,GINGHAM HEART DECORATION,revenue,WoW,+2054.1%,none,none,,Correct,GINGHAM HEART DECORATION.Revenue_WoW_Pct=2054.07
medium_product_2011-W42__S4__mock__r2,medium_product_2011-W42,medium,product,S4,mock,2,4,GINGHAM HEART DECORATION,revenue,TW,"£1,565.58",none,none,,Correct,GINGHAM HEART DECORATION.Revenue_TW=1565.58
medium_product_2011-W42__S4__mock__r2,medium_product_2011-W42,medium,product,S4,mock,2,4,GINGHAM HEART DECORATION,revenue,LW,£72.68,none,none,,Correct,GINGHAM HEART DECORATION.Revenue_LW=72.68
medium_product_2011-W42__S4__mock__r2,medium_product_2011-W42,medium,product,S4,mock,2,5,DOORMAT KEEP CALM AND COME IN,revenue,WoW,-34.4%,none,none,,Correct,DOORMAT KEEP CALM AND COME IN.Revenue_WoW_Pct=-34.4178
medium_product_2011-W42__S4__mock__r2,medium_product_2011-W42,medium,product,S4,mock,2,5,DOORMAT KEEP CALM AND COME IN,revenue,TW,"£1,356.79",none,none,,Correct,DOORMAT KEEP CALM AND COME IN.Revenue_TW=1356.79
medium_product_2011-W42__S4__mock__r2,medium_product_2011-W42,medium,product,S4,mock,2,5,DOORMAT KEEP CALM AND COME IN,revenue,LW,"£2,068.84",none,none,,Correct,DOORMAT KEEP CALM AND COME IN.Revenue_LW=2068.84
medium_product_2011-W42__S4__mock__r2,medium_product_2011-W42,medium,product,S4,mock,2,6,RED  HARMONICA IN BOX,revenue,YoY,+26576.5%,none,none,,Correct,RED  HARMONICA IN BOX.Revenue_YoY_Pct=26576.5
medium_product_2011-W42__S4__mock__r2,medium_product_2011-W42,medium,product,S4,mock,2,6,RED  HARMONICA IN BOX,revenue,LY,£3.75,none,none,,Correct,RED  HARMONICA IN BOX.Revenue_LY=3.75
medium_product_2011-W42__S4__mock__r2,medium_product_2011-W42,medium,product,S4,mock,2,7,CHRISTMAS LIGHTS 10 VINTAGE BAUBLES,revenue,YoY,-54.3%,none,none,,Correct,CHRISTMAS LIGHTS 10 VINTAGE BAUBLES.Revenue_YoY_Pct=-54.2648
medium_product_2011-W42__S4__mock__r2,medium_product_2011-W42,medium,product,S4,mock,2,7,CHRISTMAS LIGHTS 10 VINTAGE BAUBLES,revenue,LY,"£1,960.94",none,none,,Correct,CHRISTMAS LIGHTS 10 VINTAGE BAUBLES.Revenue_LY=1960.94
small_country_2010-W18__S1__mock__r1,small_country_2010-W18,small,country,S1,mock,1,0,United Kingdom,revenue,TW,£117.3k,none,none,,Correct,United Kingdom.Revenue_TW=117274
small_country_2010-W18__S1__mock__r1,small_country_2010-W18,small,country,S1,mock,1,0,United Kingdom,share,TW,74.4%,none,none,,Correct,United Kingdom.Share_Pct=74.4
small_country_2010-W18__S1__mock__r1,small_country_2010-W18,small,country,S1,mock,1,1,United Kingdom,revenue,WoW,30.4%,down,none,,Correct,United Kingdom.Revenue_WoW_Pct=-30.3612
small_country_2010-W18__S1__mock__r1,small_country_2010-W18,small,country,S1,mock,1,1,United Kingdom,revenue,LW,"£168,403.05",none,none,,Correct,United Kingdom.Revenue_LW=168403
small_country_2010-W18__S1__mock__r1,small_country_2010-W18,small,country,S1,mock,1,2,Netherlands,rank,TW,2nd,none,none,,Correct,Netherlands.Rank=2
small_country_2010-W18__S1__mock__r1,small_country_2010-W18,small,country,S1,mock,1,2,Netherlands,revenue,TW,"£18,002.00",none,none,,Correct,Netherlands.Revenue_TW=18002
small_country_2010-W18__S1__mock__r1,small_country_2010-W18,small,country,S1,mock,1,3,Netherlands,revenue,WoW,1414.9%,up,none,,Correct,Netherlands.Revenue_WoW_Pct=1414.94
small_country_2010-W18__S1__mock__r1,small_country_2010-W18,small,country,S1,mock,1,3,Netherlands,revenue,TW,"£18,002.00",none,none,,Correct,Netherlands.Revenue_TW=18002
small_country_2010-W18__S1__mock__r1,small_country_2010-W18,small,country,S1,mock,1,4,United Kingdom,units,TW,"66,459",none,none,,Correct,United Kingdom.Units_TW=66459
small_country_2010-W18__S1__mock__r1,small_country_2010-W18,small,country,S1,mock,1,4,United Kingdom,units,LW,"93,805",none,none,,Correct,United Kingdom.Units_LW=93805
small_country_2010-W18__S1__mock__r1,small_country_2010-W18,small,country,S1,mock,1,5,United Kingdom,orders,TW,7,none,none,,Wrong_value,United Kingdom.Orders_TW=314; value also matches 2 other rows
small_country_2010-W18__S1__mock__r1,small_country_2010-W18,small,country,S1,mock,1,5,United Kingdom,orders,LW,397,none,none,,Correct,United Kingdom.Orders_LW=397
small_country_2010-W18__S1__mock__r1,small_country_2010-W18,small,country,S1,mock,1,6,TOTAL,revenue,TW,£157.7k,none,none,,Correct,TOTAL.Revenue_TW=157731
small_country_2010-W18__S1__mock__r1,small_country_2010-W18,small,country,S1,mock,1,6,TOTAL,revenue,WoW,11.9%,down,none,,Correct,TOTAL.Revenue_WoW_Pct=-11.9024
small_country_2010-W18__S1__mock__r2,small_country_2010-W18,small,country,S1,mock,2,0,United Kingdom,revenue,TW,£117.3k,none,none,,Correct,United Kingdom.Revenue_TW=117274
small_country_2010-W18__S1__mock__r2,small_country_2010-W18,small,country,S1,mock,2,0,United Kingdom,share,TW,70.7%,none,none,,Wrong_value,United Kingdom.Share_Pct=74.4
small_country_2010-W18__S1__mock__r2,small_country_2010-W18,small,country,S1,mock,2,1,United Kingdom,revenue,WoW,30.4%,down,none,,Correct,United Kingdom.Revenue_WoW_Pct=-30.3612
small_country_2010-W18__S1__mock__r2,small_country_2010-W18,small,country,S1,mock,2,1,United Kingdom,revenue,LW,"£168,403.05",none,none,,Correct,United Kingdom.Revenue_LW=168403
small_country_2010-W18__S1__mock__r2,small_country_2010-W18,small,country,S1,mock,2,2,Netherlands,rank,TW,2nd,none,none,,Correct,Netherlands.Rank=2
small_country_2010-W18__S1__mock__r2,small_country_2010-W18,small,country,S1,mock,2,2,Netherlands,revenue,TW,"£9,014.91",none,none,,Wrong_entity,value belongs to France.Revenue_TW=9014.91; claimed Netherlands
small_country_2010-W18__S1__mock__r2,small_country_2010-W18,small,country,S1,mock,2,3,Netherlands,revenue,WoW,1414.9%,up,none,,Correct,Netherlands.Revenue_WoW_Pct=1414.94
small_country_2010-W18__S1__mock__r2,small_country_2010-W18,small,country,S1,mock,2,3,Netherlands,revenue,TW,"£18,002.00",none,none,,Correct,Netherlands.Revenue_TW=18002
small_country_2010-W18__S1__mock__r2,small_country_2010-W18,small,country,S1,mock,2,4,United Kingdom,units,TW,"66,459",none,none,,Correct,United Kingdom.Units_TW=66459
small_country_2010-W18__S1__mock__r2,small_country_2010-W18,small,country,S1,mock,2,4,United Kingdom,units,LW,"93,805",none,none,,Correct,United Kingdom.Units_LW=93805
small_country_2010-W18__S1__mock__r2,small_country_2010-W18,small,country,S1,mock,2,5,United Kingdom,orders,TW,314,none,none,,Correct,United Kingdom.Orders_TW=314
small_country_2010-W18__S1__mock__r2,small_country_2010-W18,small,country,S1,mock,2,5,United Kingdom,orders,LW,397,none,none,,Correct,United Kingdom.Orders_LW=397
small_country_2010-W18__S1__mock__r2,small_country_2010-W18,small,country,S1,mock,2,6,TOTAL,revenue,TW,£157.7k,none,none,,Correct,TOTAL.Revenue_TW=157731
small_country_2010-W18__S1__mock__r2,small_country_2010-W18,small,country,S1,mock,2,6,TOTAL,revenue,WoW,11.9%,down,none,,Correct,TOTAL.Revenue_WoW_Pct=-11.9024
small_country_2010-W18__S2__mock__r1,small_country_2010-W18,small,country,S2,mock,1,0,TOTAL,revenue,TW,"£157,731.41",none,none,,Correct,TOTAL.Revenue_TW=157731
small_country_2010-W18__S2__mock__r1,small_country_2010-W18,small,country,S2,mock,1,1,TOTAL,revenue,WoW,11.9%,down,none,,Correct,TOTAL.Revenue_WoW_Pct=-11.9024
small_country_2010-W18__S2__mock__r1,small_country_2010-W18,small,country,S2,mock,1,2,United Kingdom,revenue,TW,"£117,273.84",none,none,,Correct,United Kingdom.Revenue_TW=117274
small_country_2010-W18__S2__mock__r1,small_country_2010-W18,small,country,S2,mock,1,3,United Kingdom,share,TW,74.4%,none,none,,Correct,United Kingdom.Share_Pct=74.4
small_country_2010-W18__S2__mock__r1,small_country_2010-W18,small,country,S2,mock,1,4,United Kingdom,revenue,WoW,30.4%,down,none,,Correct,United Kingdom.Revenue_WoW_Pct=-30.3612
small_country_2010-W18__S2__mock__r1,small_country_2010-W18,small,country,S2,mock,1,5,Netherlands,revenue,TW,"£18,002.00",none,none,,Correct,Netherlands.Revenue_TW=18002
small_country_2010-W18__S2__mock__r1,small_country_2010-W18,small,country,S2,mock,1,6,Netherlands,share,TW,10.5%,none,none,,Wrong_value,Netherlands.Share_Pct=11.4
small_country_2010-W18__S2__mock__r1,small_country_2010-W18,small,country,S2,mock,1,7,Netherlands,revenue,WoW,1414.9%,up,none,,Correct,Netherlands.Revenue_WoW_Pct=1414.94
small_country_2010-W18__S2__mock__r2,small_country_2010-W18,small,country,S2,mock,2,0,TOTAL,revenue,TW,"£157,731.41",none,none,,Correct,TOTAL.Revenue_TW=157731
small_country_2010-W18__S2__mock__r2,small_country_2010-W18,small,country,S2,mock,2,1,TOTAL,revenue,WoW,11.9%,down,none,,Correct,TOTAL.Revenue_WoW_Pct=-11.9024
small_country_2010-W18__S2__mock__r2,small_country_2010-W18,small,country,S2,mock,2,2,United Kingdom,revenue,TW,"£117,273.84",none,none,,Correct,United Kingdom.Revenue_TW=117274
small_country_2010-W18__S2__mock__r2,small_country_2010-W18,small,country,S2,mock,2,3,United Kingdom,share,TW,74.4%,none,none,,Correct,United Kingdom.Share_Pct=74.4
small_country_2010-W18__S2__mock__r2,small_country_2010-W18,small,country,S2,mock,2,4,United Kingdom,revenue,WoW,30.4%,down,none,,Correct,United Kingdom.Revenue_WoW_Pct=-30.3612
small_country_2010-W18__S2__mock__r2,small_country_2010-W18,small,country,S2,mock,2,5,Netherlands,revenue,TW,"£18,002.00",none,none,,Correct,Netherlands.Revenue_TW=18002
small_country_2010-W18__S2__mock__r2,small_country_2010-W18,small,country,S2,mock,2,6,Netherlands,share,TW,11.4%,none,none,,Correct,Netherlands.Share_Pct=11.4
small_country_2010-W18__S2__mock__r2,small_country_2010-W18,small,country,S2,mock,2,7,Netherlands,revenue,WoW,1414.9%,up,none,,Correct,Netherlands.Revenue_WoW_Pct=1414.94
small_country_2010-W18__S3__mock__r1,small_country_2010-W18,small,country,S3,mock,1,0,United Kingdom,revenue,TW,£117.3k,none,none,,Correct,United Kingdom.Revenue_TW=117274
small_country_2010-W18__S3__mock__r1,small_country_2010-W18,small,country,S3,mock,1,0,United Kingdom,share,TW,74.4%,none,none,,Correct,United Kingdom.Share_Pct=74.4
small_country_2010-W18__S3__mock__r1,small_country_2010-W18,small,country,S3,mock,1,1,United Kingdom,revenue,WoW,30.4%,down,none,,Correct,United Kingdom.Revenue_WoW_Pct=-30.3612
small_country_2010-W18__S3__mock__r1,small_country_2010-W18,small,country,S3,mock,1,1,United Kingdom,revenue,LW,"£168,403.05",none,none,,Correct,United Kingdom.Revenue_LW=168403
small_country_2010-W18__S3__mock__r1,small_country_2010-W18,small,country,S3,mock,1,2,Netherlands,rank,TW,2nd,none,none,,Correct,Netherlands.Rank=2
small_country_2010-W18__S3__mock__r1,small_country_2010-W18,small,country,S3,mock,1,2,Netherlands,revenue,TW,"£18,002.00",none,none,,Correct,Netherlands.Revenue_TW=18002
small_country_2010-W18__S3__mock__r1,small_country_2010-W18,small,country,S3,mock,1,3,Netherlands,revenue,WoW,1414.9%,up,none,,Correct,Netherlands.Revenue_WoW_Pct=1414.94
small_country_2010-W18__S3__mock__r1,small_country_2010-W18,small,country,S3,mock,1,3,Netherlands,revenue,TW,"£18,002.00",none,none,,Correct,Netherlands.Revenue_TW=18002
small_country_2010-W18__S3__mock__r1,small_country_2010-W18,small,country,S3,mock,1,4,United Kingdom,units,TW,"66,459",none,none,,Correct,United Kingdom.Units_TW=66459
small_country_2010-W18__S3__mock__r1,small_country_2010-W18,small,country,S3,mock,1,4,United Kingdom,units,LW,"93,805",none,none,,Correct,United Kingdom.Units_LW=93805
small_country_2010-W18__S3__mock__r1,small_country_2010-W18,small,country,S3,mock,1,5,United Kingdom,orders,TW,7,none,none,,Wrong_value,United Kingdom.Orders_TW=314; value also matches 2 other rows
small_country_2010-W18__S3__mock__r1,small_country_2010-W18,small,country,S3,mock,1,5,United Kingdom,orders,LW,397,none,none,,Correct,United Kingdom.Orders_LW=397
small_country_2010-W18__S3__mock__r1,small_country_2010-W18,small,country,S3,mock,1,6,TOTAL,revenue,TW,£157.7k,none,none,,Correct,TOTAL.Revenue_TW=157731
small_country_2010-W18__S3__mock__r1,small_country_2010-W18,small,country,S3,mock,1,6,TOTAL,revenue,WoW,11.9%,down,none,,Correct,TOTAL.Revenue_WoW_Pct=-11.9024
small_country_2010-W18__S3__mock__r2,small_country_2010-W18,small,country,S3,mock,2,0,United Kingdom,revenue,TW,£117.3k,none,none,,Correct,United Kingdom.Revenue_TW=117274
small_country_2010-W18__S3__mock__r2,small_country_2010-W18,small,country,S3,mock,2,0,United Kingdom,share,TW,70.7%,none,none,,Wrong_value,United Kingdom.Share_Pct=74.4
small_country_2010-W18__S3__mock__r2,small_country_2010-W18,small,country,S3,mock,2,1,United Kingdom,revenue,WoW,30.4%,down,none,,Correct,United Kingdom.Revenue_WoW_Pct=-30.3612
small_country_2010-W18__S3__mock__r2,small_country_2010-W18,small,country,S3,mock,2,1,United Kingdom,revenue,LW,"£168,403.05",none,none,,Correct,United Kingdom.Revenue_LW=168403
small_country_2010-W18__S3__mock__r2,small_country_2010-W18,small,country,S3,mock,2,2,Netherlands,rank,TW,2nd,none,none,,Correct,Netherlands.Rank=2
small_country_2010-W18__S3__mock__r2,small_country_2010-W18,small,country,S3,mock,2,2,Netherlands,revenue,TW,"£9,014.91",none,none,,Wrong_entity,value belongs to France.Revenue_TW=9014.91; claimed Netherlands
small_country_2010-W18__S3__mock__r2,small_country_2010-W18,small,country,S3,mock,2,3,Netherlands,revenue,WoW,1414.9%,up,none,,Correct,Netherlands.Revenue_WoW_Pct=1414.94
small_country_2010-W18__S3__mock__r2,small_country_2010-W18,small,country,S3,mock,2,3,Netherlands,revenue,TW,"£18,002.00",none,none,,Correct,Netherlands.Revenue_TW=18002
small_country_2010-W18__S3__mock__r2,small_country_2010-W18,small,country,S3,mock,2,4,United Kingdom,units,TW,"66,459",none,none,,Correct,United Kingdom.Units_TW=66459
small_country_2010-W18__S3__mock__r2,small_country_2010-W18,small,country,S3,mock,2,4,United Kingdom,units,LW,"93,805",none,none,,Correct,United Kingdom.Units_LW=93805
small_country_2010-W18__S3__mock__r2,small_country_2010-W18,small,country,S3,mock,2,5,United Kingdom,orders,TW,314,none,none,,Correct,United Kingdom.Orders_TW=314
small_country_2010-W18__S3__mock__r2,small_country_2010-W18,small,country,S3,mock,2,5,United Kingdom,orders,LW,397,none,none,,Correct,United Kingdom.Orders_LW=397
small_country_2010-W18__S3__mock__r2,small_country_2010-W18,small,country,S3,mock,2,6,TOTAL,revenue,TW,£157.7k,none,none,,Correct,TOTAL.Revenue_TW=157731
small_country_2010-W18__S3__mock__r2,small_country_2010-W18,small,country,S3,mock,2,6,TOTAL,revenue,WoW,11.9%,down,none,,Correct,TOTAL.Revenue_WoW_Pct=-11.9024
small_country_2010-W18__S4__mock__r1,small_country_2010-W18,small,country,S4,mock,1,0,TOTAL,revenue,TW,"£157,731.41",none,none,,Correct,TOTAL.Revenue_TW=157731
small_country_2010-W18__S4__mock__r1,small_country_2010-W18,small,country,S4,mock,1,0,TOTAL,revenue,LW,"£179,041.64",none,none,,Correct,TOTAL.Revenue_LW=179042
small_country_2010-W18__S4__mock__r1,small_country_2010-W18,small,country,S4,mock,1,0,TOTAL,revenue,WoW,-11.9%,none,none,,Correct,TOTAL.Revenue_WoW_Pct=-11.9024
small_country_2010-W18__S4__mock__r1,small_country_2010-W18,small,country,S4,mock,1,1,United Kingdom,rank,TW,1,none,none,,Correct,United Kingdom.Rank=1
small_country_2010-W18__S4__mock__r1,small_country_2010-W18,small,country,S4,mock,1,1,United Kingdom,revenue,TW,"£117,273.84",none,none,,Correct,United Kingdom.Revenue_TW=117274
small_country_2010-W18__S4__mock__r1,small_country_2010-W18,small,country,S4,mock,1,1,United Kingdom,share,TW,74.4%,none,none,,Correct,United Kingdom.Share_Pct=74.4
small_country_2010-W18__S4__mock__r1,small_country_2010-W18,small,country,S4,mock,1,1,United Kingdom,revenue,WoW,-30.4%,none,none,,Correct,United Kingdom.Revenue_WoW_Pct=-30.3612
small_country_2010-W18__S4__mock__r1,small_country_2010-W18,small,country,S4,mock,1,2,Netherlands,rank,TW,2,none,none,,Correct,Netherlands.Rank=2
small_country_2010-W18__S4__mock__r1,small_country_2010-W18,small,country,S4,mock,1,2,Netherlands,revenue,TW,"£18,002.00",none,none,,Correct,Netherlands.Revenue_TW=18002
small_country_2010-W18__S4__mock__r1,small_country_2010-W18,small,country,S4,mock,1,2,Netherlands,share,TW,11.4%,none,none,,Correct,Netherlands.Share_Pct=11.4
small_country_2010-W18__S4__mock__r1,small_country_2010-W18,small,country,S4,mock,1,2,Netherlands,revenue,WoW,+1414.9%,none,none,,Correct,Netherlands.Revenue_WoW_Pct=1414.94
small_country_2010-W18__S4__mock__r1,small_country_2010-W18,small,country,S4,mock,1,3,EIRE,rank,TW,3,none,none,,Correct,EIRE.Rank=3
small_country_2010-W18__S4__mock__r1,small_country_2010-W18,small,country,S4,mock,1,3,EIRE,revenue,TW,"£9,248.22",none,none,,Correct,EIRE.Revenue_TW=9248.22
small_country_2010-W18__S4__mock__r1,small_country_2010-W18,small,country,S4,mock,1,3,EIRE,share,TW,5.9%,none,none,,Correct,EIRE.Share_Pct=5.9
small_country_2010-W18__S4__mock__r1,small_country_2010-W18,small,country,S4,mock,1,3,EIRE,revenue,WoW,+61.3%,none,none,,Correct,EIRE.Revenue_WoW_Pct=61.2559
small_country_2010-W18__S4__mock__r1,small_country_2010-W18,small,country,S4,mock,1,4,Netherlands,revenue,WoW,+1414.9%,none,none,,Correct,Netherlands.Revenue_WoW_Pct=1414.94
small_country_2010-W18__S4__mock__r1,small_country_2010-W18,small,country,S4,mock,1,4,Netherlands,revenue,TW,"£18,002.00",none,none,,Correct,Netherlands.Revenue_TW=18002
small_country_2010-W18__S4__mock__r1,small_country_2010-W18,small,country,S4,mock,1,4,Netherlands,revenue,LW,"£1,188.30",none,none,,Correct,Netherlands.Revenue_LW=1188.3
small_country_2010-W18__S4__mock__r1,small_country_2010-W18,small,country,S4,mock,1,5,United Kingdom,revenue,WoW,-30.4%,none,none,,Correct,United Kingdom.Revenue_WoW_Pct=-30.3612
small_country_2010-W18__S4__mock__r1,small_country_2010-W18,small,country,S4,mock,1,5,United Kingdom,revenue,TW,"£117,273.84",none,none,,Correct,United Kingdom.Revenue_TW=117274
small_country_2010-W18__S4__mock__r1,small_country_2010-W18,small,country,S4,mock,1,5,United Kingdom,revenue,LW,"£168,403.05",none,none,,Correct,United Kingdom.Revenue_LW=168403
small_country_2010-W18__S4__mock__r1,small_country_2010-W18,small,country,S4,mock,1,6,United Kingdom,orders,TW,314,none,none,,Correct,United Kingdom.Orders_TW=314
small_country_2010-W18__S4__mock__r1,small_country_2010-W18,small,country,S4,mock,1,6,United Kingdom,orders,LW,397,none,none,,Correct,United Kingdom.Orders_LW=397
small_country_2010-W18__S4__mock__r2,small_country_2010-W18,small,country,S4,mock,2,0,TOTAL,revenue,TW,"£157,731.41",none,none,,Correct,TOTAL.Revenue_TW=157731
small_country_2010-W18__S4__mock__r2,small_country_2010-W18,small,country,S4,mock,2,0,TOTAL,revenue,LW,"£179,041.64",none,none,,Correct,TOTAL.Revenue_LW=179042
small_country_2010-W18__S4__mock__r2,small_country_2010-W18,small,country,S4,mock,2,0,TOTAL,revenue,WoW,-11.9%,none,none,,Correct,TOTAL.Revenue_WoW_Pct=-11.9024
small_country_2010-W18__S4__mock__r2,small_country_2010-W18,small,country,S4,mock,2,1,United Kingdom,rank,TW,1,none,none,,Correct,United Kingdom.Rank=1
small_country_2010-W18__S4__mock__r2,small_country_2010-W18,small,country,S4,mock,2,1,United Kingdom,revenue,TW,"£117,273.84",none,none,,Correct,United Kingdom.Revenue_TW=117274
small_country_2010-W18__S4__mock__r2,small_country_2010-W18,small,country,S4,mock,2,1,United Kingdom,share,TW,74.4%,none,none,,Correct,United Kingdom.Share_Pct=74.4
small_country_2010-W18__S4__mock__r2,small_country_2010-W18,small,country,S4,mock,2,1,United Kingdom,revenue,WoW,-30.4%,none,none,,Correct,United Kingdom.Revenue_WoW_Pct=-30.3612
small_country_2010-W18__S4__mock__r2,small_country_2010-W18,small,country,S4,mock,2,2,Netherlands,rank,TW,2,none,none,,Correct,Netherlands.Rank=2
small_country_2010-W18__S4__mock__r2,small_country_2010-W18,small,country,S4,mock,2,2,Netherlands,revenue,TW,"£18,002.00",none,none,,Correct,Netherlands.Revenue_TW=18002
small_country_2010-W18__S4__mock__r2,small_country_2010-W18,small,country,S4,mock,2,2,Netherlands,share,TW,11.4%,none,none,,Correct,Netherlands.Share_Pct=11.4
small_country_2010-W18__S4__mock__r2,small_country_2010-W18,small,country,S4,mock,2,2,Netherlands,revenue,WoW,+1414.9%,none,none,,Correct,Netherlands.Revenue_WoW_Pct=1414.94
small_country_2010-W18__S4__mock__r2,small_country_2010-W18,small,country,S4,mock,2,3,EIRE,rank,TW,3,none,none,,Correct,EIRE.Rank=3
small_country_2010-W18__S4__mock__r2,small_country_2010-W18,small,country,S4,mock,2,3,EIRE,revenue,TW,"£9,248.22",none,none,,Correct,EIRE.Revenue_TW=9248.22
small_country_2010-W18__S4__mock__r2,small_country_2010-W18,small,country,S4,mock,2,3,EIRE,share,TW,5.9%,none,none,,Correct,EIRE.Share_Pct=5.9
small_country_2010-W18__S4__mock__r2,small_country_2010-W18,small,country,S4,mock,2,3,EIRE,revenue,WoW,+61.3%,none,none,,Correct,EIRE.Revenue_WoW_Pct=61.2559
small_country_2010-W18__S4__mock__r2,small_country_2010-W18,small,country,S4,mock,2,4,Netherlands,revenue,WoW,+1414.9%,none,none,,Correct,Netherlands.Revenue_WoW_Pct=1414.94
small_country_2010-W18__S4__mock__r2,small_country_2010-W18,small,country,S4,mock,2,4,Netherlands,revenue,TW,"£18,002.00",none,none,,Correct,Netherlands.Revenue_TW=18002
small_country_2010-W18__S4__mock__r2,small_country_2010-W18,small,country,S4,mock,2,4,Netherlands,revenue,LW,"£1,188.30",none,none,,Correct,Netherlands.Revenue_LW=1188.3
small_country_2010-W18__S4__mock__r2,small_country_2010-W18,small,country,S4,mock,2,5,United Kingdom,revenue,WoW,-30.4%,none,none,,Correct,United Kingdom.Revenue_WoW_Pct=-30.3612
small_country_2010-W18__S4__mock__r2,small_country_2010-W18,small,country,S4,mock,2,5,United Kingdom,revenue,TW,"£117,273.84",none,none,,Correct,United Kingdom.Revenue_TW=117274
small_country_2010-W18__S4__mock__r2,small_country_2010-W18,small,country,S4,mock,2,5,United Kingdom,revenue,LW,"£168,403.05",none,none,,Correct,United Kingdom.Revenue_LW=168403
small_country_2010-W18__S4__mock__r2,small_country_2010-W18,small,country,S4,mock,2,6,United Kingdom,orders,TW,314,none,none,,Correct,United Kingdom.Orders_TW=314
small_country_2010-W18__S4__mock__r2,small_country_2010-W18,small,country,S4,mock,2,6,United Kingdom,orders,LW,397,none,none,,Correct,United Kingdom.Orders_LW=397
small_product_2010-W50__S1__mock__r1,small_product_2010-W50,small,product,S1,mock,1,0,REGENCY CAKESTAND 3 TIER,revenue,TW,£5.9k,none,none,,Correct,REGENCY CAKESTAND 3 TIER.Revenue_TW=5919.72
small_product_2010-W50__S1__mock__r1,small_product_2010-W50,small,product,S1,mock,1,0,REGENCY CAKESTAND 3 TIER,share,TW,23.8%,none,none,,Wrong_value,REGENCY CAKESTAND 3 TIER.Share_Pct=21.4
small_product_2010-W50__S1__mock__r1,small_product_2010-W50,small,product,S1,mock,1,1,REGENCY CAKESTAND 3 TIER,revenue,WoW,45.7%,down,none,,Correct,REGENCY CAKESTAND 3 TIER.Revenue_WoW_Pct=-45.7035
small_product_2010-W50__S1__mock__r1,small_product_2010-W50,small,product,S1,mock,1,1,REGENCY CAKESTAND 3 TIER,revenue,LW,"£10,902.59",none,none,,Correct,REGENCY CAKESTAND 3 TIER.Revenue_LW=10902.6
small_product_2010-W50__S1__mock__r1,small_product_2010-W50,small,product,S1,mock,1,2,WHITE HANGING HEART T-LIGHT HOLDER,rank,TW,2nd,none,none,,Correct,WHITE HANGING HEART T-LIGHT HOLDER.Rank=2
small_product_2010-W50__S1__mock__r1,small_product_2010-W50,small,product,S1,mock,1,2,WHITE HANGING HEART T-LIGHT HOLDER,revenue,TW,"£4,251.25",none,none,,Correct,WHITE HANGING HEART T-LIGHT HOLDER.Revenue_TW=4251.25
small_product_2010-W50__S1__mock__r1,small_product_2010-W50,small,product,S1,mock,1,3,GROW A FLYTRAP OR SUNFLOWER IN TIN,revenue,WoW,8063.4%,up,none,,Correct,GROW A FLYTRAP OR SUNFLOWER IN TIN.Revenue_WoW_Pct=8063.37
small_product_2010-W50__S1__mock__r1,small_product_2010-W50,small,product,S1,mock,1,3,GROW A FLYTRAP OR SUNFLOWER IN TIN,revenue,TW,"£2,449.01",none,none,,Correct,GROW A FLYTRAP OR SUNFLOWER IN TIN.Revenue_TW=2449.01
small_product_2010-W50__S1__mock__r1,small_product_2010-W50,small,product,S1,mock,1,4,PAPER CHAIN KIT 50'S CHRISTMAS,revenue,WoW,46.9%,down,none,,Correct,PAPER CHAIN KIT 50'S CHRISTMAS.Revenue_WoW_Pct=-46.9055
small_product_2010-W50__S1__mock__r1,small_product_2010-W50,small,product,S1,mock,1,4,PAPER CHAIN KIT 50'S CHRISTMAS,revenue,TW,"£2,149.75",none,none,,Correct,PAPER CHAIN KIT 50'S CHRISTMAS.Revenue_TW=2149.75
small_product_2010-W50__S1__mock__r1,small_product_2010-W50,small,product,S1,mock,1,5,REGENCY CAKESTAND 3 TIER,units,TW,442,none,none,,Correct,REGENCY CAKESTAND 3 TIER.Units_TW=442
small_product_2010-W50__S1__mock__r1,small_product_2010-W50,small,product,S1,mock,1,5,REGENCY CAKESTAND 3 TIER,units,LW,851,none,none,,Correct,REGENCY CAKESTAND 3 TIER.Units_LW=851
small_product_2010-W50__S1__mock__r1,small_product_2010-W50,small,product,S1,mock,1,6,WHITE HANGING HEART T-LIGHT HOLDER,orders,TW,68,none,none,,Correct,WHITE HANGING HEART T-LIGHT HOLDER.Orders_TW=68
small_product_2010-W50__S1__mock__r1,small_product_2010-W50,small,product,S1,mock,1,6,WHITE HANGING HEART T-LIGHT HOLDER,orders,LW,86,none,none,,Correct,WHITE HANGING HEART T-LIGHT HOLDER.Orders_LW=86
small_product_2010-W50__S1__mock__r1,small_product_2010-W50,small,product,S1,mock,1,7,TOTAL,revenue,TW,£27.7k,none,none,,Correct,TOTAL.Revenue_TW=27724.7
small_product_2010-W50__S1__mock__r1,small_product_2010-W50,small,product,S1,mock,1,7,TOTAL,revenue,WoW,9.3%,down,none,,Wrong_value,TOTAL.Revenue_WoW_Pct=-8.41761
small_product_2010-W50__S1__mock__r2,small_product_2010-W50,small,product,S1,mock,2,0,REGENCY CAKESTAND 3 TIER,revenue,TW,£5.4k,none,none,,Wrong_value,REGENCY CAKESTAND 3 TIER.Revenue_TW=5919.72
small_product_2010-W50__S1__mock__r2,small_product_2010-W50,small,product,S1,mock,2,0,REGENCY CAKESTAND 3 TIER,share,TW,21.4%,none,none,,Correct,REGENCY CAKESTAND 3 TIER.Share_Pct=21.4
small_product_2010-W50__S1__mock__r2,small_product_2010-W50,small,product,S1,mock,2,1,REGENCY CAKESTAND 3 TIER,revenue,WoW,45.7%,down,none,,Correct,REGENCY CAKESTAND 3 TIER.Revenue_WoW_Pct=-45.7035
small_product_2010-W50__S1__mock__r2,small_product_2010-W50,small,product,S1,mock,2,1,REGENCY CAKESTAND 3 TIER,revenue,LW,"£10,902.59",none,none,,Correct,REGENCY CAKESTAND 3 TIER.Revenue_LW=10902.6
small_product_2010-W50__S1__mock__r2,small_product_2010-W50,small,product,S1,mock,2,2,WHITE HANGING HEART T-LIGHT HOLDER,rank,TW,2nd,none,none,,Correct,WHITE HANGING HEART T-LIGHT HOLDER.Rank=2
small_product_2010-W50__S1__mock__r2,small_product_2010-W50,small,product,S1,mock,2,2,WHITE HANGING HEART T-LIGHT HOLDER,revenue,TW,"£4,251.25",none,none,,Correct,WHITE HANGING HEART T-LIGHT HOLDER.Revenue_TW=4251.25
small_product_2010-W50__S1__mock__r2,small_product_2010-W50,small,product,S1,mock,2,3,GROW A FLYTRAP OR SUNFLOWER IN TIN,revenue,WoW,8547.2%,up,none,,Wrong_value,GROW A FLYTRAP OR SUNFLOWER IN TIN.Revenue_WoW_Pct=8063.37
small_product_2010-W50__S1__mock__r2,small_product_2010-W50,small,product,S1,mock,2,3,GROW A FLYTRAP OR SUNFLOWER IN TIN,revenue,TW,"£2,449.01",none,none,,Correct,GROW A FLYTRAP OR SUNFLOWER IN TIN.Revenue_TW=2449.01
small_product_2010-W50__S1__mock__r2,small_product_2010-W50,small,product,S1,mock,2,4,PAPER CHAIN KIT 50'S CHRISTMAS,revenue,WoW,46.9%,down,none,,Correct,PAPER CHAIN KIT 50'S CHRISTMAS.Revenue_WoW_Pct=-46.9055
small_product_2010-W50__S1__mock__r2,small_product_2010-W50,small,product,S1,mock,2,4,PAPER CHAIN KIT 50'S CHRISTMAS,revenue,TW,"£2,149.75",none,none,,Correct,PAPER CHAIN KIT 50'S CHRISTMAS.Revenue_TW=2149.75
small_product_2010-W50__S1__mock__r2,small_product_2010-W50,small,product,S1,mock,2,5,REGENCY CAKESTAND 3 TIER,units,TW,442,none,none,,Correct,REGENCY CAKESTAND 3 TIER.Units_TW=442
small_product_2010-W50__S1__mock__r2,small_product_2010-W50,small,product,S1,mock,2,5,REGENCY CAKESTAND 3 TIER,units,LW,851,none,none,,Correct,REGENCY CAKESTAND 3 TIER.Units_LW=851
small_product_2010-W50__S1__mock__r2,small_product_2010-W50,small,product,S1,mock,2,6,WHITE HANGING HEART T-LIGHT HOLDER,orders,TW,68,none,none,,Correct,WHITE HANGING HEART T-LIGHT HOLDER.Orders_TW=68
small_product_2010-W50__S1__mock__r2,small_product_2010-W50,small,product,S1,mock,2,6,WHITE HANGING HEART T-LIGHT HOLDER,orders,LW,86,none,none,,Correct,WHITE HANGING HEART T-LIGHT HOLDER.Orders_LW=86
small_product_2010-W50__S1__mock__r2,small_product_2010-W50,small,product,S1,mock,2,7,TOTAL,revenue,TW,£30.8k,none,none,,Wrong_value,TOTAL.Revenue_TW=27724.7
small_product_2010-W50__S1__mock__r2,small_product_2010-W50,small,product,S1,mock,2,7,TOTAL,revenue,WoW,8.4%,down,none,,Correct,TOTAL.Revenue_WoW_Pct=-8.41761
small_product_2010-W50__S2__mock__r1,small_product_2010-W50,small,product,S2,mock,1,0,TOTAL,revenue,TW,"£27,724.70",none,none,,Correct,TOTAL.Revenue_TW=27724.7
small_product_2010-W50__S2__mock__r1,small_product_2010-W50,small,product,S2,mock,1,1,TOTAL,revenue,WoW,8.4%,down,none,,Correct,TOTAL.Revenue_WoW_Pct=-8.41761
small_product_2010-W50__S2__mock__r1,small_product_2010-W50,small,product,S2,mock,1,2,REGENCY CAKESTAND 3 TIER,revenue,TW,"£5,919.72",none,none,,Correct,REGENCY CAKESTAND 3 TIER.Revenue_TW=5919.72
small_product_2010-W50__S2__mock__r1,small_product_2010-W50,small,product,S2,mock,1,3,REGENCY CAKESTAND 3 TIER,share,TW,21.4%,none,none,,Correct,REGENCY CAKESTAND 3 TIER.Share_Pct=21.4
small_product_2010-W50__S2__mock__r1,small_product_2010-W50,small,product,S2,mock,1,4,REGENCY CAKESTAND 3 TIER,revenue,WoW,45.7%,down,none,,Correct,REGENCY CAKESTAND 3 TIER.Revenue_WoW_Pct=-45.7035
small_product_2010-W50__S2__mock__r1,small_product_2010-W50,small,product,S2,mock,1,5,WHITE HANGING HEART T-LIGHT HOLDER,revenue,TW,"£4,251.25",none,none,,Correct,WHITE HANGING HEART T-LIGHT HOLDER.Revenue_TW=4251.25
small_product_2010-W50__S2__mock__r1,small_product_2010-W50,small,product,S2,mock,1,6,WHITE HANGING HEART T-LIGHT HOLDER,share,TW,15.3%,none,none,,Correct,WHITE HANGING HEART T-LIGHT HOLDER.Share_Pct=15.3
small_product_2010-W50__S2__mock__r1,small_product_2010-W50,small,product,S2,mock,1,7,WHITE HANGING HEART T-LIGHT HOLDER,revenue,WoW,20.1%,up,none,,Correct,WHITE HANGING HEART T-LIGHT HOLDER.Revenue_WoW_Pct=20.1122
small_product_2010-W50__S2__mock__r2,small_product_2010-W50,small,product,S2,mock,2,0,TOTAL,revenue,TW,"£27,724.70",none,none,,Correct,TOTAL.Revenue_TW=27724.7
small_product_2010-W50__S2__mock__r2,small_product_2010-W50,small,product,S2,mock,2,1,TOTAL,revenue,WoW,8.4%,down,none,,Correct,TOTAL.Revenue_WoW_Pct=-8.41761
small_product_2010-W50__S2__mock__r2,small_product_2010-W50,small,product,S2,mock,2,2,REGENCY CAKESTAND 3 TIER,revenue,TW,"£5,919.72",none,none,,Correct,REGENCY CAKESTAND 3 TIER.Revenue_TW=5919.72
small_product_2010-W50__S2__mock__r2,small_product_2010-W50,small,product,S2,mock,2,3,REGENCY CAKESTAND 3 TIER,share,TW,21.4%,none,none,,Correct,REGENCY CAKESTAND 3 TIER.Share_Pct=21.4
small_product_2010-W50__S2__mock__r2,small_product_2010-W50,small,product,S2,mock,2,4,REGENCY CAKESTAND 3 TIER,revenue,WoW,45.7%,down,none,,Correct,REGENCY CAKESTAND 3 TIER.Revenue_WoW_Pct=-45.7035
small_product_2010-W50__S2__mock__r2,small_product_2010-W50,small,product,S2,mock,2,5,WHITE HANGING HEART T-LIGHT HOLDER,revenue,TW,"£4,251.25",none,none,,Correct,WHITE HANGING HEART T-LIGHT HOLDER.Revenue_TW=4251.25
small_product_2010-W50__S2__mock__r2,small_product_2010-W50,small,product,S2,mock,2,6,WHITE HANGING HEART T-LIGHT HOLDER,share,TW,15.3%,none,none,,Correct,WHITE HANGING HEART T-LIGHT HOLDER.Share_Pct=15.3
small_product_2010-W50__S2__mock__r2,small_product_2010-W50,small,product,S2,mock,2,7,WHITE HANGING HEART T-LIGHT HOLDER,revenue,WoW,18.5%,up,none,,Wrong_value,WHITE HANGING HEART T-LIGHT HOLDER.Revenue_WoW_Pct=20.1122
small_product_2010-W50__S3__mock__r1,small_product_2010-W50,small,product,S3,mock,1,0,REGENCY CAKESTAND 3 TIER,revenue,TW,£5.9k,none,none,,Correct,REGENCY CAKESTAND 3 TIER.Revenue_TW=5919.72
small_product_2010-W50__S3__mock__r1,small_product_2010-W50,small,product,S3,mock,1,0,REGENCY CAKESTAND 3 TIER,share,TW,21.4%,none,none,,Correct,REGENCY CAKESTAND 3 TIER.Share_Pct=21.4
small_product_2010-W50__S3__mock__r1,small_product_2010-W50,small,product,S3,mock,1,1,REGENCY CAKESTAND 3 TIER,revenue,WoW,45.7%,down,none,,Correct,REGENCY CAKESTAND 3 TIER.Revenue_WoW_Pct=-45.7035
small_product_2010-W50__S3__mock__r1,small_product_2010-W50,small,product,S3,mock,1,1,REGENCY CAKESTAND 3 TIER,revenue,LW,"£10,902.59",none,none,,Correct,REGENCY CAKESTAND 3 TIER.Revenue_LW=10902.6
small_product_2010-W50__S3__mock__r1,small_product_2010-W50,small,product,S3,mock,1,2,WHITE HANGING HEART T-LIGHT HOLDER,rank,TW,2nd,none,none,,Correct,WHITE HANGING HEART T-LIGHT HOLDER.Rank=2
small_product_2010-W50__S3__mock__r1,small_product_2010-W50,small,product,S3,mock,1,2,WHITE HANGING HEART T-LIGHT HOLDER,revenue,TW,"£4,251.25",none,none,,Correct,WHITE HANGING HEART T-LIGHT HOLDER.Revenue_TW=4251.25
small_product_2010-W50__S3__mock__r1,small_product_2010-W50,small,product,S3,mock,1,3,GROW A FLYTRAP OR SUNFLOWER IN TIN,revenue,WoW,8063.4%,up,none,,Correct,GROW A FLYTRAP OR SUNFLOWER IN TIN.Revenue_WoW_Pct=8063.37
small_product_2010-W50__S3__mock__r1,small_product_2010-W50,small,product,S3,mock,1,3,GROW A FLYTRAP OR SUNFLOWER IN TIN,revenue,TW,"£2,449.01",none,none,,Correct,GROW A FLYTRAP OR SUNFLOWER IN TIN.Revenue_TW=2449.01
small_product_2010-W50__S3__mock__r1,small_product_2010-W50,small,product,S3,mock,1,4,PAPER CHAIN KIT 50'S CHRISTMAS,revenue,WoW,46.9%,down,none,,Correct,PAPER CHAIN KIT 50'S CHRISTMAS.Revenue_WoW_Pct=-46.9055
small_product_2010-W50__S3__mock__r1,small_product_2010-W50,small,product,S3,mock,1,4,PAPER CHAIN KIT 50'S CHRISTMAS,revenue,TW,"£2,149.75",none,none,,Correct,PAPER CHAIN KIT 50'S CHRISTMAS.Revenue_TW=2149.75
small_product_2010-W50__S3__mock__r1,small_product_2010-W50,small,product,S3,mock,1,5,REGENCY CAKESTAND 3 TIER,units,TW,442,none,none,,Correct,REGENCY CAKESTAND 3 TIER.Units_TW=442
small_product_2010-W50__S3__mock__r1,small_product_2010-W50,small,product,S3,mock,1,5,REGENCY CAKESTAND 3 TIER,units,LW,851,none,none,,Correct,REGENCY CAKESTAND 3 TIER.Units_LW=851
small_product_2010-W50__S3__mock__r1,small_product_2010-W50,small,product,S3,mock,1,6,WHITE HANGING HEART T-LIGHT HOLDER,orders,TW,68,none,none,,Correct,WHITE HANGING HEART T-LIGHT HOLDER.Orders_TW=68
small_product_2010-W50__S3__mock__r1,small_product_2010-W50,small,product,S3,mock,1,6,WHITE HANGING HEART T-LIGHT HOLDER,orders,LW,86,none,none,,Correct,WHITE HANGING HEART T-LIGHT HOLDER.Orders_LW=86
small_product_2010-W50__S3__mock__r1,small_product_2010-W50,small,product,S3,mock,1,7,TOTAL,revenue,TW,£27.7k,none,none,,Correct,TOTAL.Revenue_TW=27724.7
small_product_2010-W50__S3__mock__r1,small_product_2010-W50,small,product,S3,mock,1,7,TOTAL,revenue,WoW,8.4%,down,none,,Correct,TOTAL.Revenue_WoW_Pct=-8.41761
small_product_2010-W50__S3__mock__r2,small_product_2010-W50,small,product,S3,mock,2,0,REGENCY CAKESTAND 3 TIER,revenue,TW,£5.9k,none,none,,Correct,REGENCY CAKESTAND 3 TIER.Revenue_TW=5919.72
small_product_2010-W50__S3__mock__r2,small_product_2010-W50,small,product,S3,mock,2,0,REGENCY CAKESTAND 3 TIER,share,TW,21.4%,none,none,,Correct,REGENCY CAKESTAND 3 TIER.Share_Pct=21.4
small_product_2010-W50__S3__mock__r2,small_product_2010-W50,small,product,S3,mock,2,1,REGENCY CAKESTAND 3 TIER,revenue,WoW,45.7%,down,none,,Correct,REGENCY CAKESTAND 3 TIER.Revenue_WoW_Pct=-45.7035
small_product_2010-W50__S3__mock__r2,small_product_2010-W50,small,product,S3,mock,2,1,REGENCY CAKESTAND 3 TIER,revenue,LW,"£10,902.59",none,none,,Correct,REGENCY CAKESTAND 3 TIER.Revenue_LW=10902.6
small_product_2010-W50__S3__mock__r2,small_product_2010-W50,small,product,S3,mock,2,2,WHITE HANGING HEART T-LIGHT HOLDER,rank,TW,2nd,none,none,,Correct,WHITE HANGING HEART T-LIGHT HOLDER.Rank=2
small_product_2010-W50__S3__mock__r2,small_product_2010-W50,small,product,S3,mock,2,2,WHITE HANGING HEART T-LIGHT HOLDER,revenue,TW,"£4,251.25",none,none,,Correct,WHITE HANGING HEART T-LIGHT HOLDER.Revenue_TW=4251.25
small_product_2010-W50__S3__mock__r2,small_product_2010-W50,small,product,S3,mock,2,3,GROW A FLYTRAP OR SUNFLOWER IN TIN,revenue,WoW,8063.4%,up,none,,Correct,GROW A FLYTRAP OR SUNFLOWER IN TIN.Revenue_WoW_Pct=8063.37
small_product_2010-W50__S3__mock__r2,small_product_2010-W50,small,product,S3,mock,2,3,GROW A FLYTRAP OR SUNFLOWER IN TIN,revenue,TW,"£2,449.01",none,none,,Correct,GROW A FLYTRAP OR SUNFLOWER IN TIN.Revenue_TW=2449.01
small_product_2010-W50__S3__mock__r2,small_product_2010-W50,small,product,S3,mock,2,4,PAPER CHAIN KIT 50'S CHRISTMAS,revenue,WoW,46.9%,down,none,,Correct,PAPER CHAIN KIT 50'S CHRISTMAS.Revenue_WoW_Pct=-46.9055
small_product_2010-W50__S3__mock__r2,small_product_2010-W50,small,product,S3,mock,2,4,PAPER CHAIN KIT 50'S CHRISTMAS,revenue,TW,"£2,149.75",none,none,,Correct,PAPER CHAIN KIT 50'S CHRISTMAS.Revenue_TW=2149.75
small_product_2010-W50__S3__mock__r2,small_product_2010-W50,small,product,S3,mock,2,5,REGENCY CAKESTAND 3 TIER,units,TW,442,none,none,,Correct,REGENCY CAKESTAND 3 TIER.Units_TW=442
small_product_2010-W50__S3__mock__r2,small_product_2010-W50,small,product,S3,mock,2,5,REGENCY CAKESTAND 3 TIER,units,LW,851,none,none,,Correct,REGENCY CAKESTAND 3 TIER.Units_LW=851
small_product_2010-W50__S3__mock__r2,small_product_2010-W50,small,product,S3,mock,2,6,WHITE HANGING HEART T-LIGHT HOLDER,orders,TW,68,none,none,,Correct,WHITE HANGING HEART T-LIGHT HOLDER.Orders_TW=68
small_product_2010-W50__S3__mock__r2,small_product_2010-W50,small,product,S3,mock,2,6,WHITE HANGING HEART T-LIGHT HOLDER,orders,LW,86,none,none,,Correct,WHITE HANGING HEART T-LIGHT HOLDER.Orders_LW=86
small_product_2010-W50__S3__mock__r2,small_product_2010-W50,small,product,S3,mock,2,7,TOTAL,revenue,TW,£27.7k,none,none,,Correct,TOTAL.Revenue_TW=27724.7
small_product_2010-W50__S3__mock__r2,small_product_2010-W50,small,product,S3,mock,2,7,TOTAL,revenue,WoW,8.4%,down,none,,Correct,TOTAL.Revenue_WoW_Pct=-8.41761
small_product_2010-W50__S4__mock__r1,small_product_2010-W50,small,product,S4,mock,1,0,TOTAL,revenue,TW,"£27,724.70",none,none,,Correct,TOTAL.Revenue_TW=27724.7
small_product_2010-W50__S4__mock__r1,small_product_2010-W50,small,product,S4,mock,1,0,TOTAL,revenue,LW,"£30,272.96",none,none,,Correct,TOTAL.Revenue_LW=30273
small_product_2010-W50__S4__mock__r1,small_product_2010-W50,small,product,S4,mock,1,0,TOTAL,revenue,WoW,-8.4%,none,none,,Correct,TOTAL.Revenue_WoW_Pct=-8.41761
small_product_2010-W50__S4__mock__r1,small_product_2010-W50,small,product,S4,mock,1,0,TOTAL,revenue,YoY,+89.1%,none,none,,Correct,TOTAL.Revenue_YoY_Pct=89.0834
small_product_2010-W50__S4__mock__r1,small_product_2010-W50,small,product,S4,mock,1,1,REGENCY CAKESTAND 3 TIER,rank,TW,1,none,none,,Correct,REGENCY CAKESTAND 3 TIER.Rank=1
small_product_2010-W50__S4__mock__r1,small_product_2010-W50,small,product,S4,mock,1,1,REGENCY CAKESTAND 3 TIER,revenue,TW,"£5,919.72",none,none,,Correct,REGENCY CAKESTAND 3 TIER.Revenue_TW=5919.72
small_product_2010-W50__S4__mock__r1,small_product_2010-W50,small,product,S4,mock,1,1,REGENCY CAKESTAND 3 TIER,share,TW,21.4%,none,none,,Correct,REGENCY CAKESTAND 3 TIER.Share_Pct=21.4
small_product_2010-W50__S4__mock__r1,small_product_2010-W50,small,product,S4,mock,1,1,REGENCY CAKESTAND 3 TIER,revenue,WoW,-45.7%,none,none,,Correct,REGENCY CAKESTAND 3 TIER.Revenue_WoW_Pct=-45.7035
small_product_2010-W50__S4__mock__r1,small_product_2010-W50,small,product,S4,mock,1,2,WHITE HANGING HEART T-LIGHT HOLDER,rank,TW,2,none,none,,Correct,WHITE HANGING HEART T-LIGHT HOLDER.Rank=2
small_product_2010-W50__S4__mock__r1,small_product_2010-W50,small,product,S4,mock,1,2,WHITE HANGING HEART T-LIGHT HOLDER,revenue,TW,"£4,251.25",none,none,,Correct,WHITE HANGING HEART T-LIGHT HOLDER.Revenue_TW=4251.25
small_product_2010-W50__S4__mock__r1,small_product_2010-W50,small,product,S4,mock,1,2,WHITE HANGING HEART T-LIGHT HOLDER,share,TW,15.3%,none,none,,Correct,WHITE HANGING HEART T-LIGHT HOLDER.Share_Pct=15.3
small_product_2010-W50__S4__mock__r1,small_product_2010-W50,small,product,S4,mock,1,2,WHITE HANGING HEART T-LIGHT HOLDER,revenue,WoW,+20.1%,none,none,,Correct,WHITE HANGING HEART T-LIGHT HOLDER.Revenue_WoW_Pct=20.1122
small_product_2010-W50__S4__mock__r1,small_product_2010-W50,small,product,S4,mock,1,3,CHILLI LIGHTS,rank,TW,3,none,none,,Correct,CHILLI LIGHTS.Rank=3
small_product_2010-W50__S4__mock__r1,small_product_2010-W50,small,product,S4,mock,1,3,CHILLI LIGHTS,revenue,TW,"£2,494.07",none,none,,Correct,CHILLI LIGHTS.Revenue_TW=2494.07
small_product_2010-W50__S4__mock__r1,small_product_2010-W50,small,product,S4,mock,1,3,CHILLI LIGHTS,share,TW,9.0%,none,none,,Correct,CHILLI LIGHTS.Share_Pct=9
small_product_2010-W50__S4__mock__r1,small_product_2010-W50,small,product,S4,mock,1,3,CHILLI LIGHTS,revenue,WoW,+26.4%,none,none,,Correct,CHILLI LIGHTS.Revenue_WoW_Pct=26.3697
small_product_2010-W50__S4__mock__r1,small_product_2010-W50,small,product,S4,mock,1,4,GROW A FLYTRAP OR SUNFLOWER IN TIN,revenue,WoW,+8063.4%,none,none,,Correct,GROW A FLYTRAP OR SUNFLOWER IN TIN.Revenue_WoW_Pct=8063.37
small_product_2010-W50__S4__mock__r1,small_product_2010-W50,small,product,S4,mock,1,4,GROW A FLYTRAP OR SUNFLOWER IN TIN,revenue,TW,"£2,449.01",none,none,,Correct,GROW A FLYTRAP OR SUNFLOWER IN TIN.Revenue_TW=2449.01
small_product_2010-W50__S4__mock__r1,small_product_2010-W50,small,product,S4,mock,1,4,GROW A FLYTRAP OR SUNFLOWER IN TIN,revenue,LW,£30.00,none,none,,Correct,GROW A FLYTRAP OR SUNFLOWER IN TIN.Revenue_LW=30
small_product_2010-W50__S4__mock__r1,small_product_2010-W50,small,product,S4,mock,1,5,PAPER CHAIN KIT 50'S CHRISTMAS,revenue,WoW,-46.9%,none,none,,Correct,PAPER CHAIN KIT 50'S CHRISTMAS.Revenue_WoW_Pct=-46.9055
small_product_2010-W50__S4__mock__r1,small_product_2010-W50,small,product,S4,mock,1,5,PAPER CHAIN KIT 50'S CHRISTMAS,revenue,TW,"£2,149.75",none,none,,Correct,PAPER CHAIN KIT 50'S CHRISTMAS.Revenue_TW=2149.75
small_product_2010-W50__S4__mock__r1,small_product_2010-W50,small,product,S4,mock,1,5,PAPER CHAIN KIT 50'S CHRISTMAS,revenue,LW,"£4,048.91",none,none,,Correct,PAPER CHAIN KIT 50'S CHRISTMAS.Revenue_LW=4048.91
small_product_2010-W50__S4__mock__r1,small_product_2010-W50,small,product,S4,mock,1,6,ROTATING SILVER ANGELS T-LIGHT HLDR,revenue,YoY,+1030.5%,none,none,,Correct,ROTATING SILVER ANGELS T-LIGHT HLDR.Revenue_YoY_Pct=1030.52
small_product_2010-W50__S4__mock__r1,small_product_2010-W50,small,product,S4,mock,1,6,ROTATING SILVER ANGELS T-LIGHT HLDR,revenue,LY,£191.29,none,none,,Correct,ROTATING SILVER ANGELS T-LIGHT HLDR.Revenue_LY=191.29
small_product_2010-W50__S4__mock__r1,small_product_2010-W50,small,product,S4,mock,1,7,WHITE HANGING HEART T-LIGHT HOLDER,revenue,YoY,-49.4%,none,none,,Correct,WHITE HANGING HEART T-LIGHT HOLDER.Revenue_YoY_Pct=-49.4308
small_product_2010-W50__S4__mock__r1,small_product_2010-W50,small,product,S4,mock,1,7,WHITE HANGING HEART T-LIGHT HOLDER,revenue,LY,"£8,406.79",none,none,,Correct,WHITE HANGING HEART T-LIGHT HOLDER.Revenue_LY=8406.79
small_product_2010-W50__S4__mock__r2,small_product_2010-W50,small,product,S4,mock,2,0,TOTAL,revenue,TW,"£27,724.70",none,none,,Correct,TOTAL.Revenue_TW=27724.7
small_product_2010-W50__S4__mock__r2,small_product_2010-W50,small,product,S4,mock,2,0,TOTAL,revenue,LW,"£30,272.96",none,none,,Correct,TOTAL.Revenue_LW=30273
small_product_2010-W50__S4__mock__r2,small_product_2010-W50,small,product,S4,mock,2,0,TOTAL,revenue,WoW,-8.4%,none,none,,Correct,TOTAL.Revenue_WoW_Pct=-8.41761
small_product_2010-W50__S4__mock__r2,small_product_2010-W50,small,product,S4,mock,2,0,TOTAL,revenue,YoY,+89.1%,none,none,,Correct,TOTAL.Revenue_YoY_Pct=89.0834
small_product_2010-W50__S4__mock__r2,small_product_2010-W50,small,product,S4,mock,2,1,REGENCY CAKESTAND 3 TIER,rank,TW,1,none,none,,Correct,REGENCY CAKESTAND 3 TIER.Rank=1
small_product_2010-W50__S4__mock__r2,small_product_2010-W50,small,product,S4,mock,2,1,REGENCY CAKESTAND 3 TIER,revenue,TW,"£5,919.72",none,none,,Correct,REGENCY CAKESTAND 3 TIER.Revenue_TW=5919.72
small_product_2010-W50__S4__mock__r2,small_product_2010-W50,small,product,S4,mock,2,1,REGENCY CAKESTAND 3 TIER,share,TW,21.4%,none,none,,Correct,REGENCY CAKESTAND 3 TIER.Share_Pct=21.4
small_product_2010-W50__S4__mock__r2,small_product_2010-W50,small,product,S4,mock,2,1,REGENCY CAKESTAND 3 TIER,revenue,WoW,-45.7%,none,none,,Correct,REGENCY CAKESTAND 3 TIER.Revenue_WoW_Pct=-45.7035
small_product_2010-W50__S4__mock__r2,small_product_2010-W50,small,product,S4,mock,2,2,WHITE HANGING HEART T-LIGHT HOLDER,rank,TW,2,none,none,,Correct,WHITE HANGING HEART T-LIGHT HOLDER.Rank=2
small_product_2010-W50__S4__mock__r2,small_product_2010-W50,small,product,S4,mock,2,2,WHITE HANGING HEART T-LIGHT HOLDER,revenue,TW,"£4,251.25",none,none,,Correct,WHITE HANGING HEART T-LIGHT HOLDER.Revenue_TW=4251.25
small_product_2010-W50__S4__mock__r2,small_product_2010-W50,small,product,S4,mock,2,2,WHITE HANGING HEART T-LIGHT HOLDER,share,TW,15.3%,none,none,,Correct,WHITE HANGING HEART T-LIGHT HOLDER.Share_Pct=15.3
small_product_2010-W50__S4__mock__r2,small_product_2010-W50,small,product,S4,mock,2,2,WHITE HANGING HEART T-LIGHT HOLDER,revenue,WoW,+20.1%,none,none,,Correct,WHITE HANGING HEART T-LIGHT HOLDER.Revenue_WoW_Pct=20.1122
small_product_2010-W50__S4__mock__r2,small_product_2010-W50,small,product,S4,mock,2,3,CHILLI LIGHTS,rank,TW,3,none,none,,Correct,CHILLI LIGHTS.Rank=3
small_product_2010-W50__S4__mock__r2,small_product_2010-W50,small,product,S4,mock,2,3,CHILLI LIGHTS,revenue,TW,"£2,494.07",none,none,,Correct,CHILLI LIGHTS.Revenue_TW=2494.07
small_product_2010-W50__S4__mock__r2,small_product_2010-W50,small,product,S4,mock,2,3,CHILLI LIGHTS,share,TW,9.0%,none,none,,Correct,CHILLI LIGHTS.Share_Pct=9
small_product_2010-W50__S4__mock__r2,small_product_2010-W50,small,product,S4,mock,2,3,CHILLI LIGHTS,revenue,WoW,+26.4%,none,none,,Correct,CHILLI LIGHTS.Revenue_WoW_Pct=26.3697
small_product_2010-W50__S4__mock__r2,small_product_2010-W50,small,product,S4,mock,2,4,GROW A FLYTRAP OR SUNFLOWER IN TIN,revenue,WoW,+8063.4%,none,none,,Correct,GROW A FLYTRAP OR SUNFLOWER IN TIN.Revenue_WoW_Pct=8063.37
small_product_2010-W50__S4__mock__r2,small_product_2010-W50,small,product,S4,mock,2,4,GROW A FLYTRAP OR SUNFLOWER IN TIN,revenue,TW,"£2,449.01",none,none,,Correct,GROW A FLYTRAP OR SUNFLOWER IN TIN.Revenue_TW=2449.01
small_product_2010-W50__S4__mock__r2,small_product_2010-W50,small,product,S4,mock,2,4,GROW A FLYTRAP OR SUNFLOWER IN TIN,revenue,LW,£30.00,none,none,,Correct,GROW A FLYTRAP OR SUNFLOWER IN TIN.Revenue_LW=30
small_product_2010-W50__S4__mock__r2,small_product_2010-W50,small,product,S4,mock,2,5,PAPER CHAIN KIT 50'S CHRISTMAS,revenue,WoW,-46.9%,none,none,,Correct,PAPER CHAIN KIT 50'S CHRISTMAS.Revenue_WoW_Pct=-46.9055
small_product_2010-W50__S4__mock__r2,small_product_2010-W50,small,product,S4,mock,2,5,PAPER CHAIN KIT 50'S CHRISTMAS,revenue,TW,"£2,149.75",none,none,,Correct,PAPER CHAIN KIT 50'S CHRISTMAS.Revenue_TW=2149.75
small_product_2010-W50__S4__mock__r2,small_product_2010-W50,small,product,S4,mock,2,5,PAPER CHAIN KIT 50'S CHRISTMAS,revenue,LW,"£4,048.91",none,none,,Correct,PAPER CHAIN KIT 50'S CHRISTMAS.Revenue_LW=4048.91
small_product_2010-W50__S4__mock__r2,small_product_2010-W50,small,product,S4,mock,2,6,ROTATING SILVER ANGELS T-LIGHT HLDR,revenue,YoY,+1030.5%,none,none,,Correct,ROTATING SILVER ANGELS T-LIGHT HLDR.Revenue_YoY_Pct=1030.52
small_product_2010-W50__S4__mock__r2,small_product_2010-W50,small,product,S4,mock,2,6,ROTATING SILVER ANGELS T-LIGHT HLDR,revenue,LY,£191.29,none,none,,Correct,ROTATING SILVER ANGELS T-LIGHT HLDR.Revenue_LY=191.29
small_product_2010-W50__S4__mock__r2,small_product_2010-W50,small,product,S4,mock,2,7,WHITE HANGING HEART T-LIGHT HOLDER,revenue,YoY,-49.4%,none,none,,Correct,WHITE HANGING HEART T-LIGHT HOLDER.Revenue_YoY_Pct=-49.4308
small_product_2010-W50__S4__mock__r2,small_product_2010-W50,small,product,S4,mock,2,7,WHITE HANGING HEART T-LIGHT HOLDER,revenue,LY,"£8,406.79",none,none,,Correct,WHITE HANGING HEART T-LIGHT HOLDER.Revenue_LY=8406.79
