note_id,table_id,size,entity_type,strategy,model,repeat,line_idx,sentence,raw_text,value,unit,is_rank,qualifier,direction,position,label,evidence
large_product_2010-W04__S1__mock__r1,large_product_2010-W04,large,product,S1,mock,1,0,"- WHITE HANGING HEART T-LIGHT HOLDER led revenue with £3.7k TW, a 6.1% share of the 109 products shown",£3.7k,3700.0,currency,False,none,none,54,Supported_cell,"cell(WHITE HANGING HEART T-LIGHT HOLDER, Revenue_TW)=3740.98"
large_product_2010-W04__S1__mock__r1,large_product_2010-W04,large,product,S1,mock,1,0,"- WHITE HANGING HEART T-LIGHT HOLDER led revenue with £3.7k TW, a 6.1% share of the 109 products shown",6.1%,6.1,percent,False,none,none,66,Supported_cell,"cell(WHITE HANGING HEART T-LIGHT HOLDER, Share_Pct)=6.1"
large_product_2010-W04__S1__mock__r1,large_product_2010-W04,large,product,S1,mock,1,0,"- WHITE HANGING HEART T-LIGHT HOLDER led revenue with £3.7k TW, a 6.1% share of the 109 products shown",109,109.0,plain,False,none,none,84,Skipped,counting
large_product_2010-W04__S1__mock__r1,large_product_2010-W04,large,product,S1,mock,1,1,"- WHITE HANGING HEART T-LIGHT HOLDER revenue was down 1.4% WoW from £3,792.77 LW",1.4%,-1.4,percent,False,none,down,54,Supported_cell,"cell(WHITE HANGING HEART T-LIGHT HOLDER, WoW_Pct)=-1.4"
large_product_2010-W04__S1__mock__r1,large_product_2010-W04,large,product,S1,mock,1,1,"- WHITE HANGING HEART T-LIGHT HOLDER revenue was down 1.4% WoW from £3,792.77 LW","£3,792.77",3792.77,currency,False,none,none,68,Supported_cell,"cell(WHITE HANGING HEART T-LIGHT HOLDER, Revenue_LW)=3792.77"
large_product_2010-W04__S1__mock__r1,large_product_2010-W04,large,product,S1,mock,1,2,"- RED HANGING HEART T-LIGHT HOLDER ranked 2nd with £1,807.91 TW",2nd,2.0,count,True,none,none,42,Supported_cell,"cell(RED HANGING HEART T-LIGHT HOLDER, Rank)=2"
large_product_2010-W04__S1__mock__r1,large_product_2010-W04,large,product,S1,mock,1,2,"- RED HANGING HEART T-LIGHT HOLDER ranked 2nd with £1,807.91 TW","£1,807.91",1807.91,currency,False,none,none,51,Supported_cell,"cell(RED HANGING HEART T-LIGHT HOLDER, Revenue_TW)=1807.91"
large_product_2010-W04__S1__mock__r1,large_product_2010-W04,large,product,S1,mock,1,3,"- CHERRY DESIGN PAPERLANTERNS posted the largest WoW gain, up 16649.8% to £635.70 TW",16649.8%,16649.8,percent,False,none,up,62,Unsupported,
large_product_2010-W04__S1__mock__r1,large_product_2010-W04,large,product,S1,mock,1,3,"- CHERRY DESIGN PAPERLANTERNS posted the largest WoW gain, up 16649.8% to £635.70 TW",£635.70,635.7,currency,False,none,none,74,Supported_cell,"cell(CHERRY DESIGN PAPERLANTERNS, Revenue_TW)=635.7"
large_product_2010-W04__S1__mock__r1,large_product_2010-W04,large,product,S1,mock,1,4,"- KENSINGTON COFFEE SET revenue fell 83.6% WoW to £1,632.90 TW",83.6%,-83.6,percent,False,none,down,37,Unsupported,
large_product_2010-W04__S1__mock__r1,large_product_2010-W04,large,product,S1,mock,1,4,"- KENSINGTON COFFEE SET revenue fell 83.6% WoW to £1,632.90 TW","£1,632.90",1632.9,currency,False,none,none,50,Supported_cell,"cell(KENSINGTON COFFEE SET, Revenue_TW)=1632.9"
large_product_2010-W04__S1__mock__r1,large_product_2010-W04,large,product,S1,mock,1,5,"- WHITE HANGING HEART T-LIGHT HOLDER sold 1,313 units TW versus 1,403 units LW","1,313",1313.0,count,False,none,none,42,Unsupported,
large_product_2010-W04__S1__mock__r1,large_product_2010-W04,large,product,S1,mock,1,5,"- WHITE HANGING HEART T-LIGHT HOLDER sold 1,313 units TW versus 1,403 units LW","1,403",1403.0,count,False,none,none,64,Supported_cell,"cell(WHITE HANGING HEART T-LIGHT HOLDER, Units_LW)=1403"
large_product_2010-W04__S1__mock__r1,large_product_2010-W04,large,product,S1,mock,1,6,- WHITE HANGING HEART T-LIGHT HOLDER had the most orders with 79 orders TW versus 66 LW,79,79.0,count,False,none,none,62,Supported_cell,"cell(WHITE HANGING HEART T-LIGHT HOLDER, Orders_TW)=79"
large_product_2010-W04__S1__mock__r1,large_product_2010-W04,large,product,S1,mock,1,6,- WHITE HANGING HEART T-LIGHT HOLDER had the most orders with 79 orders TW versus 66 LW,66,66.0,plain,False,none,none,82,Supported_cell,"cell(WHITE HANGING HEART T-LIGHT HOLDER, Orders_LW)=66"
large_product_2010-W04__S1__mock__r1,large_product_2010-W04,large,product,S1,mock,1,7,"- Total revenue across the products shown was £61.8k TW, up 46.0% WoW",£61.8k,61800.0,currency,False,none,none,46,Supported_derived,sum(Revenue_TW)=61756.5
large_product_2010-W04__S1__mock__r1,large_product_2010-W04,large,product,S1,mock,1,7,"- Total revenue across the products shown was £61.8k TW, up 46.0% WoW",46.0%,46.0,percent,False,none,up,60,Supported_derived,"pct_change(sum(Revenue_TW), sum(Revenue_LW))=46.0134"
large_product_2010-W04__S1__mock__r2,large_product_2010-W04,large,product,S1,mock,2,0,"- WHITE HANGING HEART T-LIGHT HOLDER led revenue with £3.7k TW, a 6.1% share of the 109 products shown",£3.7k,3700.0,currency,False,none,none,54,Supported_cell,"cell(WHITE HANGING HEART T-LIGHT HOLDER, Revenue_TW)=3740.98"
large_product_2010-W04__S1__mock__r2,large_product_2010-W04,large,product,S1,mock,2,0,"- WHITE HANGING HEART T-LIGHT HOLDER led revenue with £3.7k TW, a 6.1% share of the 109 products shown",6.1%,6.1,percent,False,none,none,66,Supported_cell,"cell(WHITE HANGING HEART T-LIGHT HOLDER, Share_Pct)=6.1"
large_product_2010-W04__S1__mock__r2,large_product_2010-W04,large,product,S1,mock,2,0,"- WHITE HANGING HEART T-LIGHT HOLDER led revenue with £3.7k TW, a 6.1% share of the 109 products shown",109,109.0,plain,False,none,none,84,Skipped,counting
large_product_2010-W04__S1__mock__r2,large_product_2010-W04,large,product,S1,mock,2,1,"- WHITE HANGING HEART T-LIGHT HOLDER revenue was down 1.4% WoW from £3,792.77 LW",1.4%,-1.4,percent,False,none,down,54,Supported_cell,"cell(WHITE HANGING HEART T-LIGHT HOLDER, WoW_Pct)=-1.4"
large_product_2010-W04__S1__mock__r2,large_product_2010-W04,large,product,S1,mock,2,1,"- WHITE HANGING HEART T-LIGHT HOLDER revenue was down 1.4% WoW from £3,792.77 LW","£3,792.77",3792.77,currency,False,none,none,68,Supported_cell,"cell(WHITE HANGING HEART T-LIGHT HOLDER, Revenue_LW)=3792.77"
large_product_2010-W04__S1__mock__r2,large_product_2010-W04,large,product,S1,mock,2,2,"- RED HANGING HEART T-LIGHT HOLDER ranked 2nd with £1,807.91 TW",2nd,2.0,count,True,none,none,42,Supported_cell,"cell(RED HANGING HEART T-LIGHT HOLDER, Rank)=2"
large_product_2010-W04__S1__mock__r2,large_product_2010-W04,large,product,S1,mock,2,2,"- RED HANGING HEART T-LIGHT HOLDER ranked 2nd with £1,807.91 TW","£1,807.91",1807.91,currency,False,none,none,51,Supported_cell,"cell(RED HANGING HEART T-LIGHT HOLDER, Revenue_TW)=1807.91"
large_product_2010-W04__S1__mock__r2,large_product_2010-W04,large,product,S1,mock,2,3,"- CHERRY DESIGN PAPERLANTERNS posted the largest WoW gain, up 14999.8% to £635.70 TW",14999.8%,14999.8,percent,False,none,up,62,Supported_cell,"cell(CHERRY DESIGN PAPERLANTERNS, WoW_Pct)=14999.8"
large_product_2010-W04__S1__mock__r2,large_product_2010-W04,large,product,S1,mock,2,3,"- CHERRY DESIGN PAPERLANTERNS posted the largest WoW gain, up 14999.8% to £635.70 TW",£635.70,635.7,currency,False,none,none,74,Supported_cell,"cell(CHERRY DESIGN PAPERLANTERNS, Revenue_TW)=635.7"
large_product_2010-W04__S1__mock__r2,large_product_2010-W04,large,product,S1,mock,2,4,- KENSINGTON COFFEE SET revenue fell 78.9% WoW to £417.21 TW,78.9%,-78.9,percent,False,none,down,37,Supported_cell,"cell(KENSINGTON COFFEE SET, WoW_Pct)=-78.9"
large_product_2010-W04__S1__mock__r2,large_product_2010-W04,large,product,S1,mock,2,4,- KENSINGTON COFFEE SET revenue fell 78.9% WoW to £417.21 TW,£417.21,417.21,currency,False,none,none,50,Supported_cell,"cell(CHOCOLATE HOT WATER BOTTLE, Revenue_TW)=417.21"
large_product_2010-W04__S1__mock__r2,large_product_2010-W04,large,product,S1,mock,2,5,"- WHITE HANGING HEART T-LIGHT HOLDER sold 1,534 units TW versus 1,557 units LW","1,534",1534.0,count,False,none,none,42,Unsupported,
large_product_2010-W04__S1__mock__r2,large_product_2010-W04,large,product,S1,mock,2,5,"- WHITE HANGING HEART T-LIGHT HOLDER sold 1,534 units TW versus 1,557 units LW","1,557",1557.0,count,False,none,none,64,Unsupported,
large_product_2010-W04__S1__mock__r2,large_product_2010-W04,large,product,S1,mock,2,6,- WHITE HANGING HEART T-LIGHT HOLDER had the most orders with 79 orders TW versus 66 LW,79,79.0,count,False,none,none,62,Supported_cell,"cell(WHITE HANGING HEART T-LIGHT HOLDER, Orders_TW)=79"
large_product_2010-W04__S1__mock__r2,large_product_2010-W04,large,product,S1,mock,2,6,- WHITE HANGING HEART T-LIGHT HOLDER had the most orders with 79 orders TW versus 66 LW,66,66.0,plain,False,none,none,82,Supported_cell,"cell(WHITE HANGING HEART T-LIGHT HOLDER, Orders_LW)=66"
large_product_2010-W04__S1__mock__r2,large_product_2010-W04,large,product,S1,mock,2,7,"- Total revenue across the products shown was £68.5k TW, up 46.0% WoW",£68.5k,68500.0,currency,False,none,none,46,Unsupported,
large_product_2010-W04__S1__mock__r2,large_product_2010-W04,large,product,S1,mock,2,7,"- Total revenue across the products shown was £68.5k TW, up 46.0% WoW",46.0%,46.0,percent,False,none,up,60,Supported_derived,"pct_change(sum(Revenue_TW), sum(Revenue_LW))=46.0134"
large_product_2010-W04__S2__mock__r1,large_product_2010-W04,large,product,S2,mock,1,0,"- Total revenue was £61,756.48 TW","£61,756.48",61756.48,currency,False,none,none,20,Supported_derived,sum(Revenue_TW)=61756.5
large_product_2010-W04__S2__mock__r1,large_product_2010-W04,large,product,S2,mock,1,1,- Total revenue was up 46.0% WoW,46.0%,46.0,percent,False,none,up,23,Supported_derived,"pct_change(sum(Revenue_TW), sum(Revenue_LW))=46.0134"
large_product_2010-W04__S2__mock__r1,large_product_2010-W04,large,product,S2,mock,1,2,"- WHITE HANGING HEART T-LIGHT HOLDER revenue was £3,740.98 TW","£3,740.98",3740.98,currency,False,none,none,49,Supported_cell,"cell(WHITE HANGING HEART T-LIGHT HOLDER, Revenue_TW)=3740.98"
large_product_2010-W04__S2__mock__r1,large_product_2010-W04,large,product,S2,mock,1,3,- WHITE HANGING HEART T-LIGHT HOLDER held a 6.1% share of revenue TW,6.1%,6.1,percent,False,none,none,44,Supported_cell,"cell(WHITE HANGING HEART T-LIGHT HOLDER, Share_Pct)=6.1"
large_product_2010-W04__S2__mock__r1,large_product_2010-W04,large,product,S2,mock,1,4,- WHITE HANGING HEART T-LIGHT HOLDER revenue was down 1.4% WoW,1.4%,-1.4,percent,False,none,down,54,Supported_cell,"cell(WHITE HANGING HEART T-LIGHT HOLDER, WoW_Pct)=-1.4"
large_product_2010-W04__S2__mock__r1,large_product_2010-W04,large,product,S2,mock,1,5,"- RED HANGING HEART T-LIGHT HOLDER revenue was £1,807.91 TW","£1,807.91",1807.91,currency,False,none,none,47,Supported_cell,"cell(RED HANGING HEART T-LIGHT HOLDER, Revenue_TW)=1807.91"
large_product_2010-W04__S2__mock__r1,large_product_2010-W04,large,product,S2,mock,1,6,- RED HANGING HEART T-LIGHT HOLDER held a 2.9% share of revenue TW,2.9%,2.9,percent,False,none,none,42,Supported_cell,"cell(RED HANGING HEART T-LIGHT HOLDER, Share_Pct)=2.9"
large_product_2010-W04__S2__mock__r1,large_product_2010-W04,large,product,S2,mock,1,7,- RED HANGING HEART T-LIGHT HOLDER revenue was up 119.9% WoW,119.9%,119.9,percent,False,none,up,50,Supported_cell,"cell(RED HANGING HEART T-LIGHT HOLDER, WoW_Pct)=119.9"
large_product_2010-W04__S2__mock__r2,large_product_2010-W04,large,product,S2,mock,2,0,"- Total revenue was £61,756.48 TW","£61,756.48",61756.48,currency,False,none,none,20,Supported_derived,sum(Revenue_TW)=61756.5
large_product_2010-W04__S2__mock__r2,large_product_2010-W04,large,product,S2,mock,2,1,- Total revenue was up 46.0% WoW,46.0%,46.0,percent,False,none,up,23,Supported_derived,"pct_change(sum(Revenue_TW), sum(Revenue_LW))=46.0134"
large_product_2010-W04__S2__mock__r2,large_product_2010-W04,large,product,S2,mock,2,2,"- WHITE HANGING HEART T-LIGHT HOLDER revenue was £3,740.98 TW","£3,740.98",3740.98,currency,False,none,none,49,Supported_cell,"cell(WHITE HANGING HEART T-LIGHT HOLDER, Revenue_TW)=3740.98"
large_product_2010-W04__S2__mock__r2,large_product_2010-W04,large,product,S2,mock,2,3,- WHITE HANGING HEART T-LIGHT HOLDER held a 6.1% share of revenue TW,6.1%,6.1,percent,False,none,none,44,Supported_cell,"cell(WHITE HANGING HEART T-LIGHT HOLDER, Share_Pct)=6.1"
large_product_2010-W04__S2__mock__r2,large_product_2010-W04,large,product,S2,mock,2,4,- WHITE HANGING HEART T-LIGHT HOLDER revenue was down 1.4% WoW,1.4%,-1.4,percent,False,none,down,54,Supported_cell,"cell(WHITE HANGING HEART T-LIGHT HOLDER, WoW_Pct)=-1.4"
large_product_2010-W04__S2__mock__r2,large_product_2010-W04,large,product,S2,mock,2,5,"- RED HANGING HEART T-LIGHT HOLDER revenue was £1,807.91 TW","£1,807.91",1807.91,currency,False,none,none,47,Supported_cell,"cell(RED HANGING HEART T-LIGHT HOLDER, Revenue_TW)=1807.91"
large_product_2010-W04__S2__mock__r2,large_product_2010-W04,large,product,S2,mock,2,6,- RED HANGING HEART T-LIGHT HOLDER held a 2.9% share of revenue TW,2.9%,2.9,percent,False,none,none,42,Supported_cell,"cell(RED HANGING HEART T-LIGHT HOLDER, Share_Pct)=2.9"
large_product_2010-W04__S2__mock__r2,large_product_2010-W04,large,product,S2,mock,2,7,- RED HANGING HEART T-LIGHT HOLDER revenue was up 127.1% WoW,127.1%,127.1,percent,False,none,up,50,Unsupported,
large_product_2010-W04__S3__mock__r1,large_product_2010-W04,large,product,S3,mock,1,0,"- WHITE HANGING HEART T-LIGHT HOLDER led revenue with £3.7k TW, a 6.1% share of the 109 products shown",£3.7k,3700.0,currency,False,none,none,54,Supported_cell,"cell(WHITE HANGING HEART T-LIGHT HOLDER, Revenue_TW)=3740.98"
large_product_2010-W04__S3__mock__r1,large_product_2010-W04,large,product,S3,mock,1,0,"- WHITE HANGING HEART T-LIGHT HOLDER led revenue with £3.7k TW, a 6.1% share of the 109 products shown",6.1%,6.1,percent,False,none,none,66,Supported_cell,"cell(WHITE HANGING HEART T-LIGHT HOLDER, Share_Pct)=6.1"
large_product_2010-W04__S3__mock__r1,large_product_2010-W04,large,product,S3,mock,1,0,"- WHITE HANGING HEART T-LIGHT HOLDER led revenue with £3.7k TW, a 6.1% share of the 109 products shown",109,109.0,plain,False,none,none,84,Skipped,counting
large_product_2010-W04__S3__mock__r1,large_product_2010-W04,large,product,S3,mock,1,1,"- WHITE HANGING HEART T-LIGHT HOLDER revenue was down 1.4% WoW from £3,792.77 LW",1.4%,-1.4,percent,False,none,down,54,Supported_cell,"cell(WHITE HANGING HEART T-LIGHT HOLDER, WoW_Pct)=-1.4"
large_product_2010-W04__S3__mock__r1,large_product_2010-W04,large,product,S3,mock,1,1,"- WHITE HANGING HEART T-LIGHT HOLDER revenue was down 1.4% WoW from £3,792.77 LW","£3,792.77",3792.77,currency,False,none,none,68,Supported_cell,"cell(WHITE HANGING HEART T-LIGHT HOLDER, Revenue_LW)=3792.77"
large_product_2010-W04__S3__mock__r1,large_product_2010-W04,large,product,S3,mock,1,2,"- RED HANGING HEART T-LIGHT HOLDER ranked 2nd with £1,807.91 TW",2nd,2.0,count,True,none,none,42,Supported_cell,"cell(RED HANGING HEART T-LIGHT HOLDER, Rank)=2"
large_product_2010-W04__S3__mock__r1,large_product_2010-W04,large,product,S3,mock,1,2,"- RED HANGING HEART T-LIGHT HOLDER ranked 2nd with £1,807.91 TW","£1,807.91",1807.91,currency,False,none,none,51,Supported_cell,"cell(RED HANGING HEART T-LIGHT HOLDER, Revenue_TW)=1807.91"
large_product_2010-W04__S3__mock__r1,large_product_2010-W04,large,product,S3,mock,1,3,"- CHERRY DESIGN PAPERLANTERNS posted the largest WoW gain, up 14999.8% to £635.70 TW",14999.8%,14999.8,percent,False,none,up,62,Supported_cell,"cell(CHERRY DESIGN PAPERLANTERNS, WoW_Pct)=14999.8"
large_product_2010-W04__S3__mock__r1,large_product_2010-W04,large,product,S3,mock,1,3,"- CHERRY DESIGN PAPERLANTERNS posted the largest WoW gain, up 14999.8% to £635.70 TW",£635.70,635.7,currency,False,none,none,74,Supported_cell,"cell(CHERRY DESIGN PAPERLANTERNS, Revenue_TW)=635.7"
large_product_2010-W04__S3__mock__r1,large_product_2010-W04,large,product,S3,mock,1,4,"- KENSINGTON COFFEE SET revenue fell 78.9% WoW to £1,632.90 TW",78.9%,-78.9,percent,False,none,down,37,Supported_cell,"cell(KENSINGTON COFFEE SET, WoW_Pct)=-78.9"
large_product_2010-W04__S3__mock__r1,large_product_2010-W04,large,product,S3,mock,1,4,"- KENSINGTON COFFEE SET revenue fell 78.9% WoW to £1,632.90 TW","£1,632.90",1632.9,currency,False,none,none,50,Supported_cell,"cell(KENSINGTON COFFEE SET, Revenue_TW)=1632.9"
large_product_2010-W04__S3__mock__r1,large_product_2010-W04,large,product,S3,mock,1,5,"- WHITE HANGING HEART T-LIGHT HOLDER sold 1,382 units TW versus 1,403 units LW","1,382",1382.0,count,False,none,none,42,Supported_cell,"cell(WHITE HANGING HEART T-LIGHT HOLDER, Units_TW)=1382"
large_product_2010-W04__S3__mock__r1,large_product_2010-W04,large,product,S3,mock,1,5,"- WHITE HANGING HEART T-LIGHT HOLDER sold 1,382 units TW versus 1,403 units LW","1,403",1403.0,count,False,none,none,64,Supported_cell,"cell(WHITE HANGING HEART T-LIGHT HOLDER, Units_LW)=1403"
large_product_2010-W04__S3__mock__r1,large_product_2010-W04,large,product,S3,mock,1,6,- WHITE HANGING HEART T-LIGHT HOLDER had the most orders with 79 orders TW versus 66 LW,79,79.0,count,False,none,none,62,Supported_cell,"cell(WHITE HANGING HEART T-LIGHT HOLDER, Orders_TW)=79"
large_product_2010-W04__S3__mock__r1,large_product_2010-W04,large,product,S3,mock,1,6,- WHITE HANGING HEART T-LIGHT HOLDER had the most orders with 79 orders TW versus 66 LW,66,66.0,plain,False,none,none,82,Supported_cell,"cell(WHITE HANGING HEART T-LIGHT HOLDER, Orders_LW)=66"
large_product_2010-W04__S3__mock__r1,large_product_2010-W04,large,product,S3,mock,1,7,"- Total revenue across the products shown was £61.8k TW, up 46.0% WoW",£61.8k,61800.0,currency,False,none,none,46,Supported_derived,sum(Revenue_TW)=61756.5
large_product_2010-W04__S3__mock__r1,large_product_2010-W04,large,product,S3,mock,1,7,"- Total revenue across the products shown was £61.8k TW, up 46.0% WoW",46.0%,46.0,percent,False,none,up,60,Supported_derived,"pct_change(sum(Revenue_TW), sum(Revenue_LW))=46.0134"
large_product_2010-W04__S3__mock__r2,large_product_2010-W04,large,product,S3,mock,2,0,"- WHITE HANGING HEART T-LIGHT HOLDER led revenue with £3.7k TW, a 6.1% share of the 109 products shown",£3.7k,3700.0,currency,False,none,none,54,Supported_cell,"cell(WHITE HANGING HEART T-LIGHT HOLDER, Revenue_TW)=3740.98"
large_product_2010-W04__S3__mock__r2,large_product_2010-W04,large,product,S3,mock,2,0,"- WHITE HANGING HEART T-LIGHT HOLDER led revenue with £3.7k TW, a 6.1% share of the 109 products shown",6.1%,6.1,percent,False,none,none,66,Supported_cell,"cell(WHITE HANGING HEART T-LIGHT HOLDER, Share_Pct)=6.1"
large_product_2010-W04__S3__mock__r2,large_product_2010-W04,large,product,S3,mock,2,0,"- WHITE HANGING HEART T-LIGHT HOLDER led revenue with £3.7k TW, a 6.1% share of the 109 products shown",109,109.0,plain,False,none,none,84,Skipped,counting
large_product_2010-W04__S3__mock__r2,large_product_2010-W04,large,product,S3,mock,2,1,"- WHITE HANGING HEART T-LIGHT HOLDER revenue was down 1.4% WoW from £3,792.77 LW",1.4%,-1.4,percent,False,none,down,54,Supported_cell,"cell(WHITE HANGING HEART T-LIGHT HOLDER, WoW_Pct)=-1.4"
large_product_2010-W04__S3__mock__r2,large_product_2010-W04,large,product,S3,mock,2,1,"- WHITE HANGING HEART T-LIGHT HOLDER revenue was down 1.4% WoW from £3,792.77 LW","£3,792.77",3792.77,currency,False,none,none,68,Supported_cell,"cell(WHITE HANGING HEART T-LIGHT HOLDER, Revenue_LW)=3792.77"
large_product_2010-W04__S3__mock__r2,large_product_2010-W04,large,product,S3,mock,2,2,"- RED HANGING HEART T-LIGHT HOLDER ranked 2nd with £1,807.91 TW",2nd,2.0,count,True,none,none,42,Supported_cell,"cell(RED HANGING HEART T-LIGHT HOLDER, Rank)=2"
large_product_2010-W04__S3__mock__r2,large_product_2010-W04,large,product,S3,mock,2,2,"- RED HANGING HEART T-LIGHT HOLDER ranked 2nd with £1,807.91 TW","£1,807.91",1807.91,currency,False,none,none,51,Supported_cell,"cell(RED HANGING HEART T-LIGHT HOLDER, Revenue_TW)=1807.91"
large_product_2010-W04__S3__mock__r2,large_product_2010-W04,large,product,S3,mock,2,3,"- CHERRY DESIGN PAPERLANTERNS posted the largest WoW gain, up 14999.8% to £635.70 TW",14999.8%,14999.8,percent,False,none,up,62,Supported_cell,"cell(CHERRY DESIGN PAPERLANTERNS, WoW_Pct)=14999.8"
large_product_2010-W04__S3__mock__r2,large_product_2010-W04,large,product,S3,mock,2,3,"- CHERRY DESIGN PAPERLANTERNS posted the largest WoW gain, up 14999.8% to £635.70 TW",£635.70,635.7,currency,False,none,none,74,Supported_cell,"cell(CHERRY DESIGN PAPERLANTERNS, Revenue_TW)=635.7"
large_product_2010-W04__S3__mock__r2,large_product_2010-W04,large,product,S3,mock,2,4,- KENSINGTON COFFEE SET revenue fell 78.9% WoW to £417.21 TW,78.9%,-78.9,percent,False,none,down,37,Supported_cell,"cell(KENSINGTON COFFEE SET, WoW_Pct)=-78.9"
large_product_2010-W04__S3__mock__r2,large_product_2010-W04,large,product,S3,mock,2,4,- KENSINGTON COFFEE SET revenue fell 78.9% WoW to £417.21 TW,£417.21,417.21,currency,False,none,none,50,Supported_cell,"cell(CHOCOLATE HOT WATER BOTTLE, Revenue_TW)=417.21"
large_product_2010-W04__S3__mock__r2,large_product_2010-W04,large,product,S3,mock,2,5,"- WHITE HANGING HEART T-LIGHT HOLDER sold 1,382 units TW versus 1,403 units LW","1,382",1382.0,count,False,none,none,42,Supported_cell,"cell(WHITE HANGING HEART T-LIGHT HOLDER, Units_TW)=1382"
large_product_2010-W04__S3__mock__r2,large_product_2010-W04,large,product,S3,mock,2,5,"- WHITE HANGING HEART T-LIGHT HOLDER sold 1,382 units TW versus 1,403 units LW","1,403",1403.0,count,False,none,none,64,Supported_cell,"cell(WHITE HANGING HEART T-LIGHT HOLDER, Units_LW)=1403"
large_product_2010-W04__S3__mock__r2,large_product_2010-W04,large,product,S3,mock,2,6,- WHITE HANGING HEART T-LIGHT HOLDER had the most orders with 79 orders TW versus 66 LW,79,79.0,count,False,none,none,62,Supported_cell,"cell(WHITE HANGING HEART T-LIGHT HOLDER, Orders_TW)=79"
large_product_2010-W04__S3__mock__r2,large_product_2010-W04,large,product,S3,mock,2,6,- WHITE HANGING HEART T-LIGHT HOLDER had the most orders with 79 orders TW versus 66 LW,66,66.0,plain,False,none,none,82,Supported_cell,"cell(WHITE HANGING HEART T-LIGHT HOLDER, Orders_LW)=66"
large_product_2010-W04__S3__mock__r2,large_product_2010-W04,large,product,S3,mock,2,7,"- Total revenue across the products shown was £61.8k TW, up 46.0% WoW",£61.8k,61800.0,currency,False,none,none,46,Supported_derived,sum(Revenue_TW)=61756.5
large_product_2010-W04__S3__mock__r2,large_product_2010-W04,large,product,S3,mock,2,7,"- Total revenue across the products shown was £61.8k TW, up 46.0% WoW",46.0%,46.0,percent,False,none,up,60,Supported_derived,"pct_change(sum(Revenue_TW), sum(Revenue_LW))=46.0134"
large_product_2010-W04__S4__mock__r1,large_product_2010-W04,large,product,S4,mock,1,0,"- Total: revenue £61,756.48 TW, revenue £42,295.08 LW, revenue change +49.2% WoW","£61,756.48",61756.48,currency,False,none,none,17,Supported_derived,sum(Revenue_TW)=61756.5
large_product_2010-W04__S4__mock__r1,large_product_2010-W04,large,product,S4,mock,1,0,"- Total: revenue £61,756.48 TW, revenue £42,295.08 LW, revenue change +49.2% WoW","£42,295.08",42295.08,currency,False,none,none,40,Supported_derived,sum(Revenue_LW)=42295.1
large_product_2010-W04__S4__mock__r1,large_product_2010-W04,large,product,S4,mock,1,0,"- Total: revenue £61,756.48 TW, revenue £42,295.08 LW, revenue change +49.2% WoW",+49.2%,49.2,percent,False,none,none,70,Unsupported,
large_product_2010-W04__S4__mock__r1,large_product_2010-W04,large,product,S4,mock,1,1,"- WHITE HANGING HEART T-LIGHT HOLDER: rank 1, revenue £3,740.98 TW, share 6.1% TW, revenue change -1.4% WoW",1,1.0,count,True,none,none,43,Supported_cell,"cell(WHITE HANGING HEART T-LIGHT HOLDER, Rank)=1"
large_product_2010-W04__S4__mock__r1,large_product_2010-W04,large,product,S4,mock,1,1,"- WHITE HANGING HEART T-LIGHT HOLDER: rank 1, revenue £3,740.98 TW, share 6.1% TW, revenue change -1.4% WoW","£3,740.98",3740.98,currency,False,none,none,54,Supported_cell,"cell(WHITE HANGING HEART T-LIGHT HOLDER, Revenue_TW)=3740.98"
large_product_2010-W04__S4__mock__r1,large_product_2010-W04,large,product,S4,mock,1,1,"- WHITE HANGING HEART T-LIGHT HOLDER: rank 1, revenue £3,740.98 TW, share 6.1% TW, revenue change -1.4% WoW",6.1%,6.1,percent,False,none,none,74,Supported_cell,"cell(WHITE HANGING HEART T-LIGHT HOLDER, Share_Pct)=6.1"
large_product_2010-W04__S4__mock__r1,large_product_2010-W04,large,product,S4,mock,1,1,"- WHITE HANGING HEART T-LIGHT HOLDER: rank 1, revenue £3,740.98 TW, share 6.1% TW, revenue change -1.4% WoW",-1.4%,-1.4,percent,False,none,none,98,Supported_cell,"cell(WHITE HANGING HEART T-LIGHT HOLDER, WoW_Pct)=-1.4"
large_product_2010-W04__S4__mock__r1,large_product_2010-W04,large,product,S4,mock,1,2,"- RED HANGING HEART T-LIGHT HOLDER: rank 2, revenue £1,807.91 TW, share 2.9% TW, revenue change +119.9% WoW",2,2.0,count,True,none,none,41,Supported_cell,"cell(RED HANGING HEART T-LIGHT HOLDER, Rank)=2"
large_product_2010-W04__S4__mock__r1,large_product_2010-W04,large,product,S4,mock,1,2,"- RED HANGING HEART T-LIGHT HOLDER: rank 2, revenue £1,807.91 TW, share 2.9% TW, revenue change +119.9% WoW","£1,807.91",1807.91,currency,False,none,none,52,Supported_cell,"cell(RED HANGING HEART T-LIGHT HOLDER, Revenue_TW)=1807.91"
large_product_2010-W04__S4__mock__r1,large_product_2010-W04,large,product,S4,mock,1,2,"- RED HANGING HEART T-LIGHT HOLDER: rank 2, revenue £1,807.91 TW, share 2.9% TW, revenue change +119.9% WoW",2.9%,2.9,percent,False,none,none,72,Supported_cell,"cell(RED HANGING HEART T-LIGHT HOLDER, Share_Pct)=2.9"
large_product_2010-W04__S4__mock__r1,large_product_2010-W04,large,product,S4,mock,1,2,"- RED HANGING HEART T-LIGHT HOLDER: rank 2, revenue £1,807.91 TW, share 2.9% TW, revenue change +119.9% WoW",+119.9%,119.9,percent,False,none,none,96,Supported_cell,"cell(RED HANGING HEART T-LIGHT HOLDER, WoW_Pct)=119.9"
large_product_2010-W04__S4__mock__r1,large_product_2010-W04,large,product,S4,mock,1,3,"- SET/3 RUSSIAN DOLL STACKING TINS: rank 3, revenue £1,718.73 TW, share 2.8% TW, revenue change +975.9% WoW",3,3.0,plain,False,none,none,6,Skipped,entity_name
large_product_2010-W04__S4__mock__r1,large_product_2010-W04,large,product,S4,mock,1,3,"- SET/3 RUSSIAN DOLL STACKING TINS: rank 3, revenue £1,718.73 TW, share 2.8% TW, revenue change +975.9% WoW",3,3.0,count,True,none,none,41,Supported_cell,"cell(SET/3 RUSSIAN DOLL STACKING TINS, Rank)=3"
large_product_2010-W04__S4__mock__r1,large_product_2010-W04,large,product,S4,mock,1,3,"- SET/3 RUSSIAN DOLL STACKING TINS: rank 3, revenue £1,718.73 TW, share 2.8% TW, revenue change +975.9% WoW","£1,718.73",1718.73,currency,False,none,none,52,Supported_cell,"cell(SET/3 RUSSIAN DOLL STACKING TINS, Revenue_TW)=1718.73"
large_product_2010-W04__S4__mock__r1,large_product_2010-W04,large,product,S4,mock,1,3,"- SET/3 RUSSIAN DOLL STACKING TINS: rank 3, revenue £1,718.73 TW, share 2.8% TW, revenue change +975.9% WoW",2.8%,2.8,percent,False,none,none,72,Supported_cell,"cell(SET/3 RUSSIAN DOLL STACKING TINS, Share_Pct)=2.8"
large_product_2010-W04__S4__mock__r1,large_product_2010-W04,large,product,S4,mock,1,3,"- SET/3 RUSSIAN DOLL STACKING TINS: rank 3, revenue £1,718.73 TW, share 2.8% TW, revenue change +975.9% WoW",+975.9%,975.9,percent,False,none,none,96,Supported_cell,"cell(SET/3 RUSSIAN DOLL STACKING TINS, WoW_Pct)=975.9"
large_product_2010-W04__S4__mock__r1,large_product_2010-W04,large,product,S4,mock,1,4,"- CHERRY DESIGN PAPERLANTERNS (largest WoW increase): revenue change +14999.8% WoW, revenue £635.70 TW versus £4.21 LW",+14999.8%,14999.8,percent,False,none,none,69,Supported_cell,"cell(CHERRY DESIGN PAPERLANTERNS, WoW_Pct)=14999.8"
large_product_2010-W04__S4__mock__r1,large_product_2010-W04,large,product,S4,mock,1,4,"- CHERRY DESIGN PAPERLANTERNS (largest WoW increase): revenue change +14999.8% WoW, revenue £635.70 TW versus £4.21 LW",£635.70,635.7,currency,False,none,none,92,Supported_cell,"cell(CHERRY DESIGN PAPERLANTERNS, Revenue_TW)=635.7"
large_product_2010-W04__S4__mock__r1,large_product_2010-W04,large,product,S4,mock,1,4,"- CHERRY DESIGN PAPERLANTERNS (largest WoW increase): revenue change +14999.8% WoW, revenue £635.70 TW versus £4.21 LW",£4.21,4.21,currency,False,none,none,110,Supported_cell,"cell(CHERRY DESIGN PAPERLANTERNS, Revenue_LW)=4.21"
large_product_2010-W04__S4__mock__r1,large_product_2010-W04,large,product,S4,mock,1,5,"- KENSINGTON COFFEE SET (largest WoW decrease): revenue change -78.9% WoW, revenue £1,632.90 TW versus £7,750.05 LW",-78.9%,-78.9,percent,False,none,none,63,Supported_cell,"cell(KENSINGTON COFFEE SET, WoW_Pct)=-78.9"
large_product_2010-W04__S4__mock__r1,large_product_2010-W04,large,product,S4,mock,1,5,"- KENSINGTON COFFEE SET (largest WoW decrease): revenue change -78.9% WoW, revenue £1,632.90 TW versus £7,750.05 LW","£1,632.90",1632.9,currency,False,none,none,83,Supported_cell,"cell(KENSINGTON COFFEE SET, Revenue_TW)=1632.9"
large_product_2010-W04__S4__mock__r1,large_product_2010-W04,large,product,S4,mock,1,5,"- KENSINGTON COFFEE SET (largest WoW decrease): revenue change -78.9% WoW, revenue £1,632.90 TW versus £7,750.05 LW","£7,750.05",7750.05,currency,False,none,none,103,Supported_cell,"cell(KENSINGTON COFFEE SET, Revenue_LW)=7750.05"
large_product_2010-W04__S4__mock__r1,large_product_2010-W04,large,product,S4,mock,1,6,- WHITE HANGING HEART T-LIGHT HOLDER (most orders): orders 79 TW versus 66 LW,79,79.0,plain,False,none,none,59,Supported_cell,"cell(WHITE HANGING HEART T-LIGHT HOLDER, Orders_TW)=79"
large_product_2010-W04__S4__mock__r1,large_product_2010-W04,large,product,S4,mock,1,6,- WHITE HANGING HEART T-LIGHT HOLDER (most orders): orders 79 TW versus 66 LW,66,66.0,plain,False,none,none,72,Supported_cell,"cell(WHITE HANGING HEART T-LIGHT HOLDER, Orders_LW)=66"
large_product_2010-W04__S4__mock__r2,large_product_2010-W04,large,product,S4,mock,2,0,"- Total: revenue £61,756.48 TW, revenue £42,295.08 LW, revenue change +46.0% WoW","£61,756.48",61756.48,currency,False,none,none,17,Supported_derived,sum(Revenue_TW)=61756.5
large_product_2010-W04__S4__mock__r2,large_product_2010-W04,large,product,S4,mock,2,0,"- Total: revenue £61,756.48 TW, revenue £42,295.08 LW, revenue change +46.0% WoW","£42,295.08",42295.08,currency,False,none,none,40,Supported_derived,sum(Revenue_LW)=42295.1
large_product_2010-W04__S4__mock__r2,large_product_2010-W04,large,product,S4,mock,2,0,"- Total: revenue £61,756.48 TW, revenue £42,295.08 LW, revenue change +46.0% WoW",+46.0%,46.0,percent,False,none,none,70,Supported_derived,"pct_change(sum(Revenue_TW), sum(Revenue_LW))=46.0134"
large_product_2010-W04__S4__mock__r2,large_product_2010-W04,large,product,S4,mock,2,1,"- WHITE HANGING HEART T-LIGHT HOLDER: rank 1, revenue £3,740.98 TW, share 6.1% TW, revenue change -1.4% WoW",1,1.0,count,True,none,none,43,Supported_cell,"cell(WHITE HANGING HEART T-LIGHT HOLDER, Rank)=1"
large_product_2010-W04__S4__mock__r2,large_product_2010-W04,large,product,S4,mock,2,1,"- WHITE HANGING HEART T-LIGHT HOLDER: rank 1, revenue £3,740.98 TW, share 6.1% TW, revenue change -1.4% WoW","£3,740.98",3740.98,currency,False,none,none,54,Supported_cell,"cell(WHITE HANGING HEART T-LIGHT HOLDER, Revenue_TW)=3740.98"
large_product_2010-W04__S4__mock__r2,large_product_2010-W04,large,product,S4,mock,2,1,"- WHITE HANGING HEART T-LIGHT HOLDER: rank 1, revenue £3,740.98 TW, share 6.1% TW, revenue change -1.4% WoW",6.1%,6.1,percent,False,none,none,74,Supported_cell,"cell(WHITE HANGING HEART T-LIGHT HOLDER, Share_Pct)=6.1"
large_product_2010-W04__S4__mock__r2,large_product_2010-W04,large,product,S4,mock,2,1,"- WHITE HANGING HEART T-LIGHT HOLDER: rank 1, revenue £3,740.98 TW, share 6.1% TW, revenue change -1.4% WoW",-1.4%,-1.4,percent,False,none,none,98,Supported_cell,"cell(WHITE HANGING HEART T-LIGHT HOLDER, WoW_Pct)=-1.4"
large_product_2010-W04__S4__mock__r2,large_product_2010-W04,large,product,S4,mock,2,2,"- RED HANGING HEART T-LIGHT HOLDER: rank 2, revenue £1,807.91 TW, share 2.9% TW, revenue change +119.9% WoW",2,2.0,count,True,none,none,41,Supported_cell,"cell(RED HANGING HEART T-LIGHT HOLDER, Rank)=2"
large_product_2010-W04__S4__mock__r2,large_product_2010-W04,large,product,S4,mock,2,2,"- RED HANGING HEART T-LIGHT HOLDER: rank 2, revenue £1,807.91 TW, share 2.9% TW, revenue change +119.9% WoW","£1,807.91",1807.91,currency,False,none,none,52,Supported_cell,"cell(RED HANGING HEART T-LIGHT HOLDER, Revenue_TW)=1807.91"
large_product_2010-W04__S4__mock__r2,large_product_2010-W04,large,product,S4,mock,2,2,"- RED HANGING HEART T-LIGHT HOLDER: rank 2, revenue £1,807.91 TW, share 2.9% TW, revenue change +119.9% WoW",2.9%,2.9,percent,False,none,none,72,Supported_cell,"cell(RED HANGING HEART T-LIGHT HOLDER, Share_Pct)=2.9"
large_product_2010-W04__S4__mock__r2,large_product_2010-W04,large,product,S4,mock,2,2,"- RED HANGING HEART T-LIGHT HOLDER: rank 2, revenue £1,807.91 TW, share 2.9% TW, revenue change +119.9% WoW",+119.9%,119.9,percent,False,none,none,96,Supported_cell,"cell(RED HANGING HEART T-LIGHT HOLDER, WoW_Pct)=119.9"
large_product_2010-W04__S4__mock__r2,large_product_2010-W04,large,product,S4,mock,2,3,"- SET/3 RUSSIAN DOLL STACKING TINS: rank 3, revenue £1,718.73 TW, share 2.8% TW, revenue change +975.9% WoW",3,3.0,plain,False,none,none,6,Skipped,entity_name
large_product_2010-W04__S4__mock__r2,large_product_2010-W04,large,product,S4,mock,2,3,"- SET/3 RUSSIAN DOLL STACKING TINS: rank 3, revenue £1,718.73 TW, share 2.8% TW, revenue change +975.9% WoW",3,3.0,count,True,none,none,41,Supported_cell,"cell(SET/3 RUSSIAN DOLL STACKING TINS, Rank)=3"
large_product_2010-W04__S4__mock__r2,large_product_2010-W04,large,product,S4,mock,2,3,"- SET/3 RUSSIAN DOLL STACKING TINS: rank 3, revenue £1,718.73 TW, share 2.8% TW, revenue change +975.9% WoW","£1,718.73",1718.73,currency,False,none,none,52,Supported_cell,"cell(SET/3 RUSSIAN DOLL STACKING TINS, Revenue_TW)=1718.73"
large_product_2010-W04__S4__mock__r2,large_product_2010-W04,large,product,S4,mock,2,3,"- SET/3 RUSSIAN DOLL STACKING TINS: rank 3, revenue £1,718.73 TW, share 2.8% TW, revenue change +975.9% WoW",2.8%,2.8,percent,False,none,none,72,Supported_cell,"cell(SET/3 RUSSIAN DOLL STACKING TINS, Share_Pct)=2.8"
large_product_2010-W04__S4__mock__r2,large_product_2010-W04,large,product,S4,mock,2,3,"- SET/3 RUSSIAN DOLL STACKING TINS: rank 3, revenue £1,718.73 TW, share 2.8% TW, revenue change +975.9% WoW",+975.9%,975.9,percent,False,none,none,96,Supported_cell,"cell(SET/3 RUSSIAN DOLL STACKING TINS, WoW_Pct)=975.9"
large_product_2010-W04__S4__mock__r2,large_product_2010-W04,large,product,S4,mock,2,4,"- CHERRY DESIGN PAPERLANTERNS (largest WoW increase): revenue change +14999.8% WoW, revenue £635.70 TW versus £4.21 LW",+14999.8%,14999.8,percent,False,none,none,69,Supported_cell,"cell(CHERRY DESIGN PAPERLANTERNS, WoW_Pct)=14999.8"
large_product_2010-W04__S4__mock__r2,large_product_2010-W04,large,product,S4,mock,2,4,"- CHERRY DESIGN PAPERLANTERNS (largest WoW increase): revenue change +14999.8% WoW, revenue £635.70 TW versus £4.21 LW",£635.70,635.7,currency,False,none,none,92,Supported_cell,"cell(CHERRY DESIGN PAPERLANTERNS, Revenue_TW)=635.7"
large_product_2010-W04__S4__mock__r2,large_product_2010-W04,large,product,S4,mock,2,4,"- CHERRY DESIGN PAPERLANTERNS (largest WoW increase): revenue change +14999.8% WoW, revenue £635.70 TW versus £4.21 LW",£4.21,4.21,currency,False,none,none,110,Supported_cell,"cell(CHERRY DESIGN PAPERLANTERNS, Revenue_LW)=4.21"
large_product_2010-W04__S4__mock__r2,large_product_2010-W04,large,product,S4,mock,2,5,"- KENSINGTON COFFEE SET (largest WoW decrease): revenue change -78.9% WoW, revenue £1,632.90 TW versus £7,750.05 LW",-78.9%,-78.9,percent,False,none,none,63,Supported_cell,"cell(KENSINGTON COFFEE SET, WoW_Pct)=-78.9"
large_product_2010-W04__S4__mock__r2,large_product_2010-W04,large,product,S4,mock,2,5,"- KENSINGTON COFFEE SET (largest WoW decrease): revenue change -78.9% WoW, revenue £1,632.90 TW versus £7,750.05 LW","£1,632.90",1632.9,currency,False,none,none,83,Supported_cell,"cell(KENSINGTON COFFEE SET, Revenue_TW)=1632.9"
large_product_2010-W04__S4__mock__r2,large_product_2010-W04,large,product,S4,mock,2,5,"- KENSINGTON COFFEE SET (largest WoW decrease): revenue change -78.9% WoW, revenue £1,632.90 TW versus £7,750.05 LW","£7,750.05",7750.05,currency,False,none,none,103,Supported_cell,"cell(KENSINGTON COFFEE SET, Revenue_LW)=7750.05"
large_product_2010-W04__S4__mock__r2,large_product_2010-W04,large,product,S4,mock,2,6,- WHITE HANGING HEART T-LIGHT HOLDER (most orders): orders 79 TW versus 66 LW,79,79.0,plain,False,none,none,59,Supported_cell,"cell(WHITE HANGING HEART T-LIGHT HOLDER, Orders_TW)=79"
large_product_2010-W04__S4__mock__r2,large_product_2010-W04,large,product,S4,mock,2,6,- WHITE HANGING HEART T-LIGHT HOLDER (most orders): orders 79 TW versus 66 LW,66,66.0,plain,False,none,none,72,Supported_cell,"cell(WHITE HANGING HEART T-LIGHT HOLDER, Orders_LW)=66"
large_product_2011-W42__S1__mock__r1,large_product_2011-W42,large,product,S1,mock,1,0,"- LANDMARK FRAME COVENT GARDEN led revenue with £3.8k TW, a 3.3% share of the 125 products shown",£3.8k,3800.0,currency,False,none,none,48,Supported_cell,"cell(LANDMARK FRAME COVENT GARDEN, Revenue_TW)=3766.4"
large_product_2011-W42__S1__mock__r1,large_product_2011-W42,large,product,S1,mock,1,0,"- LANDMARK FRAME COVENT GARDEN led revenue with £3.8k TW, a 3.3% share of the 125 products shown",3.3%,3.3,percent,False,none,none,60,Supported_cell,"cell(LANDMARK FRAME COVENT GARDEN, Share_Pct)=3.3"
large_product_2011-W42__S1__mock__r1,large_product_2011-W42,large,product,S1,mock,1,0,"- LANDMARK FRAME COVENT GARDEN led revenue with £3.8k TW, a 3.3% share of the 125 products shown",125,125.0,plain,False,none,none,78,Skipped,counting
large_product_2011-W42__S1__mock__r1,large_product_2011-W42,large,product,S1,mock,1,1,"- LANDMARK FRAME OXFORD STREET ranked 2nd with £3,753.90 TW",2nd,2.0,count,True,none,none,38,Supported_cell,"cell(LANDMARK FRAME OXFORD STREET, Rank)=2"
large_product_2011-W42__S1__mock__r1,large_product_2011-W42,large,product,S1,mock,1,1,"- LANDMARK FRAME OXFORD STREET ranked 2nd with £3,753.90 TW","£3,753.90",3753.9,currency,False,none,none,47,Supported_cell,"cell(LANDMARK FRAME OXFORD STREET, Revenue_TW)=3753.9"
large_product_2011-W42__S1__mock__r1,large_product_2011-W42,large,product,S1,mock,1,2,"- CERAMIC CAKE STAND + HANGING CAKES posted the largest WoW gain, up 2392.0% to £495.90 TW",2392.0%,2392.0,percent,False,none,up,69,Supported_cell,"cell(CERAMIC CAKE STAND + HANGING CAKES, WoW_Pct)=2392"
large_product_2011-W42__S1__mock__r1,large_product_2011-W42,large,product,S1,mock,1,2,"- CERAMIC CAKE STAND + HANGING CAKES posted the largest WoW gain, up 2392.0% to £495.90 TW",£495.90,495.9,currency,False,none,none,80,Supported_cell,"cell(CERAMIC CAKE STAND + HANGING CAKES, Revenue_TW)=495.9"
large_product_2011-W42__S1__mock__r1,large_product_2011-W42,large,product,S1,mock,1,3,- WHITE HANGING HEART T-LIGHT HOLDER revenue fell 63.6% WoW to £689.94 TW,63.6%,-63.6,percent,False,none,down,50,Supported_cell,"cell(WHITE HANGING HEART T-LIGHT HOLDER, WoW_Pct)=-63.6"
large_product_2011-W42__S1__mock__r1,large_product_2011-W42,large,product,S1,mock,1,3,- WHITE HANGING HEART T-LIGHT HOLDER revenue fell 63.6% WoW to £689.94 TW,£689.94,689.94,currency,False,none,none,63,Supported_cell,"cell(WHITE HANGING HEART T-LIGHT HOLDER, Revenue_TW)=689.94"
large_product_2011-W42__S1__mock__r1,large_product_2011-W42,large,product,S1,mock,1,4,- LANDMARK FRAME COVENT GARDEN sold 340 units TW versus 0 units LW,340,340.0,count,False,none,none,36,Supported_cell,"cell(LANDMARK FRAME COVENT GARDEN, Units_TW)=340"
large_product_2011-W42__S1__mock__r1,large_product_2011-W42,large,product,S1,mock,1,4,- LANDMARK FRAME COVENT GARDEN sold 340 units TW versus 0 units LW,0,0.0,count,False,none,none,56,Supported_cell,"cell(LANDMARK FRAME COVENT GARDEN, Units_LW)=0"
large_product_2011-W42__S1__mock__r1,large_product_2011-W42,large,product,S1,mock,1,5,- HOT WATER BOTTLE KEEP CALM had the most orders with 50 orders TW versus 38 LW,50,50.0,count,False,none,none,54,Supported_cell,"cell(HOT WATER BOTTLE KEEP CALM, Orders_TW)=50"
large_product_2011-W42__S1__mock__r1,large_product_2011-W42,large,product,S1,mock,1,5,- HOT WATER BOTTLE KEEP CALM had the most orders with 50 orders TW versus 38 LW,38,38.0,plain,False,none,none,74,Supported_cell,"cell(HOT WATER BOTTLE KEEP CALM, Orders_LW)=38"
large_product_2011-W42__S1__mock__r1,large_product_2011-W42,large,product,S1,mock,1,6,"- Total revenue across the products shown was £112.6k TW, up 93.7% WoW",£112.6k,112600.0,currency,False,none,none,46,Supported_derived,sum(Revenue_TW)=112644
large_product_2011-W42__S1__mock__r1,large_product_2011-W42,large,product,S1,mock,1,6,"- Total revenue across the products shown was £112.6k TW, up 93.7% WoW",93.7%,93.7,percent,False,none,up,61,Supported_derived,"pct_change(sum(Revenue_TW), sum(Revenue_LW))=93.7046"
large_product_2011-W42__S1__mock__r2,large_product_2011-W42,large,product,S1,mock,2,0,"- LANDMARK FRAME COVENT GARDEN led revenue with £3.8k TW, a 3.3% share of the 125 products shown",£3.8k,3800.0,currency,False,none,none,48,Supported_cell,"cell(LANDMARK FRAME COVENT GARDEN, Revenue_TW)=3766.4"
large_product_2011-W42__S1__mock__r2,large_product_2011-W42,large,product,S1,mock,2,0,"- LANDMARK FRAME COVENT GARDEN led revenue with £3.8k TW, a 3.3% share of the 125 products shown",3.3%,3.3,percent,False,none,none,60,Supported_cell,"cell(LANDMARK FRAME COVENT GARDEN, Share_Pct)=3.3"
large_product_2011-W42__S1__mock__r2,large_product_2011-W42,large,product,S1,mock,2,0,"- LANDMARK FRAME COVENT GARDEN led revenue with £3.8k TW, a 3.3% share of the 125 products shown",125,125.0,plain,False,none,none,78,Skipped,counting
large_product_2011-W42__S1__mock__r2,large_product_2011-W42,large,product,S1,mock,2,1,"- LANDMARK FRAME OXFORD STREET ranked 2nd with £3,753.90 TW",2nd,2.0,count,True,none,none,38,Supported_cell,"cell(LANDMARK FRAME OXFORD STREET, Rank)=2"
large_product_2011-W42__S1__mock__r2,large_product_2011-W42,large,product,S1,mock,2,1,"- LANDMARK FRAME OXFORD STREET ranked 2nd with £3,753.90 TW","£3,753.90",3753.9,currency,False,none,none,47,Supported_cell,"cell(LANDMARK FRAME OXFORD STREET, Revenue_TW)=3753.9"
large_product_2011-W42__S1__mock__r2,large_product_2011-W42,large,product,S1,mock,2,2,"- CERAMIC CAKE STAND + HANGING CAKES posted the largest WoW gain, up 228.9% to £495.90 TW",228.9%,228.9,percent,False,none,up,69,Supported_cell,"cell(SMALL IVORY HEART WALL ORGANISER, WoW_Pct)=228.9"
large_product_2011-W42__S1__mock__r2,large_product_2011-W42,large,product,S1,mock,2,2,"- CERAMIC CAKE STAND + HANGING CAKES posted the largest WoW gain, up 228.9% to £495.90 TW",£495.90,495.9,currency,False,none,none,79,Supported_cell,"cell(CERAMIC CAKE STAND + HANGING CAKES, Revenue_TW)=495.9"
large_product_2011-W42__S1__mock__r2,large_product_2011-W42,large,product,S1,mock,2,3,- WHITE HANGING HEART T-LIGHT HOLDER revenue fell 58.5% WoW to £689.94 TW,58.5%,-58.5,percent,False,none,down,50,Unsupported,
large_product_2011-W42__S1__mock__r2,large_product_2011-W42,large,product,S1,mock,2,3,- WHITE HANGING HEART T-LIGHT HOLDER revenue fell 58.5% WoW to £689.94 TW,£689.94,689.94,currency,False,none,none,63,Supported_cell,"cell(WHITE HANGING HEART T-LIGHT HOLDER, Revenue_TW)=689.94"
large_product_2011-W42__S1__mock__r2,large_product_2011-W42,large,product,S1,mock,2,4,- LANDMARK FRAME COVENT GARDEN sold 340 units TW versus 0 units LW,340,340.0,count,False,none,none,36,Supported_cell,"cell(LANDMARK FRAME COVENT GARDEN, Units_TW)=340"
large_product_2011-W42__S1__mock__r2,large_product_2011-W42,large,product,S1,mock,2,4,- LANDMARK FRAME COVENT GARDEN sold 340 units TW versus 0 units LW,0,0.0,count,False,none,none,56,Supported_cell,"cell(LANDMARK FRAME COVENT GARDEN, Units_LW)=0"
large_product_2011-W42__S1__mock__r2,large_product_2011-W42,large,product,S1,mock,2,5,- HOT WATER BOTTLE KEEP CALM had the most orders with 50 orders TW versus 38 LW,50,50.0,count,False,none,none,54,Supported_cell,"cell(HOT WATER BOTTLE KEEP CALM, Orders_TW)=50"
large_product_2011-W42__S1__mock__r2,large_product_2011-W42,large,product,S1,mock,2,5,- HOT WATER BOTTLE KEEP CALM had the most orders with 50 orders TW versus 38 LW,38,38.0,plain,False,none,none,74,Supported_cell,"cell(HOT WATER BOTTLE KEEP CALM, Orders_LW)=38"
large_product_2011-W42__S1__mock__r2,large_product_2011-W42,large,product,S1,mock,2,6,"- Total revenue across the products shown was £112.6k TW, up 93.7% WoW",£112.6k,112600.0,currency,False,none,none,46,Supported_derived,sum(Revenue_TW)=112644
large_product_2011-W42__S1__mock__r2,large_product_2011-W42,large,product,S1,mock,2,6,"- Total revenue across the products shown was £112.6k TW, up 93.7% WoW",93.7%,93.7,percent,False,none,up,61,Supported_derived,"pct_change(sum(Revenue_TW), sum(Revenue_LW))=93.7046"
large_product_2011-W42__S2__mock__r1,large_product_2011-W42,large,product,S2,mock,1,0,"- Total revenue was £112,643.90 TW","£112,643.90",112643.9,currency,False,none,none,20,Supported_derived,sum(Revenue_TW)=112644
large_product_2011-W42__S2__mock__r1,large_product_2011-W42,large,product,S2,mock,1,1,- Total revenue was up 93.7% WoW,93.7%,93.7,percent,False,none,up,23,Supported_derived,"pct_change(sum(Revenue_TW), sum(Revenue_LW))=93.7046"
large_product_2011-W42__S2__mock__r1,large_product_2011-W42,large,product,S2,mock,1,2,"- LANDMARK FRAME COVENT GARDEN revenue was £3,766.40 TW","£3,766.40",3766.4,currency,False,none,none,43,Supported_cell,"cell(LANDMARK FRAME COVENT GARDEN, Revenue_TW)=3766.4"
large_product_2011-W42__S2__mock__r1,large_product_2011-W42,large,product,S2,mock,1,3,- LANDMARK FRAME COVENT GARDEN held a 3.3% share of revenue TW,3.3%,3.3,percent,False,none,none,38,Supported_cell,"cell(LANDMARK FRAME COVENT GARDEN, Share_Pct)=3.3"
large_product_2011-W42__S2__mock__r1,large_product_2011-W42,large,product,S2,mock,1,4,"- LANDMARK FRAME OXFORD STREET revenue was £3,753.90 TW","£3,753.90",3753.9,currency,False,none,none,43,Supported_cell,"cell(LANDMARK FRAME OXFORD STREET, Revenue_TW)=3753.9"
large_product_2011-W42__S2__mock__r1,large_product_2011-W42,large,product,S2,mock,1,5,- LANDMARK FRAME OXFORD STREET held a 3.3% share of revenue TW,3.3%,3.3,percent,False,none,none,38,Supported_cell,"cell(LANDMARK FRAME OXFORD STREET, Share_Pct)=3.3"
large_product_2011-W42__S2__mock__r1,large_product_2011-W42,large,product,S2,mock,1,6,"- LANDMARK FRAME NOTTING HILL revenue was £3,660.00 TW","£3,660.00",3660.0,currency,False,none,none,42,Supported_cell,"cell(LANDMARK FRAME NOTTING HILL, Revenue_TW)=3660"
large_product_2011-W42__S2__mock__r1,large_product_2011-W42,large,product,S2,mock,1,7,- LANDMARK FRAME NOTTING HILL held a 3.2% share of revenue TW,3.2%,3.2,percent,False,none,none,37,Supported_cell,"cell(LANDMARK FRAME NOTTING HILL, Share_Pct)=3.2"
large_product_2011-W42__S2__mock__r2,large_product_2011-W42,large,product,S2,mock,2,0,"- Total revenue was £112,643.90 TW","£112,643.90",112643.9,currency,False,none,none,20,Supported_derived,sum(Revenue_TW)=112644
large_product_2011-W42__S2__mock__r2,large_product_2011-W42,large,product,S2,mock,2,1,- Total revenue was up 93.7% WoW,93.7%,93.7,percent,False,none,up,23,Supported_derived,"pct_change(sum(Revenue_TW), sum(Revenue_LW))=93.7046"
large_product_2011-W42__S2__mock__r2,large_product_2011-W42,large,product,S2,mock,2,2,"- LANDMARK FRAME COVENT GARDEN revenue was £3,766.40 TW","£3,766.40",3766.4,currency,False,none,none,43,Supported_cell,"cell(LANDMARK FRAME COVENT GARDEN, Revenue_TW)=3766.4"
large_product_2011-W42__S2__mock__r2,large_product_2011-W42,large,product,S2,mock,2,3,- LANDMARK FRAME COVENT GARDEN held a 3.3% share of revenue TW,3.3%,3.3,percent,False,none,none,38,Supported_cell,"cell(LANDMARK FRAME COVENT GARDEN, Share_Pct)=3.3"
large_product_2011-W42__S2__mock__r2,large_product_2011-W42,large,product,S2,mock,2,4,"- LANDMARK FRAME OXFORD STREET revenue was £3,753.90 TW","£3,753.90",3753.9,currency,False,none,none,43,Supported_cell,"cell(LANDMARK FRAME OXFORD STREET, Revenue_TW)=3753.9"
large_product_2011-W42__S2__mock__r2,large_product_2011-W42,large,product,S2,mock,2,5,- LANDMARK FRAME OXFORD STREET held a 3.3% share of revenue TW,3.3%,3.3,percent,False,none,none,38,Supported_cell,"cell(LANDMARK FRAME OXFORD STREET, Share_Pct)=3.3"
large_product_2011-W42__S2__mock__r2,large_product_2011-W42,large,product,S2,mock,2,6,"- LANDMARK FRAME NOTTING HILL revenue was £3,660.00 TW","£3,660.00",3660.0,currency,False,none,none,42,Supported_cell,"cell(LANDMARK FRAME NOTTING HILL, Revenue_TW)=3660"
large_product_2011-W42__S2__mock__r2,large_product_2011-W42,large,product,S2,mock,2,7,- LANDMARK FRAME NOTTING HILL held a 3.2% share of revenue TW,3.2%,3.2,percent,False,none,none,37,Supported_cell,"cell(LANDMARK FRAME NOTTING HILL, Share_Pct)=3.2"
large_product_2011-W42__S3__mock__r1,large_product_2011-W42,large,product,S3,mock,1,0,"- LANDMARK FRAME COVENT GARDEN led revenue with £3.8k TW, a 3.3% share of the 125 products shown",£3.8k,3800.0,currency,False,none,none,48,Supported_cell,"cell(LANDMARK FRAME COVENT GARDEN, Revenue_TW)=3766.4"
large_product_2011-W42__S3__mock__r1,large_product_2011-W42,large,product,S3,mock,1,0,"- LANDMARK FRAME COVENT GARDEN led revenue with £3.8k TW, a 3.3% share of the 125 products shown",3.3%,3.3,percent,False,none,none,60,Supported_cell,"cell(LANDMARK FRAME COVENT GARDEN, Share_Pct)=3.3"
large_product_2011-W42__S3__mock__r1,large_product_2011-W42,large,product,S3,mock,1,0,"- LANDMARK FRAME COVENT GARDEN led revenue with £3.8k TW, a 3.3% share of the 125 products shown",125,125.0,plain,False,none,none,78,Skipped,counting
large_product_2011-W42__S3__mock__r1,large_product_2011-W42,large,product,S3,mock,1,1,"- LANDMARK FRAME OXFORD STREET ranked 2nd with £3,753.90 TW",2nd,2.0,count,True,none,none,38,Supported_cell,"cell(LANDMARK FRAME OXFORD STREET, Rank)=2"
large_product_2011-W42__S3__mock__r1,large_product_2011-W42,large,product,S3,mock,1,1,"- LANDMARK FRAME OXFORD STREET ranked 2nd with £3,753.90 TW","£3,753.90",3753.9,currency,False,none,none,47,Supported_cell,"cell(LANDMARK FRAME OXFORD STREET, Revenue_TW)=3753.9"
large_product_2011-W42__S3__mock__r1,large_product_2011-W42,large,product,S3,mock,1,2,"- CERAMIC CAKE STAND + HANGING CAKES posted the largest WoW gain, up 2392.0% to £495.90 TW",2392.0%,2392.0,percent,False,none,up,69,Supported_cell,"cell(CERAMIC CAKE STAND + HANGING CAKES, WoW_Pct)=2392"
large_product_2011-W42__S3__mock__r1,large_product_2011-W42,large,product,S3,mock,1,2,"- CERAMIC CAKE STAND + HANGING CAKES posted the largest WoW gain, up 2392.0% to £495.90 TW",£495.90,495.9,currency,False,none,none,80,Supported_cell,"cell(CERAMIC CAKE STAND + HANGING CAKES, Revenue_TW)=495.9"
large_product_2011-W42__S3__mock__r1,large_product_2011-W42,large,product,S3,mock,1,3,- WHITE HANGING HEART T-LIGHT HOLDER revenue fell 63.6% WoW to £689.94 TW,63.6%,-63.6,percent,False,none,down,50,Supported_cell,"cell(WHITE HANGING HEART T-LIGHT HOLDER, WoW_Pct)=-63.6"
large_product_2011-W42__S3__mock__r1,large_product_2011-W42,large,product,S3,mock,1,3,- WHITE HANGING HEART T-LIGHT HOLDER revenue fell 63.6% WoW to £689.94 TW,£689.94,689.94,currency,False,none,none,63,Supported_cell,"cell(WHITE HANGING HEART T-LIGHT HOLDER, Revenue_TW)=689.94"
large_product_2011-W42__S3__mock__r1,large_product_2011-W42,large,product,S3,mock,1,4,- LANDMARK FRAME COVENT GARDEN sold 340 units TW versus 0 units LW,340,340.0,count,False,none,none,36,Supported_cell,"cell(LANDMARK FRAME COVENT GARDEN, Units_TW)=340"
large_product_2011-W42__S3__mock__r1,large_product_2011-W42,large,product,S3,mock,1,4,- LANDMARK FRAME COVENT GARDEN sold 340 units TW versus 0 units LW,0,0.0,count,False,none,none,56,Supported_cell,"cell(LANDMARK FRAME COVENT GARDEN, Units_LW)=0"
large_product_2011-W42__S3__mock__r1,large_product_2011-W42,large,product,S3,mock,1,5,- HOT WATER BOTTLE KEEP CALM had the most orders with 50 orders TW versus 38 LW,50,50.0,count,False,none,none,54,Supported_cell,"cell(HOT WATER BOTTLE KEEP CALM, Orders_TW)=50"
large_product_2011-W42__S3__mock__r1,large_product_2011-W42,large,product,S3,mock,1,5,- HOT WATER BOTTLE KEEP CALM had the most orders with 50 orders TW versus 38 LW,38,38.0,plain,False,none,none,74,Supported_cell,"cell(HOT WATER BOTTLE KEEP CALM, Orders_LW)=38"
large_product_2011-W42__S3__mock__r1,large_product_2011-W42,large,product,S3,mock,1,6,"- Total revenue across the products shown was £112.6k TW, up 93.7% WoW",£112.6k,112600.0,currency,False,none,none,46,Supported_derived,sum(Revenue_TW)=112644
large_product_2011-W42__S3__mock__r1,large_product_2011-W42,large,product,S3,mock,1,6,"- Total revenue across the products shown was £112.6k TW, up 93.7% WoW",93.7%,93.7,percent,False,none,up,61,Supported_derived,"pct_change(sum(Revenue_TW), sum(Revenue_LW))=93.7046"
large_product_2011-W42__S3__mock__r2,large_product_2011-W42,large,product,S3,mock,2,0,"- LANDMARK FRAME COVENT GARDEN led revenue with £3.8k TW, a 3.3% share of the 125 products shown",£3.8k,3800.0,currency,False,none,none,48,Supported_cell,"cell(LANDMARK FRAME COVENT GARDEN, Revenue_TW)=3766.4"
large_product_2011-W42__S3__mock__r2,large_product_2011-W42,large,product,S3,mock,2,0,"- LANDMARK FRAME COVENT GARDEN led revenue with £3.8k TW, a 3.3% share of the 125 products shown",3.3%,3.3,percent,False,none,none,60,Supported_cell,"cell(LANDMARK FRAME COVENT GARDEN, Share_Pct)=3.3"
large_product_2011-W42__S3__mock__r2,large_product_2011-W42,large,product,S3,mock,2,0,"- LANDMARK FRAME COVENT GARDEN led revenue with £3.8k TW, a 3.3% share of the 125 products shown",125,125.0,plain,False,none,none,78,Skipped,counting
large_product_2011-W42__S3__mock__r2,large_product_2011-W42,large,product,S3,mock,2,1,"- LANDMARK FRAME OXFORD STREET ranked 2nd with £3,753.90 TW",2nd,2.0,count,True,none,none,38,Supported_cell,"cell(LANDMARK FRAME OXFORD STREET, Rank)=2"
large_product_2011-W42__S3__mock__r2,large_product_2011-W42,large,product,S3,mock,2,1,"- LANDMARK FRAME OXFORD STREET ranked 2nd with £3,753.90 TW","£3,753.90",3753.9,currency,False,none,none,47,Supported_cell,"cell(LANDMARK FRAME OXFORD STREET, Revenue_TW)=3753.9"
large_product_2011-W42__S3__mock__r2,large_product_2011-W42,large,product,S3,mock,2,2,"- CERAMIC CAKE STAND + HANGING CAKES posted the largest WoW gain, up 228.9% to £495.90 TW",228.9%,228.9,percent,False,none,up,69,Supported_cell,"cell(SMALL IVORY HEART WALL ORGANISER, WoW_Pct)=228.9"
large_product_2011-W42__S3__mock__r2,large_product_2011-W42,large,product,S3,mock,2,2,"- CERAMIC CAKE STAND + HANGING CAKES posted the largest WoW gain, up 228.9% to £495.90 TW",£495.90,495.9,currency,False,none,none,79,Supported_cell,"cell(CERAMIC CAKE STAND + HANGING CAKES, Revenue_TW)=495.9"
large_product_2011-W42__S3__mock__r2,large_product_2011-W42,large,product,S3,mock,2,3,- WHITE HANGING HEART T-LIGHT HOLDER revenue fell 58.5% WoW to £689.94 TW,58.5%,-58.5,percent,False,none,down,50,Unsupported,
large_product_2011-W42__S3__mock__r2,large_product_2011-W42,large,product,S3,mock,2,3,- WHITE HANGING HEART T-LIGHT HOLDER revenue fell 58.5% WoW to £689.94 TW,£689.94,689.94,currency,False,none,none,63,Supported_cell,"cell(WHITE HANGING HEART T-LIGHT HOLDER, Revenue_TW)=689.94"
large_product_2011-W42__S3__mock__r2,large_product_2011-W42,large,product,S3,mock,2,4,- LANDMARK FRAME COVENT GARDEN sold 340 units TW versus 0 units LW,340,340.0,count,False,none,none,36,Supported_cell,"cell(LANDMARK FRAME COVENT GARDEN, Units_TW)=340"
large_product_2011-W42__S3__mock__r2,large_product_2011-W42,large,product,S3,mock,2,4,- LANDMARK FRAME COVENT GARDEN sold 340 units TW versus 0 units LW,0,0.0,count,False,none,none,56,Supported_cell,"cell(LANDMARK FRAME COVENT GARDEN, Units_LW)=0"
large_product_2011-W42__S3__mock__r2,large_product_2011-W42,large,product,S3,mock,2,5,- HOT WATER BOTTLE KEEP CALM had the most orders with 50 orders TW versus 38 LW,50,50.0,count,False,none,none,54,Supported_cell,"cell(HOT WATER BOTTLE KEEP CALM, Orders_TW)=50"
large_product_2011-W42__S3__mock__r2,large_product_2011-W42,large,product,S3,mock,2,5,- HOT WATER BOTTLE KEEP CALM had the most orders with 50 orders TW versus 38 LW,38,38.0,plain,False,none,none,74,Supported_cell,"cell(HOT WATER BOTTLE KEEP CALM, Orders_LW)=38"
large_product_2011-W42__S3__mock__r2,large_product_2011-W42,large,product,S3,mock,2,6,"- Total revenue across the products shown was £112.6k TW, up 93.7% WoW",£112.6k,112600.0,currency,False,none,none,46,Supported_derived,sum(Revenue_TW)=112644
large_product_2011-W42__S3__mock__r2,large_product_2011-W42,large,product,S3,mock,2,6,"- Total revenue across the products shown was £112.6k TW, up 93.7% WoW",93.7%,93.7,percent,False,none,up,61,Supported_derived,"pct_change(sum(Revenue_TW), sum(Revenue_LW))=93.7046"
large_product_2011-W42__S4__mock__r1,large_product_2011-W42,large,product,S4,mock,1,0,"- Total: revenue £112,643.90 TW, revenue £58,152.40 LW, revenue change +93.7% WoW, revenue change +137.2% YoY","£112,643.90",112643.9,currency,False,none,none,17,Supported_derived,sum(Revenue_TW)=112644
large_product_2011-W42__S4__mock__r1,large_product_2011-W42,large,product,S4,mock,1,0,"- Total: revenue £112,643.90 TW, revenue £58,152.40 LW, revenue change +93.7% WoW, revenue change +137.2% YoY","£58,152.40",58152.4,currency,False,none,none,41,Supported_derived,sum(Revenue_LW)=58152.4
large_product_2011-W42__S4__mock__r1,large_product_2011-W42,large,product,S4,mock,1,0,"- Total: revenue £112,643.90 TW, revenue £58,152.40 LW, revenue change +93.7% WoW, revenue change +137.2% YoY",+93.7%,93.7,percent,False,none,none,71,Supported_derived,"pct_change(sum(Revenue_TW), sum(Revenue_LW))=93.7046"
large_product_2011-W42__S4__mock__r1,large_product_2011-W42,large,product,S4,mock,1,0,"- Total: revenue £112,643.90 TW, revenue £58,152.40 LW, revenue change +93.7% WoW, revenue change +137.2% YoY",+137.2%,137.2,percent,False,none,none,98,Supported_derived,"pct_change(sum(Revenue_TW), sum(Revenue_LY))=137.214"
large_product_2011-W42__S4__mock__r1,large_product_2011-W42,large,product,S4,mock,1,1,"- LANDMARK FRAME COVENT GARDEN: rank 1, revenue £3,766.40 TW, share 3.3% TW",1,1.0,count,True,none,none,37,Supported_cell,"cell(LANDMARK FRAME COVENT GARDEN, Rank)=1"
large_product_2011-W42__S4__mock__r1,large_product_2011-W42,large,product,S4,mock,1,1,"- LANDMARK FRAME COVENT GARDEN: rank 1, revenue £3,766.40 TW, share 3.3% TW","£3,766.40",3766.4,currency,False,none,none,48,Supported_cell,"cell(LANDMARK FRAME COVENT GARDEN, Revenue_TW)=3766.4"
large_product_2011-W42__S4__mock__r1,large_product_2011-W42,large,product,S4,mock,1,1,"- LANDMARK FRAME COVENT GARDEN: rank 1, revenue £3,766.40 TW, share 3.3% TW",3.3%,3.3,percent,False,none,none,68,Supported_cell,"cell(LANDMARK FRAME COVENT GARDEN, Share_Pct)=3.3"
large_product_2011-W42__S4__mock__r1,large_product_2011-W42,large,product,S4,mock,1,2,"- LANDMARK FRAME OXFORD STREET: rank 2, revenue £3,753.90 TW, share 3.3% TW",2,2.0,count,True,none,none,37,Supported_cell,"cell(LANDMARK FRAME OXFORD STREET, Rank)=2"
large_product_2011-W42__S4__mock__r1,large_product_2011-W42,large,product,S4,mock,1,2,"- LANDMARK FRAME OXFORD STREET: rank 2, revenue £3,753.90 TW, share 3.3% TW","£3,753.90",3753.9,currency,False,none,none,48,Supported_cell,"cell(LANDMARK FRAME OXFORD STREET, Revenue_TW)=3753.9"
large_product_2011-W42__S4__mock__r1,large_product_2011-W42,large,product,S4,mock,1,2,"- LANDMARK FRAME OXFORD STREET: rank 2, revenue £3,753.90 TW, share 3.3% TW",3.3%,3.3,percent,False,none,none,68,Supported_cell,"cell(LANDMARK FRAME OXFORD STREET, Share_Pct)=3.3"
large_product_2011-W42__S4__mock__r1,large_product_2011-W42,large,product,S4,mock,1,3,"- LANDMARK FRAME NOTTING HILL: rank 3, revenue £3,660.00 TW, share 3.2% TW",3,3.0,count,True,none,none,36,Supported_cell,"cell(LANDMARK FRAME NOTTING HILL, Rank)=3"
large_product_2011-W42__S4__mock__r1,large_product_2011-W42,large,product,S4,mock,1,3,"- LANDMARK FRAME NOTTING HILL: rank 3, revenue £3,660.00 TW, share 3.2% TW","£3,660.00",3660.0,currency,False,none,none,47,Supported_cell,"cell(LANDMARK FRAME NOTTING HILL, Revenue_TW)=3660"
large_product_2011-W42__S4__mock__r1,large_product_2011-W42,large,product,S4,mock,1,3,"- LANDMARK FRAME NOTTING HILL: rank 3, revenue £3,660.00 TW, share 3.2% TW",3.2%,3.2,percent,False,none,none,67,Supported_cell,"cell(LANDMARK FRAME NOTTING HILL, Share_Pct)=3.2"
large_product_2011-W42__S4__mock__r1,large_product_2011-W42,large,product,S4,mock,1,4,"- CERAMIC CAKE STAND + HANGING CAKES (largest WoW increase): revenue change +2392.0% WoW, revenue £495.90 TW versus £19.90 LW",+2392.0%,2392.0,percent,False,none,none,76,Supported_cell,"cell(CERAMIC CAKE STAND + HANGING CAKES, WoW_Pct)=2392"
large_product_2011-W42__S4__mock__r1,large_product_2011-W42,large,product,S4,mock,1,4,"- CERAMIC CAKE STAND + HANGING CAKES (largest WoW increase): revenue change +2392.0% WoW, revenue £495.90 TW versus £19.90 LW",£495.90,495.9,currency,False,none,none,98,Supported_cell,"cell(CERAMIC CAKE STAND + HANGING CAKES, Revenue_TW)=495.9"
large_product_2011-W42__S4__mock__r1,large_product_2011-W42,large,product,S4,mock,1,4,"- CERAMIC CAKE STAND + HANGING CAKES (largest WoW increase): revenue change +2392.0% WoW, revenue £495.90 TW versus £19.90 LW",£19.90,19.9,currency,False,none,none,116,Supported_cell,"cell(CERAMIC CAKE STAND + HANGING CAKES, Revenue_LW)=19.9"
large_product_2011-W42__S4__mock__r1,large_product_2011-W42,large,product,S4,mock,1,5,"- WHITE HANGING HEART T-LIGHT HOLDER (largest WoW decrease): revenue change -63.6% WoW, revenue £689.94 TW versus £1,893.01 LW",-63.6%,-63.6,percent,False,none,none,76,Supported_cell,"cell(WHITE HANGING HEART T-LIGHT HOLDER, WoW_Pct)=-63.6"
large_product_2011-W42__S4__mock__r1,large_product_2011-W42,large,product,S4,mock,1,5,"- WHITE HANGING HEART T-LIGHT HOLDER (largest WoW decrease): revenue change -63.6% WoW, revenue £689.94 TW versus £1,893.01 LW",£689.94,689.94,currency,False,none,none,96,Supported_cell,"cell(WHITE HANGING HEART T-LIGHT HOLDER, Revenue_TW)=689.94"
large_product_2011-W42__S4__mock__r1,large_product_2011-W42,large,product,S4,mock,1,5,"- WHITE HANGING HEART T-LIGHT HOLDER (largest WoW decrease): revenue change -63.6% WoW, revenue £689.94 TW versus £1,893.01 LW","£1,893.01",1893.01,currency,False,none,none,114,Supported_cell,"cell(WHITE HANGING HEART T-LIGHT HOLDER, Revenue_LW)=1893.01"
large_product_2011-W42__S4__mock__r1,large_product_2011-W42,large,product,S4,mock,1,6,"- RED  HARMONICA IN BOX (largest YoY increase): revenue change +26576.5% YoY, revenue £3.75 LY",+26576.5%,26576.5,percent,False,none,none,63,Supported_cell,"cell(RED  HARMONICA IN BOX, YoY_Pct)=26576.5"
large_product_2011-W42__S4__mock__r1,large_product_2011-W42,large,product,S4,mock,1,6,"- RED  HARMONICA IN BOX (largest YoY increase): revenue change +26576.5% YoY, revenue £3.75 LY",£3.75,3.75,currency,False,none,none,86,Supported_cell,"cell(RED  HARMONICA IN BOX, Revenue_LY)=3.75"
large_product_2011-W42__S4__mock__r1,large_product_2011-W42,large,product,S4,mock,1,7,"- CHRISTMAS LIGHTS 10 REINDEER (largest YoY decrease): revenue change -77.1% YoY, revenue £2,374.88 LY",10,10.0,plain,False,none,none,19,Skipped,entity_name
large_product_2011-W42__S4__mock__r1,large_product_2011-W42,large,product,S4,mock,1,7,"- CHRISTMAS LIGHTS 10 REINDEER (largest YoY decrease): revenue change -77.1% YoY, revenue £2,374.88 LY",-77.1%,-77.1,percent,False,none,none,70,Supported_cell,"cell(CHRISTMAS LIGHTS 10 REINDEER, YoY_Pct)=-77.1"
large_product_2011-W42__S4__mock__r1,large_product_2011-W42,large,product,S4,mock,1,7,"- CHRISTMAS LIGHTS 10 REINDEER (largest YoY decrease): revenue change -77.1% YoY, revenue £2,374.88 LY","£2,374.88",2374.88,currency,False,none,none,90,Supported_cell,"cell(CHRISTMAS LIGHTS 10 REINDEER, Revenue_LY)=2374.88"
large_product_2011-W42__S4__mock__r2,large_product_2011-W42,large,product,S4,mock,2,0,"- Total: revenue £112,643.90 TW, revenue £58,152.40 LW, revenue change +93.7% WoW, revenue change +137.2% YoY","£112,643.90",112643.9,currency,False,none,none,17,Supported_derived,sum(Revenue_TW)=112644
large_product_2011-W42__S4__mock__r2,large_product_2011-W42,large,product,S4,mock,2,0,"- Total: revenue £112,643.90 TW, revenue £58,152.40 LW, revenue change +93.7% WoW, revenue change +137.2% YoY","£58,152.40",58152.4,currency,False,none,none,41,Supported_derived,sum(Revenue_LW)=58152.4
large_product_2011-W42__S4__mock__r2,large_product_2011-W42,large,product,S4,mock,2,0,"- Total: revenue £112,643.90 TW, revenue £58,152.40 LW, revenue change +93.7% WoW, revenue change +137.2% YoY",+93.7%,93.7,percent,False,none,none,71,Supported_derived,"pct_change(sum(Revenue_TW), sum(Revenue_LW))=93.7046"
large_product_2011-W42__S4__mock__r2,large_product_2011-W42,large,product,S4,mock,2,0,"- Total: revenue £112,643.90 TW, revenue £58,152.40 LW, revenue change +93.7% WoW, revenue change +137.2% YoY",+137.2%,137.2,percent,False,none,none,98,Supported_derived,"pct_change(sum(Revenue_TW), sum(Revenue_LY))=137.214"
large_product_2011-W42__S4__mock__r2,large_product_2011-W42,large,product,S4,mock,2,1,"- LANDMARK FRAME COVENT GARDEN: rank 1, revenue £3,766.40 TW, share 3.3% TW",1,1.0,count,True,none,none,37,Supported_cell,"cell(LANDMARK FRAME COVENT GARDEN, Rank)=1"
large_product_2011-W42__S4__mock__r2,large_product_2011-W42,large,product,S4,mock,2,1,"- LANDMARK FRAME COVENT GARDEN: rank 1, revenue £3,766.40 TW, share 3.3% TW","£3,766.40",3766.4,currency,False,none,none,48,Supported_cell,"cell(LANDMARK FRAME COVENT GARDEN, Revenue_TW)=3766.4"
large_product_2011-W42__S4__mock__r2,large_product_2011-W42,large,product,S4,mock,2,1,"- LANDMARK FRAME COVENT GARDEN: rank 1, revenue £3,766.40 TW, share 3.3% TW",3.3%,3.3,percent,False,none,none,68,Supported_cell,"cell(LANDMARK FRAME COVENT GARDEN, Share_Pct)=3.3"
large_product_2011-W42__S4__mock__r2,large_product_2011-W42,large,product,S4,mock,2,2,"- LANDMARK FRAME OXFORD STREET: rank 2, revenue £3,753.90 TW, share 3.3% TW",2,2.0,count,True,none,none,37,Supported_cell,"cell(LANDMARK FRAME OXFORD STREET, Rank)=2"
large_product_2011-W42__S4__mock__r2,large_product_2011-W42,large,product,S4,mock,2,2,"- LANDMARK FRAME OXFORD STREET: rank 2, revenue £3,753.90 TW, share 3.3% TW","£3,753.90",3753.9,currency,False,none,none,48,Supported_cell,"cell(LANDMARK FRAME OXFORD STREET, Revenue_TW)=3753.9"
large_product_2011-W42__S4__mock__r2,large_product_2011-W42,large,product,S4,mock,2,2,"- LANDMARK FRAME OXFORD STREET: rank 2, revenue £3,753.90 TW, share 3.3% TW",3.3%,3.3,percent,False,none,none,68,Supported_cell,"cell(LANDMARK FRAME OXFORD STREET, Share_Pct)=3.3"
large_product_2011-W42__S4__mock__r2,large_product_2011-W42,large,product,S4,mock,2,3,"- LANDMARK FRAME NOTTING HILL: rank 3, revenue £3,660.00 TW, share 3.2% TW",3,3.0,count,True,none,none,36,Supported_cell,"cell(LANDMARK FRAME NOTTING HILL, Rank)=3"
large_product_2011-W42__S4__mock__r2,large_product_2011-W42,large,product,S4,mock,2,3,"- LANDMARK FRAME NOTTING HILL: rank 3, revenue £3,660.00 TW, share 3.2% TW","£3,660.00",3660.0,currency,False,none,none,47,Supported_cell,"cell(LANDMARK FRAME NOTTING HILL, Revenue_TW)=3660"
large_product_2011-W42__S4__mock__r2,large_product_2011-W42,large,product,S4,mock,2,3,"- LANDMARK FRAME NOTTING HILL: rank 3, revenue £3,660.00 TW, share 3.2% TW",3.2%,3.2,percent,False,none,none,67,Supported_cell,"cell(LANDMARK FRAME NOTTING HILL, Share_Pct)=3.2"
large_product_2011-W42__S4__mock__r2,large_product_2011-W42,large,product,S4,mock,2,4,"- CERAMIC CAKE STAND + HANGING CAKES (largest WoW increase): revenue change +2392.0% WoW, revenue £495.90 TW versus £19.90 LW",+2392.0%,2392.0,percent,False,none,none,76,Supported_cell,"cell(CERAMIC CAKE STAND + HANGING CAKES, WoW_Pct)=2392"
large_product_2011-W42__S4__mock__r2,large_product_2011-W42,large,product,S4,mock,2,4,"- CERAMIC CAKE STAND + HANGING CAKES (largest WoW increase): revenue change +2392.0% WoW, revenue £495.90 TW versus £19.90 LW",£495.90,495.9,currency,False,none,none,98,Supported_cell,"cell(CERAMIC CAKE STAND + HANGING CAKES, Revenue_TW)=495.9"
large_product_2011-W42__S4__mock__r2,large_product_2011-W42,large,product,S4,mock,2,4,"- CERAMIC CAKE STAND + HANGING CAKES (largest WoW increase): revenue change +2392.0% WoW, revenue £495.90 TW versus £19.90 LW",£19.90,19.9,currency,False,none,none,116,Supported_cell,"cell(CERAMIC CAKE STAND + HANGING CAKES, Revenue_LW)=19.9"
large_product_2011-W42__S4__mock__r2,large_product_2011-W42,large,product,S4,mock,2,5,"- WHITE HANGING HEART T-LIGHT HOLDER (largest WoW decrease): revenue change -63.6% WoW, revenue £689.94 TW versus £1,893.01 LW",-63.6%,-63.6,percent,False,none,none,76,Supported_cell,"cell(WHITE HANGING HEART T-LIGHT HOLDER, WoW_Pct)=-63.6"
large_product_2011-W42__S4__mock__r2,large_product_2011-W42,large,product,S4,mock,2,5,"- WHITE HANGING HEART T-LIGHT HOLDER (largest WoW decrease): revenue change -63.6% WoW, revenue £689.94 TW versus £1,893.01 LW",£689.94,689.94,currency,False,none,none,96,Supported_cell,"cell(WHITE HANGING HEART T-LIGHT HOLDER, Revenue_TW)=689.94"
large_product_2011-W42__S4__mock__r2,large_product_2011-W42,large,product,S4,mock,2,5,"- WHITE HANGING HEART T-LIGHT HOLDER (largest WoW decrease): revenue change -63.6% WoW, revenue £689.94 TW versus £1,893.01 LW","£1,893.01",1893.01,currency,False,none,none,114,Supported_cell,"cell(WHITE HANGING HEART T-LIGHT HOLDER, Revenue_LW)=1893.01"
large_product_2011-W42__S4__mock__r2,large_product_2011-W42,large,product,S4,mock,2,6,"- RED  HARMONICA IN BOX (largest YoY increase): revenue change +26576.5% YoY, revenue £3.75 LY",+26576.5%,26576.5,percent,False,none,none,63,Supported_cell,"cell(RED  HARMONICA IN BOX, YoY_Pct)=26576.5"
large_product_2011-W42__S4__mock__r2,large_product_2011-W42,large,product,S4,mock,2,6,"- RED  HARMONICA IN BOX (largest YoY increase): revenue change +26576.5% YoY, revenue £3.75 LY",£3.75,3.75,currency,False,none,none,86,Supported_cell,"cell(RED  HARMONICA IN BOX, Revenue_LY)=3.75"
large_product_2011-W42__S4__mock__r2,large_product_2011-W42,large,product,S4,mock,2,7,"- CHRISTMAS LIGHTS 10 REINDEER (largest YoY decrease): revenue change -77.1% YoY, revenue £2,374.88 LY",10,10.0,plain,False,none,none,19,Skipped,entity_name
large_product_2011-W42__S4__mock__r2,large_product_2011-W42,large,product,S4,mock,2,7,"- CHRISTMAS LIGHTS 10 REINDEER (largest YoY decrease): revenue change -77.1% YoY, revenue £2,374.88 LY",-77.1%,-77.1,percent,False,none,none,70,Supported_cell,"cell(CHRISTMAS LIGHTS 10 REINDEER, YoY_Pct)=-77.1"
large_product_2011-W42__S4__mock__r2,large_product_2011-W42,large,product,S4,mock,2,7,"- CHRISTMAS LIGHTS 10 REINDEER (largest YoY decrease): revenue change -77.1% YoY, revenue £2,374.88 LY","£2,374.88",2374.88,currency,False,none,none,90,Supported_cell,"cell(CHRISTMAS LIGHTS 10 REINDEER, Revenue_LY)=2374.88"
medium_product_2009-W50__S1__mock__r1,medium_product_2009-W50,medium,product,S1,mock,1,0,"- WHITE HANGING HEART T-LIGHT HOLDER led revenue with £8.4k TW, a 13.6% share of the 30 products shown",£8.4k,8400.0,currency,False,none,none,54,Supported_cell,"cell(WHITE HANGING HEART T-LIGHT HOLDER, Revenue_TW)=8406.79"
medium_product_2009-W50__S1__mock__r1,medium_product_2009-W50,medium,product,S1,mock,1,0,"- WHITE HANGING HEART T-LIGHT HOLDER led revenue with £8.4k TW, a 13.6% share of the 30 products shown",13.6%,13.6,percent,False,none,none,66,Supported_cell,"cell(WHITE HANGING HEART T-LIGHT HOLDER, Share_Pct)=13.6"
medium_product_2009-W50__S1__mock__r1,medium_product_2009-W50,medium,product,S1,mock,1,0,"- WHITE HANGING HEART T-LIGHT HOLDER led revenue with £8.4k TW, a 13.6% share of the 30 products shown",30,30.0,plain,False,none,none,85,Skipped,counting
medium_product_2009-W50__S1__mock__r1,medium_product_2009-W50,medium,product,S1,mock,1,1,"- WHITE HANGING HEART T-LIGHT HOLDER revenue was up 70.1% WoW from £5,485.83 LW",70.1%,70.1,percent,False,none,up,52,Supported_cell,"cell(WHITE HANGING HEART T-LIGHT HOLDER, WoW_Pct)=70.1"
medium_product_2009-W50__S1__mock__r1,medium_product_2009-W50,medium,product,S1,mock,1,1,"- WHITE HANGING HEART T-LIGHT HOLDER revenue was up 70.1% WoW from £5,485.83 LW","£5,485.83",5485.83,currency,False,none,none,67,Unsupported,
medium_product_2009-W50__S1__mock__r1,medium_product_2009-W50,medium,product,S1,mock,1,2,"- EDWARDIAN PARASOL BLACK ranked 2nd with £3,448.60 TW",2nd,2.0,count,True,none,none,33,Supported_cell,"cell(EDWARDIAN PARASOL BLACK, Rank)=2"
medium_product_2009-W50__S1__mock__r1,medium_product_2009-W50,medium,product,S1,mock,1,2,"- EDWARDIAN PARASOL BLACK ranked 2nd with £3,448.60 TW","£3,448.60",3448.6,currency,False,none,none,42,Supported_cell,"cell(EDWARDIAN PARASOL BLACK, Revenue_TW)=3448.6"
medium_product_2009-W50__S1__mock__r1,medium_product_2009-W50,medium,product,S1,mock,1,3,"- BLACK RECORD COVER FRAME posted the largest WoW gain, up 185.5% to £1,144.96 TW",185.5%,185.5,percent,False,none,up,59,Supported_cell,"cell(BLACK RECORD COVER FRAME, WoW_Pct)=185.5"
medium_product_2009-W50__S1__mock__r1,medium_product_2009-W50,medium,product,S1,mock,1,3,"- BLACK RECORD COVER FRAME posted the largest WoW gain, up 185.5% to £1,144.96 TW","£1,144.96",1144.96,currency,False,none,none,69,Supported_cell,"cell(BLACK RECORD COVER FRAME, Revenue_TW)=1144.96"
medium_product_2009-W50__S1__mock__r1,medium_product_2009-W50,medium,product,S1,mock,1,4,"- PAPER CHAIN KIT 50'S CHRISTMAS revenue fell 61.8% WoW to £2,143.03 TW",50,50.0,plain,False,none,none,18,Skipped,entity_name
medium_product_2009-W50__S1__mock__r1,medium_product_2009-W50,medium,product,S1,mock,1,4,"- PAPER CHAIN KIT 50'S CHRISTMAS revenue fell 61.8% WoW to £2,143.03 TW",61.8%,-61.8,percent,False,none,down,46,Supported_cell,"cell(PAPER CHAIN KIT 50'S CHRISTMAS, WoW_Pct)=-61.8"
medium_product_2009-W50__S1__mock__r1,medium_product_2009-W50,medium,product,S1,mock,1,4,"- PAPER CHAIN KIT 50'S CHRISTMAS revenue fell 61.8% WoW to £2,143.03 TW","£2,143.03",2143.03,currency,False,none,none,59,Supported_cell,"cell(PAPER CHAIN KIT 50'S CHRISTMAS, Revenue_TW)=2143.03"
medium_product_2009-W50__S1__mock__r1,medium_product_2009-W50,medium,product,S1,mock,1,5,"- WHITE HANGING HEART T-LIGHT HOLDER sold 3,172 units TW versus 2,055 units LW","3,172",3172.0,count,False,none,none,42,Supported_cell,"cell(WHITE HANGING HEART T-LIGHT HOLDER, Units_TW)=3172"
medium_product_2009-W50__S1__mock__r1,medium_product_2009-W50,medium,product,S1,mock,1,5,"- WHITE HANGING HEART T-LIGHT HOLDER sold 3,172 units TW versus 2,055 units LW","2,055",2055.0,count,False,none,none,64,Unsupported,
medium_product_2009-W50__S1__mock__r1,medium_product_2009-W50,medium,product,S1,mock,1,6,- WHITE HANGING HEART T-LIGHT HOLDER had the most orders with 112 orders TW versus 93 LW,112,112.0,count,False,none,none,62,Supported_cell,"cell(WHITE HANGING HEART T-LIGHT HOLDER, Orders_TW)=112"
medium_product_2009-W50__S1__mock__r1,medium_product_2009-W50,medium,product,S1,mock,1,6,- WHITE HANGING HEART T-LIGHT HOLDER had the most orders with 112 orders TW versus 93 LW,93,93.0,plain,False,none,none,83,Supported_cell,"cell(WHITE HANGING HEART T-LIGHT HOLDER, Orders_LW)=93"
medium_product_2009-W50__S1__mock__r1,medium_product_2009-W50,medium,product,S1,mock,1,7,"- Total revenue across the products shown was £61.8k TW, up 11.8% WoW",£61.8k,61800.0,currency,False,none,none,46,Supported_derived,sum(Revenue_TW)=61834.6
medium_product_2009-W50__S1__mock__r1,medium_product_2009-W50,medium,product,S1,mock,1,7,"- Total revenue across the products shown was £61.8k TW, up 11.8% WoW",11.8%,11.8,percent,False,none,up,60,Supported_derived,"pct_change(sum(Revenue_TW), sum(Revenue_LW))=11.7601"
medium_product_2009-W50__S1__mock__r2,medium_product_2009-W50,medium,product,S1,mock,2,0,"- WHITE HANGING HEART T-LIGHT HOLDER led revenue with £8.4k TW, a 13.6% share of the 30 products shown",£8.4k,8400.0,currency,False,none,none,54,Supported_cell,"cell(WHITE HANGING HEART T-LIGHT HOLDER, Revenue_TW)=8406.79"
medium_product_2009-W50__S1__mock__r2,medium_product_2009-W50,medium,product,S1,mock,2,0,"- WHITE HANGING HEART T-LIGHT HOLDER led revenue with £8.4k TW, a 13.6% share of the 30 products shown",13.6%,13.6,percent,False,none,none,66,Supported_cell,"cell(WHITE HANGING HEART T-LIGHT HOLDER, Share_Pct)=13.6"
medium_product_2009-W50__S1__mock__r2,medium_product_2009-W50,medium,product,S1,mock,2,0,"- WHITE HANGING HEART T-LIGHT HOLDER led revenue with £8.4k TW, a 13.6% share of the 30 products shown",30,30.0,plain,False,none,none,85,Skipped,counting
medium_product_2009-W50__S1__mock__r2,medium_product_2009-W50,medium,product,S1,mock,2,1,"- WHITE HANGING HEART T-LIGHT HOLDER revenue was up 70.1% WoW from £4,942.19 LW",70.1%,70.1,percent,False,none,up,52,Supported_cell,"cell(WHITE HANGING HEART T-LIGHT HOLDER, WoW_Pct)=70.1"
medium_product_2009-W50__S1__mock__r2,medium_product_2009-W50,medium,product,S1,mock,2,1,"- WHITE HANGING HEART T-LIGHT HOLDER revenue was up 70.1% WoW from £4,942.19 LW","£4,942.19",4942.19,currency,False,none,none,67,Supported_cell,"cell(WHITE HANGING HEART T-LIGHT HOLDER, Revenue_LW)=4942.19"
medium_product_2009-W50__S1__mock__r2,medium_product_2009-W50,medium,product,S1,mock,2,2,"- EDWARDIAN PARASOL BLACK ranked 2nd with £3,448.60 TW",2nd,2.0,count,True,none,none,33,Supported_cell,"cell(EDWARDIAN PARASOL BLACK, Rank)=2"
medium_product_2009-W50__S1__mock__r2,medium_product_2009-W50,medium,product,S1,mock,2,2,"- EDWARDIAN PARASOL BLACK ranked 2nd with £3,448.60 TW","£3,448.60",3448.6,currency,False,none,none,42,Supported_cell,"cell(EDWARDIAN PARASOL BLACK, Revenue_TW)=3448.6"
medium_product_2009-W50__S1__mock__r2,medium_product_2009-W50,medium,product,S1,mock,2,3,"- BLACK RECORD COVER FRAME posted the largest WoW gain, up 185.5% to £1,144.96 TW",185.5%,185.5,percent,False,none,up,59,Supported_cell,"cell(BLACK RECORD COVER FRAME, WoW_Pct)=185.5"
medium_product_2009-W50__S1__mock__r2,medium_product_2009-W50,medium,product,S1,mock,2,3,"- BLACK RECORD COVER FRAME posted the largest WoW gain, up 185.5% to £1,144.96 TW","£1,144.96",1144.96,currency,False,none,none,69,Supported_cell,"cell(BLACK RECORD COVER FRAME, Revenue_TW)=1144.96"
medium_product_2009-W50__S1__mock__r2,medium_product_2009-W50,medium,product,S1,mock,2,4,"- PAPER CHAIN KIT 50'S CHRISTMAS revenue fell 61.8% WoW to £2,143.03 TW",50,50.0,plain,False,none,none,18,Skipped,entity_name
medium_product_2009-W50__S1__mock__r2,medium_product_2009-W50,medium,product,S1,mock,2,4,"- PAPER CHAIN KIT 50'S CHRISTMAS revenue fell 61.8% WoW to £2,143.03 TW",61.8%,-61.8,percent,False,none,down,46,Supported_cell,"cell(PAPER CHAIN KIT 50'S CHRISTMAS, WoW_Pct)=-61.8"
medium_product_2009-W50__S1__mock__r2,medium_product_2009-W50,medium,product,S1,mock,2,4,"- PAPER CHAIN KIT 50'S CHRISTMAS revenue fell 61.8% WoW to £2,143.03 TW","£2,143.03",2143.03,currency,False,none,none,59,Supported_cell,"cell(PAPER CHAIN KIT 50'S CHRISTMAS, Revenue_TW)=2143.03"
medium_product_2009-W50__S1__mock__r2,medium_product_2009-W50,medium,product,S1,mock,2,5,"- WHITE HANGING HEART T-LIGHT HOLDER sold 3,172 units TW versus 1,851 units LW","3,172",3172.0,count,False,none,none,42,Supported_cell,"cell(WHITE HANGING HEART T-LIGHT HOLDER, Units_TW)=3172"
medium_product_2009-W50__S1__mock__r2,medium_product_2009-W50,medium,product,S1,mock,2,5,"- WHITE HANGING HEART T-LIGHT HOLDER sold 3,172 units TW versus 1,851 units LW","1,851",1851.0,count,False,none,none,64,Supported_cell,"cell(WHITE HANGING HEART T-LIGHT HOLDER, Units_LW)=1851"
medium_product_2009-W50__S1__mock__r2,medium_product_2009-W50,medium,product,S1,mock,2,6,- WHITE HANGING HEART T-LIGHT HOLDER had the most orders with 119 orders TW versus 93 LW,119,119.0,count,False,none,none,62,Unsupported,
medium_product_2009-W50__S1__mock__r2,medium_product_2009-W50,medium,product,S1,mock,2,6,- WHITE HANGING HEART T-LIGHT HOLDER had the most orders with 119 orders TW versus 93 LW,93,93.0,plain,False,none,none,83,Supported_cell,"cell(WHITE HANGING HEART T-LIGHT HOLDER, Orders_LW)=93"
medium_product_2009-W50__S1__mock__r2,medium_product_2009-W50,medium,product,S1,mock,2,7,"- Total revenue across the products shown was £61.8k TW, up 11.8% WoW",£61.8k,61800.0,currency,False,none,none,46,Supported_derived,sum(Revenue_TW)=61834.6
medium_product_2009-W50__S1__mock__r2,medium_product_2009-W50,medium,product,S1,mock,2,7,"- Total revenue across the products shown was £61.8k TW, up 11.8% WoW",11.8%,11.8,percent,False,none,up,60,Supported_derived,"pct_change(sum(Revenue_TW), sum(Revenue_LW))=11.7601"
medium_product_2009-W50__S2__mock__r1,medium_product_2009-W50,medium,product,S2,mock,1,0,"- Total revenue was £61,834.59 TW","£61,834.59",61834.59,currency,False,none,none,20,Supported_derived,sum(Revenue_TW)=61834.6
medium_product_2009-W50__S2__mock__r1,medium_product_2009-W50,medium,product,S2,mock,1,1,- Total revenue was up 11.8% WoW,11.8%,11.8,percent,False,none,up,23,Supported_derived,"pct_change(sum(Revenue_TW), sum(Revenue_LW))=11.7601"
medium_product_2009-W50__S2__mock__r1,medium_product_2009-W50,medium,product,S2,mock,1,2,"- WHITE HANGING HEART T-LIGHT HOLDER revenue was £8,406.79 TW","£8,406.79",8406.79,currency,False,none,none,49,Supported_cell,"cell(WHITE HANGING HEART T-LIGHT HOLDER, Revenue_TW)=8406.79"
medium_product_2009-W50__S2__mock__r1,medium_product_2009-W50,medium,product,S2,mock,1,3,- WHITE HANGING HEART T-LIGHT HOLDER held a 13.6% share of revenue TW,13.6%,13.6,percent,False,none,none,44,Supported_cell,"cell(WHITE HANGING HEART T-LIGHT HOLDER, Share_Pct)=13.6"
medium_product_2009-W50__S2__mock__r1,medium_product_2009-W50,medium,product,S2,mock,1,4,- WHITE HANGING HEART T-LIGHT HOLDER revenue was up 70.1% WoW,70.1%,70.1,percent,False,none,up,52,Supported_cell,"cell(WHITE HANGING HEART T-LIGHT HOLDER, WoW_Pct)=70.1"
medium_product_2009-W50__S2__mock__r1,medium_product_2009-W50,medium,product,S2,mock,1,5,"- EDWARDIAN PARASOL BLACK revenue was £3,448.60 TW","£3,448.60",3448.6,currency,False,none,none,38,Supported_cell,"cell(EDWARDIAN PARASOL BLACK, Revenue_TW)=3448.6"
medium_product_2009-W50__S2__mock__r1,medium_product_2009-W50,medium,product,S2,mock,1,6,- EDWARDIAN PARASOL BLACK held a 5.6% share of revenue TW,5.6%,5.6,percent,False,none,none,33,Supported_cell,"cell(EDWARDIAN PARASOL BLACK, Share_Pct)=5.6"
medium_product_2009-W50__S2__mock__r1,medium_product_2009-W50,medium,product,S2,mock,1,7,- EDWARDIAN PARASOL BLACK revenue was down 12.2% WoW,12.2%,-12.2,percent,False,none,down,43,Supported_cell,"cell(EDWARDIAN PARASOL BLACK, WoW_Pct)=-12.2"
medium_product_2009-W50__S2__mock__r2,medium_product_2009-W50,medium,product,S2,mock,2,0,"- Total revenue was £56,887.82 TW","£56,887.82",56887.82,currency,False,none,none,20,Unsupported,
medium_product_2009-W50__S2__mock__r2,medium_product_2009-W50,medium,product,S2,mock,2,1,- Total revenue was up 11.8% WoW,11.8%,11.8,percent,False,none,up,23,Supported_derived,"pct_change(sum(Revenue_TW), sum(Revenue_LW))=11.7601"
medium_product_2009-W50__S2__mock__r2,medium_product_2009-W50,medium,product,S2,mock,2,2,"- WHITE HANGING HEART T-LIGHT HOLDER revenue was £8,406.79 TW","£8,406.79",8406.79,currency,False,none,none,49,Supported_cell,"cell(WHITE HANGING HEART T-LIGHT HOLDER, Revenue_TW)=8406.79"
medium_product_2009-W50__S2__mock__r2,medium_product_2009-W50,medium,product,S2,mock,2,3,- WHITE HANGING HEART T-LIGHT HOLDER held a 13.6% share of revenue TW,13.6%,13.6,percent,False,none,none,44,Supported_cell,"cell(WHITE HANGING HEART T-LIGHT HOLDER, Share_Pct)=13.6"
medium_product_2009-W50__S2__mock__r2,medium_product_2009-W50,medium,product,S2,mock,2,4,- WHITE HANGING HEART T-LIGHT HOLDER revenue was up 70.1% WoW,70.1%,70.1,percent,False,none,up,52,Supported_cell,"cell(WHITE HANGING HEART T-LIGHT HOLDER, WoW_Pct)=70.1"
medium_product_2009-W50__S2__mock__r2,medium_product_2009-W50,medium,product,S2,mock,2,5,"- EDWARDIAN PARASOL BLACK revenue was £3,655.52 TW","£3,655.52",3655.52,currency,False,none,none,38,Unsupported,
medium_product_2009-W50__S2__mock__r2,medium_product_2009-W50,medium,product,S2,mock,2,6,- EDWARDIAN PARASOL BLACK held a 5.6% share of revenue TW,5.6%,5.6,percent,False,none,none,33,Supported_cell,"cell(EDWARDIAN PARASOL BLACK, Share_Pct)=5.6"
medium_product_2009-W50__S2__mock__r2,medium_product_2009-W50,medium,product,S2,mock,2,7,- EDWARDIAN PARASOL BLACK revenue was down 12.2% WoW,12.2%,-12.2,percent,False,none,down,43,Supported_cell,"cell(EDWARDIAN PARASOL BLACK, WoW_Pct)=-12.2"
medium_product_2009-W50__S3__mock__r1,medium_product_2009-W50,medium,product,S3,mock,1,0,"- WHITE HANGING HEART T-LIGHT HOLDER led revenue with £8.4k TW, a 13.6% share of the 30 products shown",£8.4k,8400.0,currency,False,none,none,54,Supported_cell,"cell(WHITE HANGING HEART T-LIGHT HOLDER, Revenue_TW)=8406.79"
medium_product_2009-W50__S3__mock__r1,medium_product_2009-W50,medium,product,S3,mock,1,0,"- WHITE HANGING HEART T-LIGHT HOLDER led revenue with £8.4k TW, a 13.6% share of the 30 products shown",13.6%,13.6,percent,False,none,none,66,Supported_cell,"cell(WHITE HANGING HEART T-LIGHT HOLDER, Share_Pct)=13.6"
medium_product_2009-W50__S3__mock__r1,medium_product_2009-W50,medium,product,S3,mock,1,0,"- WHITE HANGING HEART T-LIGHT HOLDER led revenue with £8.4k TW, a 13.6% share of the 30 products shown",30,30.0,plain,False,none,none,85,Skipped,counting
medium_product_2009-W50__S3__mock__r1,medium_product_2009-W50,medium,product,S3,mock,1,1,"- WHITE HANGING HEART T-LIGHT HOLDER revenue was up 70.1% WoW from £4,942.19 LW",70.1%,70.1,percent,False,none,up,52,Supported_cell,"cell(WHITE HANGING HEART T-LIGHT HOLDER, WoW_Pct)=70.1"
medium_product_2009-W50__S3__mock__r1,medium_product_2009-W50,medium,product,S3,mock,1,1,"- WHITE HANGING HEART T-LIGHT HOLDER revenue was up 70.1% WoW from £4,942.19 LW","£4,942.19",4942.19,currency,False,none,none,67,Supported_cell,"cell(WHITE HANGING HEART T-LIGHT HOLDER, Revenue_LW)=4942.19"
medium_product_2009-W50__S3__mock__r1,medium_product_2009-W50,medium,product,S3,mock,1,2,"- EDWARDIAN PARASOL BLACK ranked 2nd with £3,448.60 TW",2nd,2.0,count,True,none,none,33,Supported_cell,"cell(EDWARDIAN PARASOL BLACK, Rank)=2"
medium_product_2009-W50__S3__mock__r1,medium_product_2009-W50,medium,product,S3,mock,1,2,"- EDWARDIAN PARASOL BLACK ranked 2nd with £3,448.60 TW","£3,448.60",3448.6,currency,False,none,none,42,Supported_cell,"cell(EDWARDIAN PARASOL BLACK, Revenue_TW)=3448.6"
medium_product_2009-W50__S3__mock__r1,medium_product_2009-W50,medium,product,S3,mock,1,3,"- BLACK RECORD COVER FRAME posted the largest WoW gain, up 185.5% to £1,144.96 TW",185.5%,185.5,percent,False,none,up,59,Supported_cell,"cell(BLACK RECORD COVER FRAME, WoW_Pct)=185.5"
medium_product_2009-W50__S3__mock__r1,medium_product_2009-W50,medium,product,S3,mock,1,3,"- BLACK RECORD COVER FRAME posted the largest WoW gain, up 185.5% to £1,144.96 TW","£1,144.96",1144.96,currency,False,none,none,69,Supported_cell,"cell(BLACK RECORD COVER FRAME, Revenue_TW)=1144.96"
medium_product_2009-W50__S3__mock__r1,medium_product_2009-W50,medium,product,S3,mock,1,4,"- PAPER CHAIN KIT 50'S CHRISTMAS revenue fell 61.8% WoW to £2,143.03 TW",50,50.0,plain,False,none,none,18,Skipped,entity_name
medium_product_2009-W50__S3__mock__r1,medium_product_2009-W50,medium,product,S3,mock,1,4,"- PAPER CHAIN KIT 50'S CHRISTMAS revenue fell 61.8% WoW to £2,143.03 TW",61.8%,-61.8,percent,False,none,down,46,Supported_cell,"cell(PAPER CHAIN KIT 50'S CHRISTMAS, WoW_Pct)=-61.8"
medium_product_2009-W50__S3__mock__r1,medium_product_2009-W50,medium,product,S3,mock,1,4,"- PAPER CHAIN KIT 50'S CHRISTMAS revenue fell 61.8% WoW to £2,143.03 TW","£2,143.03",2143.03,currency,False,none,none,59,Supported_cell,"cell(PAPER CHAIN KIT 50'S CHRISTMAS, Revenue_TW)=2143.03"
medium_product_2009-W50__S3__mock__r1,medium_product_2009-W50,medium,product,S3,mock,1,5,"- WHITE HANGING HEART T-LIGHT HOLDER sold 3,172 units TW versus 1,851 units LW","3,172",3172.0,count,False,none,none,42,Supported_cell,"cell(WHITE HANGING HEART T-LIGHT HOLDER, Units_TW)=3172"
medium_product_2009-W50__S3__mock__r1,medium_product_2009-W50,medium,product,S3,mock,1,5,"- WHITE HANGING HEART T-LIGHT HOLDER sold 3,172 units TW versus 1,851 units LW","1,851",1851.0,count,False,none,none,64,Supported_cell,"cell(WHITE HANGING HEART T-LIGHT HOLDER, Units_LW)=1851"
medium_product_2009-W50__S3__mock__r1,medium_product_2009-W50,medium,product,S3,mock,1,6,- WHITE HANGING HEART T-LIGHT HOLDER had the most orders with 112 orders TW versus 93 LW,112,112.0,count,False,none,none,62,Supported_cell,"cell(WHITE HANGING HEART T-LIGHT HOLDER, Orders_TW)=112"
medium_product_2009-W50__S3__mock__r1,medium_product_2009-W50,medium,product,S3,mock,1,6,- WHITE HANGING HEART T-LIGHT HOLDER had the most orders with 112 orders TW versus 93 LW,93,93.0,plain,False,none,none,83,Supported_cell,"cell(WHITE HANGING HEART T-LIGHT HOLDER, Orders_LW)=93"
medium_product_2009-W50__S3__mock__r1,medium_product_2009-W50,medium,product,S3,mock,1,7,"- Total revenue across the products shown was £61.8k TW, up 11.8% WoW",£61.8k,61800.0,currency,False,none,none,46,Supported_derived,sum(Revenue_TW)=61834.6
medium_product_2009-W50__S3__mock__r1,medium_product_2009-W50,medium,product,S3,mock,1,7,"- Total revenue across the products shown was £61.8k TW, up 11.8% WoW",11.8%,11.8,percent,False,none,up,60,Supported_derived,"pct_change(sum(Revenue_TW), sum(Revenue_LW))=11.7601"
medium_product_2009-W50__S3__mock__r2,medium_product_2009-W50,medium,product,S3,mock,2,0,"- WHITE HANGING HEART T-LIGHT HOLDER led revenue with £8.4k TW, a 13.6% share of the 30 products shown",£8.4k,8400.0,currency,False,none,none,54,Supported_cell,"cell(WHITE HANGING HEART T-LIGHT HOLDER, Revenue_TW)=8406.79"
medium_product_2009-W50__S3__mock__r2,medium_product_2009-W50,medium,product,S3,mock,2,0,"- WHITE HANGING HEART T-LIGHT HOLDER led revenue with £8.4k TW, a 13.6% share of the 30 products shown",13.6%,13.6,percent,False,none,none,66,Supported_cell,"cell(WHITE HANGING HEART T-LIGHT HOLDER, Share_Pct)=13.6"
medium_product_2009-W50__S3__mock__r2,medium_product_2009-W50,medium,product,S3,mock,2,0,"- WHITE HANGING HEART T-LIGHT HOLDER led revenue with £8.4k TW, a 13.6% share of the 30 products shown",30,30.0,plain,False,none,none,85,Skipped,counting
medium_product_2009-W50__S3__mock__r2,medium_product_2009-W50,medium,product,S3,mock,2,1,"- WHITE HANGING HEART T-LIGHT HOLDER revenue was up 70.1% WoW from £4,942.19 LW",70.1%,70.1,percent,False,none,up,52,Supported_cell,"cell(WHITE HANGING HEART T-LIGHT HOLDER, WoW_Pct)=70.1"
medium_product_2009-W50__S3__mock__r2,medium_product_2009-W50,medium,product,S3,mock,2,1,"- WHITE HANGING HEART T-LIGHT HOLDER revenue was up 70.1% WoW from £4,942.19 LW","£4,942.19",4942.19,currency,False,none,none,67,Supported_cell,"cell(WHITE HANGING HEART T-LIGHT HOLDER, Revenue_LW)=4942.19"
medium_product_2009-W50__S3__mock__r2,medium_product_2009-W50,medium,product,S3,mock,2,2,"- EDWARDIAN PARASOL BLACK ranked 2nd with £3,448.60 TW",2nd,2.0,count,True,none,none,33,Supported_cell,"cell(EDWARDIAN PARASOL BLACK, Rank)=2"
medium_product_2009-W50__S3__mock__r2,medium_product_2009-W50,medium,product,S3,mock,2,2,"- EDWARDIAN PARASOL BLACK ranked 2nd with £3,448.60 TW","£3,448.60",3448.6,currency,False,none,none,42,Supported_cell,"cell(EDWARDIAN PARASOL BLACK, Revenue_TW)=3448.6"
medium_product_2009-W50__S3__mock__r2,medium_product_2009-W50,medium,product,S3,mock,2,3,"- BLACK RECORD COVER FRAME posted the largest WoW gain, up 185.5% to £1,144.96 TW",185.5%,185.5,percent,False,none,up,59,Supported_cell,"cell(BLACK RECORD COVER FRAME, WoW_Pct)=185.5"
medium_product_2009-W50__S3__mock__r2,medium_product_2009-W50,medium,product,S3,mock,2,3,"- BLACK RECORD COVER FRAME posted the largest WoW gain, up 185.5% to £1,144.96 TW","£1,144.96",1144.96,currency,False,none,none,69,Supported_cell,"cell(BLACK RECORD COVER FRAME, Revenue_TW)=1144.96"
medium_product_2009-W50__S3__mock__r2,medium_product_2009-W50,medium,product,S3,mock,2,4,"- PAPER CHAIN KIT 50'S CHRISTMAS revenue fell 61.8% WoW to £2,143.03 TW",50,50.0,plain,False,none,none,18,Skipped,entity_name
medium_product_2009-W50__S3__mock__r2,medium_product_2009-W50,medium,product,S3,mock,2,4,"- PAPER CHAIN KIT 50'S CHRISTMAS revenue fell 61.8% WoW to £2,143.03 TW",61.8%,-61.8,percent,False,none,down,46,Supported_cell,"cell(PAPER CHAIN KIT 50'S CHRISTMAS, WoW_Pct)=-61.8"
medium_product_2009-W50__S3__mock__r2,medium_product_2009-W50,medium,product,S3,mock,2,4,"- PAPER CHAIN KIT 50'S CHRISTMAS revenue fell 61.8% WoW to £2,143.03 TW","£2,143.03",2143.03,currency,False,none,none,59,Supported_cell,"cell(PAPER CHAIN KIT 50'S CHRISTMAS, Revenue_TW)=2143.03"
medium_product_2009-W50__S3__mock__r2,medium_product_2009-W50,medium,product,S3,mock,2,5,"- WHITE HANGING HEART T-LIGHT HOLDER sold 3,172 units TW versus 1,851 units LW","3,172",3172.0,count,False,none,none,42,Supported_cell,"cell(WHITE HANGING HEART T-LIGHT HOLDER, Units_TW)=3172"
medium_product_2009-W50__S3__mock__r2,medium_product_2009-W50,medium,product,S3,mock,2,5,"- WHITE HANGING HEART T-LIGHT HOLDER sold 3,172 units TW versus 1,851 units LW","1,851",1851.0,count,False,none,none,64,Supported_cell,"cell(WHITE HANGING HEART T-LIGHT HOLDER, Units_LW)=1851"
medium_product_2009-W50__S3__mock__r2,medium_product_2009-W50,medium,product,S3,mock,2,6,- WHITE HANGING HEART T-LIGHT HOLDER had the most orders with 119 orders TW versus 93 LW,119,119.0,count,False,none,none,62,Unsupported,
medium_product_2009-W50__S3__mock__r2,medium_product_2009-W50,medium,product,S3,mock,2,6,- WHITE HANGING HEART T-LIGHT HOLDER had the most orders with 119 orders TW versus 93 LW,93,93.0,plain,False,none,none,83,Supported_cell,"cell(WHITE HANGING HEART T-LIGHT HOLDER, Orders_LW)=93"
medium_product_2009-W50__S3__mock__r2,medium_product_2009-W50,medium,product,S3,mock,2,7,"- Total revenue across the products shown was £61.8k TW, up 11.8% WoW",£61.8k,61800.0,currency,False,none,none,46,Supported_derived,sum(Revenue_TW)=61834.6
medium_product_2009-W50__S3__mock__r2,medium_product_2009-W50,medium,product,S3,mock,2,7,"- Total revenue across the products shown was £61.8k TW, up 11.8% WoW",11.8%,11.8,percent,False,none,up,60,Supported_derived,"pct_change(sum(Revenue_TW), sum(Revenue_LW))=11.7601"
medium_product_2009-W50__S4__mock__r1,medium_product_2009-W50,medium,product,S4,mock,1,0,"- Total: revenue £61,834.59 TW, revenue £55,327.99 LW, revenue change +11.8% WoW","£61,834.59",61834.59,currency,False,none,none,17,Supported_derived,sum(Revenue_TW)=61834.6
medium_product_2009-W50__S4__mock__r1,medium_product_2009-W50,medium,product,S4,mock,1,0,"- Total: revenue £61,834.59 TW, revenue £55,327.99 LW, revenue change +11.8% WoW","£55,327.99",55327.99,currency,False,none,none,40,Supported_derived,sum(Revenue_LW)=55328
medium_product_2009-W50__S4__mock__r1,medium_product_2009-W50,medium,product,S4,mock,1,0,"- Total: revenue £61,834.59 TW, revenue £55,327.99 LW, revenue change +11.8% WoW",+11.8%,11.8,percent,False,none,none,70,Supported_derived,"pct_change(sum(Revenue_TW), sum(Revenue_LW))=11.7601"
medium_product_2009-W50__S4__mock__r1,medium_product_2009-W50,medium,product,S4,mock,1,1,"- WHITE HANGING HEART T-LIGHT HOLDER: rank 1, revenue £8,406.79 TW, share 13.6% TW, revenue change +70.1% WoW",1,1.0,count,True,none,none,43,Supported_cell,"cell(WHITE HANGING HEART T-LIGHT HOLDER, Rank)=1"
medium_product_2009-W50__S4__mock__r1,medium_product_2009-W50,medium,product,S4,mock,1,1,"- WHITE HANGING HEART T-LIGHT HOLDER: rank 1, revenue £8,406.79 TW, share 13.6% TW, revenue change +70.1% WoW","£8,406.79",8406.79,currency,False,none,none,54,Supported_cell,"cell(WHITE HANGING HEART T-LIGHT HOLDER, Revenue_TW)=8406.79"
medium_product_2009-W50__S4__mock__r1,medium_product_2009-W50,medium,product,S4,mock,1,1,"- WHITE HANGING HEART T-LIGHT HOLDER: rank 1, revenue £8,406.79 TW, share 13.6% TW, revenue change +70.1% WoW",13.6%,13.6,percent,False,none,none,74,Supported_cell,"cell(WHITE HANGING HEART T-LIGHT HOLDER, Share_Pct)=13.6"
medium_product_2009-W50__S4__mock__r1,medium_product_2009-W50,medium,product,S4,mock,1,1,"- WHITE HANGING HEART T-LIGHT HOLDER: rank 1, revenue £8,406.79 TW, share 13.6% TW, revenue change +70.1% WoW",+70.1%,70.1,percent,False,none,none,99,Supported_cell,"cell(WHITE HANGING HEART T-LIGHT HOLDER, WoW_Pct)=70.1"
medium_product_2009-W50__S4__mock__r1,medium_product_2009-W50,medium,product,S4,mock,1,2,"- EDWARDIAN PARASOL BLACK: rank 2, revenue £3,448.60 TW, share 5.6% TW, revenue change -12.2% WoW",2,2.0,count,True,none,none,32,Supported_cell,"cell(EDWARDIAN PARASOL BLACK, Rank)=2"
medium_product_2009-W50__S4__mock__r1,medium_product_2009-W50,medium,product,S4,mock,1,2,"- EDWARDIAN PARASOL BLACK: rank 2, revenue £3,448.60 TW, share 5.6% TW, revenue change -12.2% WoW","£3,448.60",3448.6,currency,False,none,none,43,Supported_cell,"cell(EDWARDIAN PARASOL BLACK, Revenue_TW)=3448.6"
medium_product_2009-W50__S4__mock__r1,medium_product_2009-W50,medium,product,S4,mock,1,2,"- EDWARDIAN PARASOL BLACK: rank 2, revenue £3,448.60 TW, share 5.6% TW, revenue change -12.2% WoW",5.6%,5.6,percent,False,none,none,63,Supported_cell,"cell(EDWARDIAN PARASOL BLACK, Share_Pct)=5.6"
medium_product_2009-W50__S4__mock__r1,medium_product_2009-W50,medium,product,S4,mock,1,2,"- EDWARDIAN PARASOL BLACK: rank 2, revenue £3,448.60 TW, share 5.6% TW, revenue change -12.2% WoW",-12.2%,-12.2,percent,False,none,none,87,Supported_cell,"cell(EDWARDIAN PARASOL BLACK, WoW_Pct)=-12.2"
medium_product_2009-W50__S4__mock__r1,medium_product_2009-W50,medium,product,S4,mock,1,3,"- FAIRY CAKE CANDLES: rank 3, revenue £3,065.02 TW, share 5.0% TW, revenue change +121.8% WoW",3,3.0,count,True,none,none,27,Supported_cell,"cell(FAIRY CAKE CANDLES, Rank)=3"
medium_product_2009-W50__S4__mock__r1,medium_product_2009-W50,medium,product,S4,mock,1,3,"- FAIRY CAKE CANDLES: rank 3, revenue £3,065.02 TW, share 5.0% TW, revenue change +121.8% WoW","£3,065.02",3065.02,currency,False,none,none,38,Supported_cell,"cell(FAIRY CAKE CANDLES, Revenue_TW)=3065.02"
medium_product_2009-W50__S4__mock__r1,medium_product_2009-W50,medium,product,S4,mock,1,3,"- FAIRY CAKE CANDLES: rank 3, revenue £3,065.02 TW, share 5.0% TW, revenue change +121.8% WoW",5.0%,5.0,percent,False,none,none,58,Supported_cell,"cell(FAIRY CAKE CANDLES, Share_Pct)=5"
medium_product_2009-W50__S4__mock__r1,medium_product_2009-W50,medium,product,S4,mock,1,3,"- FAIRY CAKE CANDLES: rank 3, revenue £3,065.02 TW, share 5.0% TW, revenue change +121.8% WoW",+121.8%,121.8,percent,False,none,none,82,Supported_cell,"cell(FAIRY CAKE CANDLES, WoW_Pct)=121.8"
medium_product_2009-W50__S4__mock__r1,medium_product_2009-W50,medium,product,S4,mock,1,4,"- BLACK RECORD COVER FRAME (largest WoW increase): revenue change +185.5% WoW, revenue £1,144.96 TW versus £401.00 LW",+185.5%,185.5,percent,False,none,none,66,Supported_cell,"cell(BLACK RECORD COVER FRAME, WoW_Pct)=185.5"
medium_product_2009-W50__S4__mock__r1,medium_product_2009-W50,medium,product,S4,mock,1,4,"- BLACK RECORD COVER FRAME (largest WoW increase): revenue change +185.5% WoW, revenue £1,144.96 TW versus £401.00 LW","£1,144.96",1144.96,currency,False,none,none,87,Supported_cell,"cell(BLACK RECORD COVER FRAME, Revenue_TW)=1144.96"
medium_product_2009-W50__S4__mock__r1,medium_product_2009-W50,medium,product,S4,mock,1,4,"- BLACK RECORD COVER FRAME (largest WoW increase): revenue change +185.5% WoW, revenue £1,144.96 TW versus £401.00 LW",£401.00,401.0,currency,False,none,none,107,Supported_cell,"cell(BLACK RECORD COVER FRAME, Revenue_LW)=401"
medium_product_2009-W50__S4__mock__r1,medium_product_2009-W50,medium,product,S4,mock,1,5,"- PAPER CHAIN KIT 50'S CHRISTMAS (largest WoW decrease): revenue change -61.8% WoW, revenue £2,143.03 TW versus £5,604.38 LW",50,50.0,plain,False,none,none,18,Skipped,entity_name
medium_product_2009-W50__S4__mock__r1,medium_product_2009-W50,medium,product,S4,mock,1,5,"- PAPER CHAIN KIT 50'S CHRISTMAS (largest WoW decrease): revenue change -61.8% WoW, revenue £2,143.03 TW versus £5,604.38 LW",-61.8%,-61.8,percent,False,none,none,72,Supported_cell,"cell(PAPER CHAIN KIT 50'S CHRISTMAS, WoW_Pct)=-61.8"
medium_product_2009-W50__S4__mock__r1,medium_product_2009-W50,medium,product,S4,mock,1,5,"- PAPER CHAIN KIT 50'S CHRISTMAS (largest WoW decrease): revenue change -61.8% WoW, revenue £2,143.03 TW versus £5,604.38 LW","£2,143.03",2143.03,currency,False,none,none,92,Supported_cell,"cell(PAPER CHAIN KIT 50'S CHRISTMAS, Revenue_TW)=2143.03"
medium_product_2009-W50__S4__mock__r1,medium_product_2009-W50,medium,product,S4,mock,1,5,"- PAPER CHAIN KIT 50'S CHRISTMAS (largest WoW decrease): revenue change -61.8% WoW, revenue £2,143.03 TW versus £5,604.38 LW","£5,604.38",5604.38,currency,False,none,none,112,Supported_cell,"cell(PAPER CHAIN KIT 50'S CHRISTMAS, Revenue_LW)=5604.38"
medium_product_2009-W50__S4__mock__r1,medium_product_2009-W50,medium,product,S4,mock,1,6,- WHITE HANGING HEART T-LIGHT HOLDER (most orders): orders 112 TW versus 93 LW,112,112.0,plain,False,none,none,59,Supported_cell,"cell(WHITE HANGING HEART T-LIGHT HOLDER, Orders_TW)=112"
medium_product_2009-W50__S4__mock__r1,medium_product_2009-W50,medium,product,S4,mock,1,6,- WHITE HANGING HEART T-LIGHT HOLDER (most orders): orders 112 TW versus 93 LW,93,93.0,plain,False,none,none,73,Supported_cell,"cell(WHITE HANGING HEART T-LIGHT HOLDER, Orders_LW)=93"
medium_product_2009-W50__S4__mock__r2,medium_product_2009-W50,medium,product,S4,mock,2,0,"- Total: revenue £61,834.59 TW, revenue £55,327.99 LW, revenue change +11.8% WoW","£61,834.59",61834.59,currency,False,none,none,17,Supported_derived,sum(Revenue_TW)=61834.6
medium_product_2009-W50__S4__mock__r2,medium_product_2009-W50,medium,product,S4,mock,2,0,"- Total: revenue £61,834.59 TW, revenue £55,327.99 LW, revenue change +11.8% WoW","£55,327.99",55327.99,currency,False,none,none,40,Supported_derived,sum(Revenue_LW)=55328
medium_product_2009-W50__S4__mock__r2,medium_product_2009-W50,medium,product,S4,mock,2,0,"- Total: revenue £61,834.59 TW, revenue £55,327.99 LW, revenue change +11.8% WoW",+11.8%,11.8,percent,False,none,none,70,Supported_derived,"pct_change(sum(Revenue_TW), sum(Revenue_LW))=11.7601"
medium_product_2009-W50__S4__mock__r2,medium_product_2009-W50,medium,product,S4,mock,2,1,"- WHITE HANGING HEART T-LIGHT HOLDER: rank 1, revenue £8,406.79 TW, share 13.6% TW, revenue change +70.1% WoW",1,1.0,count,True,none,none,43,Supported_cell,"cell(WHITE HANGING HEART T-LIGHT HOLDER, Rank)=1"
medium_product_2009-W50__S4__mock__r2,medium_product_2009-W50,medium,product,S4,mock,2,1,"- WHITE HANGING HEART T-LIGHT HOLDER: rank 1, revenue £8,406.79 TW, share 13.6% TW, revenue change +70.1% WoW","£8,406.79",8406.79,currency,False,none,none,54,Supported_cell,"cell(WHITE HANGING HEART T-LIGHT HOLDER, Revenue_TW)=8406.79"
medium_product_2009-W50__S4__mock__r2,medium_product_2009-W50,medium,product,S4,mock,2,1,"- WHITE HANGING HEART T-LIGHT HOLDER: rank 1, revenue £8,406.79 TW, share 13.6% TW, revenue change +70.1% WoW",13.6%,13.6,percent,False,none,none,74,Supported_cell,"cell(WHITE HANGING HEART T-LIGHT HOLDER, Share_Pct)=13.6"
medium_product_2009-W50__S4__mock__r2,medium_product_2009-W50,medium,product,S4,mock,2,1,"- WHITE HANGING HEART T-LIGHT HOLDER: rank 1, revenue £8,406.79 TW, share 13.6% TW, revenue change +70.1% WoW",+70.1%,70.1,percent,False,none,none,99,Supported_cell,"cell(WHITE HANGING HEART T-LIGHT HOLDER, WoW_Pct)=70.1"
medium_product_2009-W50__S4__mock__r2,medium_product_2009-W50,medium,product,S4,mock,2,2,"- EDWARDIAN PARASOL BLACK: rank 2, revenue £3,448.60 TW, share 5.6% TW, revenue change -12.2% WoW",2,2.0,count,True,none,none,32,Supported_cell,"cell(EDWARDIAN PARASOL BLACK, Rank)=2"
medium_product_2009-W50__S4__mock__r2,medium_product_2009-W50,medium,product,S4,mock,2,2,"- EDWARDIAN PARASOL BLACK: rank 2, revenue £3,448.60 TW, share 5.6% TW, revenue change -12.2% WoW","£3,448.60",3448.6,currency,False,none,none,43,Supported_cell,"cell(EDWARDIAN PARASOL BLACK, Revenue_TW)=3448.6"
medium_product_2009-W50__S4__mock__r2,medium_product_2009-W50,medium,product,S4,mock,2,2,"- EDWARDIAN PARASOL BLACK: rank 2, revenue £3,448.60 TW, share 5.6% TW, revenue change -12.2% WoW",5.6%,5.6,percent,False,none,none,63,Supported_cell,"cell(EDWARDIAN PARASOL BLACK, Share_Pct)=5.6"
medium_product_2009-W50__S4__mock__r2,medium_product_2009-W50,medium,product,S4,mock,2,2,"- EDWARDIAN PARASOL BLACK: rank 2, revenue £3,448.60 TW, share 5.6% TW, revenue change -12.2% WoW",-12.2%,-12.2,percent,False,none,none,87,Supported_cell,"cell(EDWARDIAN PARASOL BLACK, WoW_Pct)=-12.2"
medium_product_2009-W50__S4__mock__r2,medium_product_2009-W50,medium,product,S4,mock,2,3,"- FAIRY CAKE CANDLES: rank 3, revenue £3,065.02 TW, share 5.0% TW, revenue change +121.8% WoW",3,3.0,count,True,none,none,27,Supported_cell,"cell(FAIRY CAKE CANDLES, Rank)=3"
medium_product_2009-W50__S4__mock__r2,medium_product_2009-W50,medium,product,S4,mock,2,3,"- FAIRY CAKE CANDLES: rank 3, revenue £3,065.02 TW, share 5.0% TW, revenue change +121.8% WoW","£3,065.02",3065.02,currency,False,none,none,38,Supported_cell,"cell(FAIRY CAKE CANDLES, Revenue_TW)=3065.02"
medium_product_2009-W50__S4__mock__r2,medium_product_2009-W50,medium,product,S4,mock,2,3,"- FAIRY CAKE CANDLES: rank 3, revenue £3,065.02 TW, share 5.0% TW, revenue change +121.8% WoW",5.0%,5.0,percent,False,none,none,58,Supported_cell,"cell(FAIRY CAKE CANDLES, Share_Pct)=5"
medium_product_2009-W50__S4__mock__r2,medium_product_2009-W50,medium,product,S4,mock,2,3,"- FAIRY CAKE CANDLES: rank 3, revenue £3,065.02 TW, share 5.0% TW, revenue change +121.8% WoW",+121.8%,121.8,percent,False,none,none,82,Supported_cell,"cell(FAIRY CAKE CANDLES, WoW_Pct)=121.8"
medium_product_2009-W50__S4__mock__r2,medium_product_2009-W50,medium,product,S4,mock,2,4,"- BLACK RECORD COVER FRAME (largest WoW increase): revenue change +185.5% WoW, revenue £1,144.96 TW versus £401.00 LW",+185.5%,185.5,percent,False,none,none,66,Supported_cell,"cell(BLACK RECORD COVER FRAME, WoW_Pct)=185.5"
medium_product_2009-W50__S4__mock__r2,medium_product_2009-W50,medium,product,S4,mock,2,4,"- BLACK RECORD COVER FRAME (largest WoW increase): revenue change +185.5% WoW, revenue £1,144.96 TW versus £401.00 LW","£1,144.96",1144.96,currency,False,none,none,87,Supported_cell,"cell(BLACK RECORD COVER FRAME, Revenue_TW)=1144.96"
medium_product_2009-W50__S4__mock__r2,medium_product_2009-W50,medium,product,S4,mock,2,4,"- BLACK RECORD COVER FRAME (largest WoW increase): revenue change +185.5% WoW, revenue £1,144.96 TW versus £401.00 LW",£401.00,401.0,currency,False,none,none,107,Supported_cell,"cell(BLACK RECORD COVER FRAME, Revenue_LW)=401"
medium_product_2009-W50__S4__mock__r2,medium_product_2009-W50,medium,product,S4,mock,2,5,"- PAPER CHAIN KIT 50'S CHRISTMAS (largest WoW decrease): revenue change -61.8% WoW, revenue £2,143.03 TW versus £5,604.38 LW",50,50.0,plain,False,none,none,18,Skipped,entity_name
medium_product_2009-W50__S4__mock__r2,medium_product_2009-W50,medium,product,S4,mock,2,5,"- PAPER CHAIN KIT 50'S CHRISTMAS (largest WoW decrease): revenue change -61.8% WoW, revenue £2,143.03 TW versus £5,604.38 LW",-61.8%,-61.8,percent,False,none,none,72,Supported_cell,"cell(PAPER CHAIN KIT 50'S CHRISTMAS, WoW_Pct)=-61.8"
medium_product_2009-W50__S4__mock__r2,medium_product_2009-W50,medium,product,S4,mock,2,5,"- PAPER CHAIN KIT 50'S CHRISTMAS (largest WoW decrease): revenue change -61.8% WoW, revenue £2,143.03 TW versus £5,604.38 LW","£2,143.03",2143.03,currency,False,none,none,92,Supported_cell,"cell(PAPER CHAIN KIT 50'S CHRISTMAS, Revenue_TW)=2143.03"
medium_product_2009-W50__S4__mock__r2,medium_product_2009-W50,medium,product,S4,mock,2,5,"- PAPER CHAIN KIT 50'S CHRISTMAS (largest WoW decrease): revenue change -61.8% WoW, revenue £2,143.03 TW versus £5,604.38 LW","£5,604.38",5604.38,currency,False,none,none,112,Supported_cell,"cell(PAPER CHAIN KIT 50'S CHRISTMAS, Revenue_LW)=5604.38"
medium_product_2009-W50__S4__mock__r2,medium_product_2009-W50,medium,product,S4,mock,2,6,- WHITE HANGING HEART T-LIGHT HOLDER (most orders): orders 112 TW versus 93 LW,112,112.0,plain,False,none,none,59,Supported_cell,"cell(WHITE HANGING HEART T-LIGHT HOLDER, Orders_TW)=112"
medium_product_2009-W50__S4__mock__r2,medium_product_2009-W50,medium,product,S4,mock,2,6,- WHITE HANGING HEART T-LIGHT HOLDER (most orders): orders 112 TW versus 93 LW,93,93.0,plain,False,none,none,73,Supported_cell,"cell(WHITE HANGING HEART T-LIGHT HOLDER, Orders_LW)=93"
medium_product_2011-W42__S1__mock__r1,medium_product_2011-W42,medium,product,S1,mock,1,0,"- LANDMARK FRAME COVENT GARDEN led revenue with £3.8k TW, a 2.0% share of the 33 products shown",£3.8k,3800.0,currency,False,none,none,48,Supported_cell,"cell(LANDMARK FRAME COVENT GARDEN, Revenue_TW)=3766.4"
medium_product_2011-W42__S1__mock__r1,medium_product_2011-W42,medium,product,S1,mock,1,0,"- LANDMARK FRAME COVENT GARDEN led revenue with £3.8k TW, a 2.0% share of the 33 products shown",2.0%,2.0,percent,False,none,none,60,Supported_cell,"cell(JUMBO BAG 50'S CHRISTMAS, Share_Pct)=2"
medium_product_2011-W42__S1__mock__r1,medium_product_2011-W42,medium,product,S1,mock,1,0,"- LANDMARK FRAME COVENT GARDEN led revenue with £3.8k TW, a 2.0% share of the 33 products shown",33,33.0,plain,False,none,none,78,Skipped,counting
medium_product_2011-W42__S1__mock__r1,medium_product_2011-W42,medium,product,S1,mock,1,1,"- LANDMARK FRAME OXFORD STREET ranked 2nd with £3,753.90 TW",2nd,2.0,count,True,none,none,38,Supported_cell,"cell(LANDMARK FRAME OXFORD STREET, Rank)=2"
medium_product_2011-W42__S1__mock__r1,medium_product_2011-W42,medium,product,S1,mock,1,1,"- LANDMARK FRAME OXFORD STREET ranked 2nd with £3,753.90 TW","£3,753.90",3753.9,currency,False,none,none,47,Supported_cell,"cell(LANDMARK FRAME OXFORD STREET, Revenue_TW)=3753.9"
medium_product_2011-W42__S1__mock__r1,medium_product_2011-W42,medium,product,S1,mock,1,2,"- GINGHAM HEART DECORATION posted the largest WoW gain, up 2054.1% to £1,565.58 TW",2054.1%,2054.1,percent,False,none,up,59,Supported_cell,"cell(GINGHAM HEART DECORATION, WoW_Pct)=2054.1"
medium_product_2011-W42__S1__mock__r1,medium_product_2011-W42,medium,product,S1,mock,1,2,"- GINGHAM HEART DECORATION posted the largest WoW gain, up 2054.1% to £1,565.58 TW","£1,565.58",1565.58,currency,False,none,none,70,Supported_cell,"cell(GINGHAM HEART DECORATION, Revenue_TW)=1565.58"
medium_product_2011-W42__S1__mock__r1,medium_product_2011-W42,medium,product,S1,mock,1,3,"- DOORMAT KEEP CALM AND COME IN revenue fell 34.4% WoW to £1,248.25 TW",34.4%,-34.4,percent,False,none,down,45,Supported_cell,"cell(DOORMAT KEEP CALM AND COME IN, WoW_Pct)=-34.4"
medium_product_2011-W42__S1__mock__r1,medium_product_2011-W42,medium,product,S1,mock,1,3,"- DOORMAT KEEP CALM AND COME IN revenue fell 34.4% WoW to £1,248.25 TW","£1,248.25",1248.25,currency,False,none,none,58,Unsupported,
medium_product_2011-W42__S1__mock__r1,medium_product_2011-W42,medium,product,S1,mock,1,4,- LANDMARK FRAME COVENT GARDEN sold 340 units TW versus 0 units LW,340,340.0,count,False,none,none,36,Supported_cell,"cell(LANDMARK FRAME COVENT GARDEN, Units_TW)=340"
medium_product_2011-W42__S1__mock__r1,medium_product_2011-W42,medium,product,S1,mock,1,4,- LANDMARK FRAME COVENT GARDEN sold 340 units TW versus 0 units LW,0,0.0,count,False,none,none,56,Supported_cell,"cell(LANDMARK FRAME COVENT GARDEN, Units_LW)=0"
medium_product_2011-W42__S1__mock__r1,medium_product_2011-W42,medium,product,S1,mock,1,5,- HOT WATER BOTTLE KEEP CALM had the most orders with 7 orders TW versus 38 LW,7,7.0,count,False,none,none,54,Supported_cell,"cell(LANDMARK FRAME BAKER STREET, Orders_TW)=7"
medium_product_2011-W42__S1__mock__r1,medium_product_2011-W42,medium,product,S1,mock,1,5,- HOT WATER BOTTLE KEEP CALM had the most orders with 7 orders TW versus 38 LW,38,38.0,plain,False,none,none,73,Supported_cell,"cell(HOT WATER BOTTLE KEEP CALM, Orders_LW)=38"
medium_product_2011-W42__S1__mock__r1,medium_product_2011-W42,medium,product,S1,mock,1,6,"- Total revenue across the products shown was £58.3k TW, up 150.8% WoW",£58.3k,58300.0,currency,False,none,none,46,Supported_derived,sum(Revenue_TW)=58323.3
medium_product_2011-W42__S1__mock__r1,medium_product_2011-W42,medium,product,S1,mock,1,6,"- Total revenue across the products shown was £58.3k TW, up 150.8% WoW",150.8%,150.8,percent,False,none,up,60,Supported_derived,"pct_change(sum(Revenue_TW), sum(Revenue_LW))=150.802"
medium_product_2011-W42__S1__mock__r2,medium_product_2011-W42,medium,product,S1,mock,2,0,"- LANDMARK FRAME COVENT GARDEN led revenue with £3.6k TW, a 6.5% share of the 33 products shown",£3.6k,3600.0,currency,False,none,none,48,Supported_derived,mean(family[LANDMARK FRAME].Revenue_TW)=3609.03
medium_product_2011-W42__S1__mock__r2,medium_product_2011-W42,medium,product,S1,mock,2,0,"- LANDMARK FRAME COVENT GARDEN led revenue with £3.6k TW, a 6.5% share of the 33 products shown",6.5%,6.5,percent,False,none,none,60,Supported_cell,"cell(LANDMARK FRAME COVENT GARDEN, Share_Pct)=6.5"
medium_product_2011-W42__S1__mock__r2,medium_product_2011-W42,medium,product,S1,mock,2,0,"- LANDMARK FRAME COVENT GARDEN led revenue with £3.6k TW, a 6.5% share of the 33 products shown",33,33.0,plain,False,none,none,78,Skipped,counting
medium_product_2011-W42__S1__mock__r2,medium_product_2011-W42,medium,product,S1,mock,2,1,"- LANDMARK FRAME OXFORD STREET ranked 2nd with £3,753.90 TW",2nd,2.0,count,True,none,none,38,Supported_cell,"cell(LANDMARK FRAME OXFORD STREET, Rank)=2"
medium_product_2011-W42__S1__mock__r2,medium_product_2011-W42,medium,product,S1,mock,2,1,"- LANDMARK FRAME OXFORD STREET ranked 2nd with £3,753.90 TW","£3,753.90",3753.9,currency,False,none,none,47,Supported_cell,"cell(LANDMARK FRAME OXFORD STREET, Revenue_TW)=3753.9"
medium_product_2011-W42__S1__mock__r2,medium_product_2011-W42,medium,product,S1,mock,2,2,"- GINGHAM HEART DECORATION posted the largest WoW gain, up 2054.1% to £1,565.58 TW",2054.1%,2054.1,percent,False,none,up,59,Supported_cell,"cell(GINGHAM HEART DECORATION, WoW_Pct)=2054.1"
medium_product_2011-W42__S1__mock__r2,medium_product_2011-W42,medium,product,S1,mock,2,2,"- GINGHAM HEART DECORATION posted the largest WoW gain, up 2054.1% to £1,565.58 TW","£1,565.58",1565.58,currency,False,none,none,70,Supported_cell,"cell(GINGHAM HEART DECORATION, Revenue_TW)=1565.58"
medium_product_2011-W42__S1__mock__r2,medium_product_2011-W42,medium,product,S1,mock,2,3,"- DOORMAT KEEP CALM AND COME IN revenue fell 34.4% WoW to £1,356.79 TW",34.4%,-34.4,percent,False,none,down,45,Supported_cell,"cell(DOORMAT KEEP CALM AND COME IN, WoW_Pct)=-34.4"
medium_product_2011-W42__S1__mock__r2,medium_product_2011-W42,medium,product,S1,mock,2,3,"- DOORMAT KEEP CALM AND COME IN revenue fell 34.4% WoW to £1,356.79 TW","£1,356.79",1356.79,currency,False,none,none,58,Supported_cell,"cell(DOORMAT KEEP CALM AND COME IN, Revenue_TW)=1356.79"
medium_product_2011-W42__S1__mock__r2,medium_product_2011-W42,medium,product,S1,mock,2,4,- LANDMARK FRAME COVENT GARDEN sold 340 units TW versus 0 units LW,340,340.0,count,False,none,none,36,Supported_cell,"cell(LANDMARK FRAME COVENT GARDEN, Units_TW)=340"
medium_product_2011-W42__S1__mock__r2,medium_product_2011-W42,medium,product,S1,mock,2,4,- LANDMARK FRAME COVENT GARDEN sold 340 units TW versus 0 units LW,0,0.0,count,False,none,none,56,Supported_cell,"cell(LANDMARK FRAME COVENT GARDEN, Units_LW)=0"
medium_product_2011-W42__S1__mock__r2,medium_product_2011-W42,medium,product,S1,mock,2,5,- HOT WATER BOTTLE KEEP CALM had the most orders with 50 orders TW versus 38 LW,50,50.0,count,False,none,none,54,Supported_cell,"cell(HOT WATER BOTTLE KEEP CALM, Orders_TW)=50"
medium_product_2011-W42__S1__mock__r2,medium_product_2011-W42,medium,product,S1,mock,2,5,- HOT WATER BOTTLE KEEP CALM had the most orders with 50 orders TW versus 38 LW,38,38.0,plain,False,none,none,74,Supported_cell,"cell(HOT WATER BOTTLE KEEP CALM, Orders_LW)=38"
medium_product_2011-W42__S1__mock__r2,medium_product_2011-W42,medium,product,S1,mock,2,6,"- Total revenue across the products shown was £64.7k TW, up 150.8% WoW",£64.7k,64700.0,currency,False,none,none,46,Unsupported,
medium_product_2011-W42__S1__mock__r2,medium_product_2011-W42,medium,product,S1,mock,2,6,"- Total revenue across the products shown was £64.7k TW, up 150.8% WoW",150.8%,150.8,percent,False,none,up,60,Supported_derived,"pct_change(sum(Revenue_TW), sum(Revenue_LW))=150.802"
medium_product_2011-W42__S2__mock__r1,medium_product_2011-W42,medium,product,S2,mock,1,0,"- Total revenue was £58,323.33 TW","£58,323.33",58323.33,currency,False,none,none,20,Supported_derived,sum(Revenue_TW)=58323.3
medium_product_2011-W42__S2__mock__r1,medium_product_2011-W42,medium,product,S2,mock,1,1,- Total revenue was up 150.8% WoW,150.8%,150.8,percent,False,none,up,23,Supported_derived,"pct_change(sum(Revenue_TW), sum(Revenue_LW))=150.802"
medium_product_2011-W42__S2__mock__r1,medium_product_2011-W42,medium,product,S2,mock,1,2,"- LANDMARK FRAME COVENT GARDEN revenue was £3,766.40 TW","£3,766.40",3766.4,currency,False,none,none,43,Supported_cell,"cell(LANDMARK FRAME COVENT GARDEN, Revenue_TW)=3766.4"
medium_product_2011-W42__S2__mock__r1,medium_product_2011-W42,medium,product,S2,mock,1,3,- LANDMARK FRAME COVENT GARDEN held a 6.5% share of revenue TW,6.5%,6.5,percent,False,none,none,38,Supported_cell,"cell(LANDMARK FRAME COVENT GARDEN, Share_Pct)=6.5"
medium_product_2011-W42__S2__mock__r1,medium_product_2011-W42,medium,product,S2,mock,1,4,"- LANDMARK FRAME OXFORD STREET revenue was £3,753.90 TW","£3,753.90",3753.9,currency,False,none,none,43,Supported_cell,"cell(LANDMARK FRAME OXFORD STREET, Revenue_TW)=3753.9"
medium_product_2011-W42__S2__mock__r1,medium_product_2011-W42,medium,product,S2,mock,1,5,- LANDMARK FRAME OXFORD STREET held a 6.4% share of revenue TW,6.4%,6.4,percent,False,none,none,38,Supported_cell,"cell(LANDMARK FRAME OXFORD STREET, Share_Pct)=6.4"
medium_product_2011-W42__S2__mock__r1,medium_product_2011-W42,medium,product,S2,mock,1,6,"- LANDMARK FRAME NOTTING HILL revenue was £3,660.00 TW","£3,660.00",3660.0,currency,False,none,none,42,Supported_cell,"cell(LANDMARK FRAME NOTTING HILL, Revenue_TW)=3660"
medium_product_2011-W42__S2__mock__r1,medium_product_2011-W42,medium,product,S2,mock,1,7,- LANDMARK FRAME NOTTING HILL held a 6.3% share of revenue TW,6.3%,6.3,percent,False,none,none,37,Supported_cell,"cell(LANDMARK FRAME NOTTING HILL, Share_Pct)=6.3"
medium_product_2011-W42__S2__mock__r2,medium_product_2011-W42,medium,product,S2,mock,2,0,"- Total revenue was £58,323.33 TW","£58,323.33",58323.33,currency,False,none,none,20,Supported_derived,sum(Revenue_TW)=58323.3
medium_product_2011-W42__S2__mock__r2,medium_product_2011-W42,medium,product,S2,mock,2,1,- Total revenue was up 150.8% WoW,150.8%,150.8,percent,False,none,up,23,Supported_derived,"pct_change(sum(Revenue_TW), sum(Revenue_LW))=150.802"
medium_product_2011-W42__S2__mock__r2,medium_product_2011-W42,medium,product,S2,mock,2,2,"- LANDMARK FRAME COVENT GARDEN revenue was £3,766.40 TW","£3,766.40",3766.4,currency,False,none,none,43,Supported_cell,"cell(LANDMARK FRAME COVENT GARDEN, Revenue_TW)=3766.4"
medium_product_2011-W42__S2__mock__r2,medium_product_2011-W42,medium,product,S2,mock,2,3,- LANDMARK FRAME COVENT GARDEN held a 6.5% share of revenue TW,6.5%,6.5,percent,False,none,none,38,Supported_cell,"cell(LANDMARK FRAME COVENT GARDEN, Share_Pct)=6.5"
medium_product_2011-W42__S2__mock__r2,medium_product_2011-W42,medium,product,S2,mock,2,4,"- LANDMARK FRAME OXFORD STREET revenue was £3,753.90 TW","£3,753.90",3753.9,currency,False,none,none,43,Supported_cell,"cell(LANDMARK FRAME OXFORD STREET, Revenue_TW)=3753.9"
medium_product_2011-W42__S2__mock__r2,medium_product_2011-W42,medium,product,S2,mock,2,5,- LANDMARK FRAME OXFORD STREET held a 5.9% share of revenue TW,5.9%,5.9,percent,False,none,none,38,Supported_cell,"cell(LANDMARK FRAME BAKER STREET, Share_Pct)=5.9"
medium_product_2011-W42__S2__mock__r2,medium_product_2011-W42,medium,product,S2,mock,2,6,"- LANDMARK FRAME NOTTING HILL revenue was £3,367.20 TW","£3,367.20",3367.2,currency,False,none,none,42,Unsupported,
medium_product_2011-W42__S2__mock__r2,medium_product_2011-W42,medium,product,S2,mock,2,7,- LANDMARK FRAME NOTTING HILL held a 6.3% share of revenue TW,6.3%,6.3,percent,False,none,none,37,Supported_cell,"cell(LANDMARK FRAME NOTTING HILL, Share_Pct)=6.3"
medium_product_2011-W42__S3__mock__r1,medium_product_2011-W42,medium,product,S3,mock,1,0,"- LANDMARK FRAME COVENT GARDEN led revenue with £3.8k TW, a 2.0% share of the 33 products shown",£3.8k,3800.0,currency,False,none,none,48,Supported_cell,"cell(LANDMARK FRAME COVENT GARDEN, Revenue_TW)=3766.4"
medium_product_2011-W42__S3__mock__r1,medium_product_2011-W42,medium,product,S3,mock,1,0,"- LANDMARK FRAME COVENT GARDEN led revenue with £3.8k TW, a 2.0% share of the 33 products shown",2.0%,2.0,percent,False,none,none,60,Supported_cell,"cell(JUMBO BAG 50'S CHRISTMAS, Share_Pct)=2"
medium_product_2011-W42__S3__mock__r1,medium_product_2011-W42,medium,product,S3,mock,1,0,"- LANDMARK FRAME COVENT GARDEN led revenue with £3.8k TW, a 2.0% share of the 33 products shown",33,33.0,plain,False,none,none,78,Skipped,counting
medium_product_2011-W42__S3__mock__r1,medium_product_2011-W42,medium,product,S3,mock,1,1,"- LANDMARK FRAME OXFORD STREET ranked 2nd with £3,753.90 TW",2nd,2.0,count,True,none,none,38,Supported_cell,"cell(LANDMARK FRAME OXFORD STREET, Rank)=2"
medium_product_2011-W42__S3__mock__r1,medium_product_2011-W42,medium,product,S3,mock,1,1,"- LANDMARK FRAME OXFORD STREET ranked 2nd with £3,753.90 TW","£3,753.90",3753.9,currency,False,none,none,47,Supported_cell,"cell(LANDMARK FRAME OXFORD STREET, Revenue_TW)=3753.9"
medium_product_2011-W42__S3__mock__r1,medium_product_2011-W42,medium,product,S3,mock,1,2,"- GINGHAM HEART DECORATION posted the largest WoW gain, up 2054.1% to £1,565.58 TW",2054.1%,2054.1,percent,False,none,up,59,Supported_cell,"cell(GINGHAM HEART DECORATION, WoW_Pct)=2054.1"
medium_product_2011-W42__S3__mock__r1,medium_product_2011-W42,medium,product,S3,mock,1,2,"- GINGHAM HEART DECORATION posted the largest WoW gain, up 2054.1% to £1,565.58 TW","£1,565.58",1565.58,currency,False,none,none,70,Supported_cell,"cell(GINGHAM HEART DECORATION, Revenue_TW)=1565.58"
medium_product_2011-W42__S3__mock__r1,medium_product_2011-W42,medium,product,S3,mock,1,3,"- DOORMAT KEEP CALM AND COME IN revenue fell 34.4% WoW to £1,356.79 TW",34.4%,-34.4,percent,False,none,down,45,Supported_cell,"cell(DOORMAT KEEP CALM AND COME IN, WoW_Pct)=-34.4"
medium_product_2011-W42__S3__mock__r1,medium_product_2011-W42,medium,product,S3,mock,1,3,"- DOORMAT KEEP CALM AND COME IN revenue fell 34.4% WoW to £1,356.79 TW","£1,356.79",1356.79,currency,False,none,none,58,Supported_cell,"cell(DOORMAT KEEP CALM AND COME IN, Revenue_TW)=1356.79"
medium_product_2011-W42__S3__mock__r1,medium_product_2011-W42,medium,product,S3,mock,1,4,- LANDMARK FRAME COVENT GARDEN sold 340 units TW versus 0 units LW,340,340.0,count,False,none,none,36,Supported_cell,"cell(LANDMARK FRAME COVENT GARDEN, Units_TW)=340"
medium_product_2011-W42__S3__mock__r1,medium_product_2011-W42,medium,product,S3,mock,1,4,- LANDMARK FRAME COVENT GARDEN sold 340 units TW versus 0 units LW,0,0.0,count,False,none,none,56,Supported_cell,"cell(LANDMARK FRAME COVENT GARDEN, Units_LW)=0"
medium_product_2011-W42__S3__mock__r1,medium_product_2011-W42,medium,product,S3,mock,1,5,- HOT WATER BOTTLE KEEP CALM had the most orders with 7 orders TW versus 38 LW,7,7.0,count,False,none,none,54,Supported_cell,"cell(LANDMARK FRAME BAKER STREET, Orders_TW)=7"
medium_product_2011-W42__S3__mock__r1,medium_product_2011-W42,medium,product,S3,mock,1,5,- HOT WATER BOTTLE KEEP CALM had the most orders with 7 orders TW versus 38 LW,38,38.0,plain,False,none,none,73,Supported_cell,"cell(HOT WATER BOTTLE KEEP CALM, Orders_LW)=38"
medium_product_2011-W42__S3__mock__r1,medium_product_2011-W42,medium,product,S3,mock,1,6,"- Total revenue across the products shown was £58.3k TW, up 150.8% WoW",£58.3k,58300.0,currency,False,none,none,46,Supported_derived,sum(Revenue_TW)=58323.3
medium_product_2011-W42__S3__mock__r1,medium_product_2011-W42,medium,product,S3,mock,1,6,"- Total revenue across the products shown was £58.3k TW, up 150.8% WoW",150.8%,150.8,percent,False,none,up,60,Supported_derived,"pct_change(sum(Revenue_TW), sum(Revenue_LW))=150.802"
medium_product_2011-W42__S3__mock__r2,medium_product_2011-W42,medium,product,S3,mock,2,0,"- LANDMARK FRAME COVENT GARDEN led revenue with £3.6k TW, a 6.5% share of the 33 products shown",£3.6k,3600.0,currency,False,none,none,48,Supported_derived,mean(family[LANDMARK FRAME].Revenue_TW)=3609.03
medium_product_2011-W42__S3__mock__r2,medium_product_2011-W42,medium,product,S3,mock,2,0,"- LANDMARK FRAME COVENT GARDEN led revenue with £3.6k TW, a 6.5% share of the 33 products shown",6.5%,6.5,percent,False,none,none,60,Supported_cell,"cell(LANDMARK FRAME COVENT GARDEN, Share_Pct)=6.5"
medium_product_2011-W42__S3__mock__r2,medium_product_2011-W42,medium,product,S3,mock,2,0,"- LANDMARK FRAME COVENT GARDEN led revenue with £3.6k TW, a 6.5% share of the 33 products shown",33,33.0,plain,False,none,none,78,Skipped,counting
medium_product_2011-W42__S3__mock__r2,medium_product_2011-W42,medium,product,S3,mock,2,1,"- LANDMARK FRAME OXFORD STREET ranked 2nd with £3,753.90 TW",2nd,2.0,count,True,none,none,38,Supported_cell,"cell(LANDMARK FRAME OXFORD STREET, Rank)=2"
medium_product_2011-W42__S3__mock__r2,medium_product_2011-W42,medium,product,S3,mock,2,1,"- LANDMARK FRAME OXFORD STREET ranked 2nd with £3,753.90 TW","£3,753.90",3753.9,currency,False,none,none,47,Supported_cell,"cell(LANDMARK FRAME OXFORD STREET, Revenue_TW)=3753.9"
medium_product_2011-W42__S3__mock__r2,medium_product_2011-W42,medium,product,S3,mock,2,2,"- GINGHAM HEART DECORATION posted the largest WoW gain, up 2054.1% to £1,565.58 TW",2054.1%,2054.1,percent,False,none,up,59,Supported_cell,"cell(GINGHAM HEART DECORATION, WoW_Pct)=2054.1"
medium_product_2011-W42__S3__mock__r2,medium_product_2011-W42,medium,product,S3,mock,2,2,"- GINGHAM HEART DECORATION posted the largest WoW gain, up 2054.1% to £1,565.58 TW","£1,565.58",1565.58,currency,False,none,none,70,Supported_cell,"cell(GINGHAM HEART DECORATION, Revenue_TW)=1565.58"
medium_product_2011-W42__S3__mock__r2,medium_product_2011-W42,medium,product,S3,mock,2,3,"- DOORMAT KEEP CALM AND COME IN revenue fell 34.4% WoW to £1,356.79 TW",34.4%,-34.4,percent,False,none,down,45,Supported_cell,"cell(DOORMAT KEEP CALM AND COME IN, WoW_Pct)=-34.4"
medium_product_2011-W42__S3__mock__r2,medium_product_2011-W42,medium,product,S3,mock,2,3,"- DOORMAT KEEP CALM AND COME IN revenue fell 34.4% WoW to £1,356.79 TW","£1,356.79",1356.79,currency,False,none,none,58,Supported_cell,"cell(DOORMAT KEEP CALM AND COME IN, Revenue_TW)=1356.79"
medium_product_2011-W42__S3__mock__r2,medium_product_2011-W42,medium,product,S3,mock,2,4,- LANDMARK FRAME COVENT GARDEN sold 340 units TW versus 0 units LW,340,340.0,count,False,none,none,36,Supported_cell,"cell(LANDMARK FRAME COVENT GARDEN, Units_TW)=340"
medium_product_2011-W42__S3__mock__r2,medium_product_2011-W42,medium,product,S3,mock,2,4,- LANDMARK FRAME COVENT GARDEN sold 340 units TW versus 0 units LW,0,0.0,count,False,none,none,56,Supported_cell,"cell(LANDMARK FRAME COVENT GARDEN, Units_LW)=0"
medium_product_2011-W42__S3__mock__r2,medium_product_2011-W42,medium,product,S3,mock,2,5,- HOT WATER BOTTLE KEEP CALM had the most orders with 50 orders TW versus 38 LW,50,50.0,count,False,none,none,54,Supported_cell,"cell(HOT WATER BOTTLE KEEP CALM, Orders_TW)=50"
medium_product_2011-W42__S3__mock__r2,medium_product_2011-W42,medium,product,S3,mock,2,5,- HOT WATER BOTTLE KEEP CALM had the most orders with 50 orders TW versus 38 LW,38,38.0,plain,False,none,none,74,Supported_cell,"cell(HOT WATER BOTTLE KEEP CALM, Orders_LW)=38"
medium_product_2011-W42__S3__mock__r2,medium_product_2011-W42,medium,product,S3,mock,2,6,"- Total revenue across the products shown was £58.3k TW, up 150.8% WoW",£58.3k,58300.0,currency,False,none,none,46,Supported_derived,sum(Revenue_TW)=58323.3
medium_product_2011-W42__S3__mock__r2,medium_product_2011-W42,medium,product,S3,mock,2,6,"- Total revenue across the products shown was £58.3k TW, up 150.8% WoW",150.8%,150.8,percent,False,none,up,60,Supported_derived,"pct_change(sum(Revenue_TW), sum(Revenue_LW))=150.802"
medium_product_2011-W42__S4__mock__r1,medium_product_2011-W42,medium,product,S4,mock,1,0,"- Total: revenue £58,323.33 TW, revenue £23,254.70 LW, revenue change +150.8% WoW, revenue change +180.6% YoY","£58,323.33",58323.33,currency,False,none,none,17,Supported_derived,sum(Revenue_TW)=58323.3
medium_product_2011-W42__S4__mock__r1,medium_product_2011-W42,medium,product,S4,mock,1,0,"- Total: revenue £58,323.33 TW, revenue £23,254.70 LW, revenue change +150.8% WoW, revenue change +180.6% YoY","£23,254.70",23254.7,currency,False,none,none,40,Supported_derived,sum(Revenue_LW)=23254.7
medium_product_2011-W42__S4__mock__r1,medium_product_2011-W42,medium,product,S4,mock,1,0,"- Total: revenue £58,323.33 TW, revenue £23,254.70 LW, revenue change +150.8% WoW, revenue change +180.6% YoY",+150.8%,150.8,percent,False,none,none,70,Supported_derived,"pct_change(sum(Revenue_TW), sum(Revenue_LW))=150.802"
medium_product_2011-W42__S4__mock__r1,medium_product_2011-W42,medium,product,S4,mock,1,0,"- Total: revenue £58,323.33 TW, revenue £23,254.70 LW, revenue change +150.8% WoW, revenue change +180.6% YoY",+180.6%,180.6,percent,False,none,none,98,Supported_derived,"pct_change(sum(Revenue_TW), sum(Revenue_LY))=180.579"
medium_product_2011-W42__S4__mock__r1,medium_product_2011-W42,medium,product,S4,mock,1,1,"- LANDMARK FRAME COVENT GARDEN: rank 1, revenue £3,766.40 TW, share 6.5% TW",1,1.0,count,True,none,none,37,Supported_cell,"cell(LANDMARK FRAME COVENT GARDEN, Rank)=1"
medium_product_2011-W42__S4__mock__r1,medium_product_2011-W42,medium,product,S4,mock,1,1,"- LANDMARK FRAME COVENT GARDEN: rank 1, revenue £3,766.40 TW, share 6.5% TW","£3,766.40",3766.4,currency,False,none,none,48,Supported_cell,"cell(LANDMARK FRAME COVENT GARDEN, Revenue_TW)=3766.4"
medium_product_2011-W42__S4__mock__r1,medium_product_2011-W42,medium,product,S4,mock,1,1,"- LANDMARK FRAME COVENT GARDEN: rank 1, revenue £3,766.40 TW, share 6.5% TW",6.5%,6.5,percent,False,none,none,68,Supported_cell,"cell(LANDMARK FRAME COVENT GARDEN, Share_Pct)=6.5"
medium_product_2011-W42__S4__mock__r1,medium_product_2011-W42,medium,product,S4,mock,1,2,"- LANDMARK FRAME OXFORD STREET: rank 2, revenue £3,753.90 TW, share 6.4% TW",2,2.0,count,True,none,none,37,Supported_cell,"cell(LANDMARK FRAME OXFORD STREET, Rank)=2"
medium_product_2011-W42__S4__mock__r1,medium_product_2011-W42,medium,product,S4,mock,1,2,"- LANDMARK FRAME OXFORD STREET: rank 2, revenue £3,753.90 TW, share 6.4% TW","£3,753.90",3753.9,currency,False,none,none,48,Supported_cell,"cell(LANDMARK FRAME OXFORD STREET, Revenue_TW)=3753.9"
medium_product_2011-W42__S4__mock__r1,medium_product_2011-W42,medium,product,S4,mock,1,2,"- LANDMARK FRAME OXFORD STREET: rank 2, revenue £3,753.90 TW, share 6.4% TW",6.4%,6.4,percent,False,none,none,68,Supported_cell,"cell(LANDMARK FRAME OXFORD STREET, Share_Pct)=6.4"
medium_product_2011-W42__S4__mock__r1,medium_product_2011-W42,medium,product,S4,mock,1,3,"- LANDMARK FRAME NOTTING HILL: rank 3, revenue £3,660.00 TW, share 6.3% TW",3,3.0,count,True,none,none,36,Supported_cell,"cell(LANDMARK FRAME NOTTING HILL, Rank)=3"
medium_product_2011-W42__S4__mock__r1,medium_product_2011-W42,medium,product,S4,mock,1,3,"- LANDMARK FRAME NOTTING HILL: rank 3, revenue £3,660.00 TW, share 6.3% TW","£3,660.00",3660.0,currency,False,none,none,47,Supported_cell,"cell(LANDMARK FRAME NOTTING HILL, Revenue_TW)=3660"
medium_product_2011-W42__S4__mock__r1,medium_product_2011-W42,medium,product,S4,mock,1,3,"- LANDMARK FRAME NOTTING HILL: rank 3, revenue £3,660.00 TW, share 6.3% TW",6.3%,6.3,percent,False,none,none,67,Supported_cell,"cell(LANDMARK FRAME NOTTING HILL, Share_Pct)=6.3"
medium_product_2011-W42__S4__mock__r1,medium_product_2011-W42,medium,product,S4,mock,1,4,"- GINGHAM HEART DECORATION (largest WoW increase): revenue change +2054.1% WoW, revenue £1,565.58 TW versus £72.68 LW",+2054.1%,2054.1,percent,False,none,none,66,Supported_cell,"cell(GINGHAM HEART DECORATION, WoW_Pct)=2054.1"
medium_product_2011-W42__S4__mock__r1,medium_product_2011-W42,medium,product,S4,mock,1,4,"- GINGHAM HEART DECORATION (largest WoW increase): revenue change +2054.1% WoW, revenue £1,565.58 TW versus £72.68 LW","£1,565.58",1565.58,currency,False,none,none,88,Supported_cell,"cell(GINGHAM HEART DECORATION, Revenue_TW)=1565.58"
medium_product_2011-W42__S4__mock__r1,medium_product_2011-W42,medium,product,S4,mock,1,4,"- GINGHAM HEART DECORATION (largest WoW increase): revenue change +2054.1% WoW, revenue £1,565.58 TW versus £72.68 LW",£72.68,72.68,currency,False,none,none,108,Supported_cell,"cell(GINGHAM HEART DECORATION, Revenue_LW)=72.68"
medium_product_2011-W42__S4__mock__r1,medium_product_2011-W42,medium,product,S4,mock,1,5,"- DOORMAT KEEP CALM AND COME IN (largest WoW decrease): revenue change -34.4% WoW, revenue £1,356.79 TW versus £2,068.84 LW",-34.4%,-34.4,percent,False,none,none,71,Supported_cell,"cell(DOORMAT KEEP CALM AND COME IN, WoW_Pct)=-34.4"
medium_product_2011-W42__S4__mock__r1,medium_product_2011-W42,medium,product,S4,mock,1,5,"- DOORMAT KEEP CALM AND COME IN (largest WoW decrease): revenue change -34.4% WoW, revenue £1,356.79 TW versus £2,068.84 LW","£1,356.79",1356.79,currency,False,none,none,91,Supported_cell,"cell(DOORMAT KEEP CALM AND COME IN, Revenue_TW)=1356.79"
medium_product_2011-W42__S4__mock__r1,medium_product_2011-W42,medium,product,S4,mock,1,5,"- DOORMAT KEEP CALM AND COME IN (largest WoW decrease): revenue change -34.4% WoW, revenue £1,356.79 TW versus £2,068.84 LW","£2,068.84",2068.84,currency,False,none,none,111,Supported_cell,"cell(DOORMAT KEEP CALM AND COME IN, Revenue_LW)=2068.84"
medium_product_2011-W42__S4__mock__r1,medium_product_2011-W42,medium,product,S4,mock,1,6,"- RED  HARMONICA IN BOX (largest YoY increase): revenue change +26576.5% YoY, revenue £3.75 LY",+26576.5%,26576.5,percent,False,none,none,63,Supported_cell,"cell(RED  HARMONICA IN BOX, YoY_Pct)=26576.5"
medium_product_2011-W42__S4__mock__r1,medium_product_2011-W42,medium,product,S4,mock,1,6,"- RED  HARMONICA IN BOX (largest YoY increase): revenue change +26576.5% YoY, revenue £3.75 LY",£3.75,3.75,currency,False,none,none,86,Supported_cell,"cell(RED  HARMONICA IN BOX, Revenue_LY)=3.75"
medium_product_2011-W42__S4__mock__r1,medium_product_2011-W42,medium,product,S4,mock,1,7,"- CHRISTMAS LIGHTS 10 VINTAGE BAUBLES (largest YoY decrease): revenue change -54.3% YoY, revenue £1,960.94 LY",10,10.0,plain,False,none,none,19,Skipped,entity_name
medium_product_2011-W42__S4__mock__r1,medium_product_2011-W42,medium,product,S4,mock,1,7,"- CHRISTMAS LIGHTS 10 VINTAGE BAUBLES (largest YoY decrease): revenue change -54.3% YoY, revenue £1,960.94 LY",-54.3%,-54.3,percent,False,none,none,77,Supported_cell,"cell(CHRISTMAS LIGHTS 10 VINTAGE BAUBLES, YoY_Pct)=-54.3"
medium_product_2011-W42__S4__mock__r1,medium_product_2011-W42,medium,product,S4,mock,1,7,"- CHRISTMAS LIGHTS 10 VINTAGE BAUBLES (largest YoY decrease): revenue change -54.3% YoY, revenue £1,960.94 LY","£1,960.94",1960.94,currency,False,none,none,97,Supported_cell,"cell(CHRISTMAS LIGHTS 10 VINTAGE BAUBLES, Revenue_LY)=1960.94"
medium_product_2011-W42__S4__mock__r2,medium_product_2011-W42,medium,product,S4,mock,2,0,"- Total: revenue £58,323.33 TW, revenue £23,254.70 LW, revenue change +150.8% WoW, revenue change +180.6% YoY","£58,323.33",58323.33,currency,False,none,none,17,Supported_derived,sum(Revenue_TW)=58323.3
medium_product_2011-W42__S4__mock__r2,medium_product_2011-W42,medium,product,S4,mock,2,0,"- Total: revenue £58,323.33 TW, revenue £23,254.70 LW, revenue change +150.8% WoW, revenue change +180.6% YoY","£23,254.70",23254.7,currency,False,none,none,40,Supported_derived,sum(Revenue_LW)=23254.7
medium_product_2011-W42__S4__mock__r2,medium_product_2011-W42,medium,product,S4,mock,2,0,"- Total: revenue £58,323.33 TW, revenue £23,254.70 LW, revenue change +150.8% WoW, revenue change +180.6% YoY",+150.8%,150.8,percent,False,none,none,70,Supported_derived,"pct_change(sum(Revenue_TW), sum(Revenue_LW))=150.802"
medium_product_2011-W42__S4__mock__r2,medium_product_2011-W42,medium,product,S4,mock,2,0,"- Total: revenue £58,323.33 TW, revenue £23,254.70 LW, revenue change +150.8% WoW, revenue change +180.6% YoY",+180.6%,180.6,percent,False,none,none,98,Supported_derived,"pct_change(sum(Revenue_TW), sum(Revenue_LY))=180.579"
medium_product_2011-W42__S4__mock__r2,medium_product_2011-W42,medium,product,S4,mock,2,1,"- LANDMARK FRAME COVENT GARDEN: rank 1, revenue £3,766.40 TW, share 6.5% TW",1,1.0,count,True,none,none,37,Supported_cell,"cell(LANDMARK FRAME COVENT GARDEN, Rank)=1"
medium_product_2011-W42__S4__mock__r2,medium_product_2011-W42,medium,product,S4,mock,2,1,"- LANDMARK FRAME COVENT GARDEN: rank 1, revenue £3,766.40 TW, share 6.5% TW","£3,766.40",3766.4,currency,False,none,none,48,Supported_cell,"cell(LANDMARK FRAME COVENT GARDEN, Revenue_TW)=3766.4"
medium_product_2011-W42__S4__mock__r2,medium_product_2011-W42,medium,product,S4,mock,2,1,"- LANDMARK FRAME COVENT GARDEN: rank 1, revenue £3,766.40 TW, share 6.5% TW",6.5%,6.5,percent,False,none,none,68,Supported_cell,"cell(LANDMARK FRAME COVENT GARDEN, Share_Pct)=6.5"
medium_product_2011-W42__S4__mock__r2,medium_product_2011-W42,medium,product,S4,mock,2,2,"- LANDMARK FRAME OXFORD STREET: rank 2, revenue £3,753.90 TW, share 6.4% TW",2,2.0,count,True,none,none,37,Supported_cell,"cell(LANDMARK FRAME OXFORD STREET, Rank)=2"
medium_product_2011-W42__S4__mock__r2,medium_product_2011-W42,medium,product,S4,mock,2,2,"- LANDMARK FRAME OXFORD STREET: rank 2, revenue £3,753.90 TW, share 6.4% TW","£3,753.90",3753.9,currency,False,none,none,48,Supported_cell,"cell(LANDMARK FRAME OXFORD STREET, Revenue_TW)=3753.9"
medium_product_2011-W42__S4__mock__r2,medium_product_2011-W42,medium,product,S4,mock,2,2,"- LANDMARK FRAME OXFORD STREET: rank 2, revenue £3,753.90 TW, share 6.4% TW",6.4%,6.4,percent,False,none,none,68,Supported_cell,"cell(LANDMARK FRAME OXFORD STREET, Share_Pct)=6.4"
medium_product_2011-W42__S4__mock__r2,medium_product_2011-W42,medium,product,S4,mock,2,3,"- LANDMARK FRAME NOTTING HILL: rank 3, revenue £3,660.00 TW, share 6.3% TW",3,3.0,count,True,none,none,36,Supported_cell,"cell(LANDMARK FRAME NOTTING HILL, Rank)=3"
medium_product_2011-W42__S4__mock__r2,medium_product_2011-W42,medium,product,S4,mock,2,3,"- LANDMARK FRAME NOTTING HILL: rank 3, revenue £3,660.00 TW, share 6.3% TW","£3,660.00",3660.0,currency,False,none,none,47,Supported_cell,"cell(LANDMARK FRAME NOTTING HILL, Revenue_TW)=3660"
medium_product_2011-W42__S4__mock__r2,medium_product_2011-W42,medium,product,S4,mock,2,3,"- LANDMARK FRAME NOTTING HILL: rank 3, revenue £3,660.00 TW, share 6.3% TW",6.3%,6.3,percent,False,none,none,67,Supported_cell,"cell(LANDMARK FRAME NOTTING HILL, Share_Pct)=6.3"
medium_product_2011-W42__S4__mock__r2,medium_product_2011-W42,medium,product,S4,mock,2,4,"- GINGHAM HEART DECORATION (largest WoW increase): revenue change +2054.1% WoW, revenue £1,565.58 TW versus £72.68 LW",+2054.1%,2054.1,percent,False,none,none,66,Supported_cell,"cell(GINGHAM HEART DECORATION, WoW_Pct)=2054.1"
medium_product_2011-W42__S4__mock__r2,medium_product_2011-W42,medium,product,S4,mock,2,4,"- GINGHAM HEART DECORATION (largest WoW increase): revenue change +2054.1% WoW, revenue £1,565.58 TW versus £72.68 LW","£1,565.58",1565.58,currency,False,none,none,88,Supported_cell,"cell(GINGHAM HEART DECORATION, Revenue_TW)=1565.58"
medium_product_2011-W42__S4__mock__r2,medium_product_2011-W42,medium,product,S4,mock,2,4,"- GINGHAM HEART DECORATION (largest WoW increase): revenue change +2054.1% WoW, revenue £1,565.58 TW versus £72.68 LW",£72.68,72.68,currency,False,none,none,108,Supported_cell,"cell(GINGHAM HEART DECORATION, Revenue_LW)=72.68"
medium_product_2011-W42__S4__mock__r2,medium_product_2011-W42,medium,product,S4,mock,2,5,"- DOORMAT KEEP CALM AND COME IN (largest WoW decrease): revenue change -34.4% WoW, revenue £1,356.79 TW versus £2,068.84 LW",-34.4%,-34.4,percent,False,none,none,71,Supported_cell,"cell(DOORMAT KEEP CALM AND COME IN, WoW_Pct)=-34.4"
medium_product_2011-W42__S4__mock__r2,medium_product_2011-W42,medium,product,S4,mock,2,5,"- DOORMAT KEEP CALM AND COME IN (largest WoW decrease): revenue change -34.4% WoW, revenue £1,356.79 TW versus £2,068.84 LW","£1,356.79",1356.79,currency,False,none,none,91,Supported_cell,"cell(DOORMAT KEEP CALM AND COME IN, Revenue_TW)=1356.79"
medium_product_2011-W42__S4__mock__r2,medium_product_2011-W42,medium,product,S4,mock,2,5,"- DOORMAT KEEP CALM AND COME IN (largest WoW decrease): revenue change -34.4% WoW, revenue £1,356.79 TW versus £2,068.84 LW","£2,068.84",2068.84,currency,False,none,none,111,Supported_cell,"cell(DOORMAT KEEP CALM AND COME IN, Revenue_LW)=2068.84"
medium_product_2011-W42__S4__mock__r2,medium_product_2011-W42,medium,product,S4,mock,2,6,"- RED  HARMONICA IN BOX (largest YoY increase): revenue change +26576.5% YoY, revenue £3.75 LY",+26576.5%,26576.5,percent,False,none,none,63,Supported_cell,"cell(RED  HARMONICA IN BOX, YoY_Pct)=26576.5"
medium_product_2011-W42__S4__mock__r2,medium_product_2011-W42,medium,product,S4,mock,2,6,"- RED  HARMONICA IN BOX (largest YoY increase): revenue change +26576.5% YoY, revenue £3.75 LY",£3.75,3.75,currency,False,none,none,86,Supported_cell,"cell(RED  HARMONICA IN BOX, Revenue_LY)=3.75"
medium_product_2011-W42__S4__mock__r2,medium_product_2011-W42,medium,product,S4,mock,2,7,"- CHRISTMAS LIGHTS 10 VINTAGE BAUBLES (largest YoY decrease): revenue change -54.3% YoY, revenue £1,960.94 LY",10,10.0,plain,False,none,none,19,Skipped,entity_name
medium_product_2011-W42__S4__mock__r2,medium_product_2011-W42,medium,product,S4,mock,2,7,"- CHRISTMAS LIGHTS 10 VINTAGE BAUBLES (largest YoY decrease): revenue change -54.3% YoY, revenue £1,960.94 LY",-54.3%,-54.3,percent,False,none,none,77,Supported_cell,"cell(CHRISTMAS LIGHTS 10 VINTAGE BAUBLES, YoY_Pct)=-54.3"
medium_product_2011-W42__S4__mock__r2,medium_product_2011-W42,medium,product,S4,mock,2,7,"- CHRISTMAS LIGHTS 10 VINTAGE BAUBLES (largest YoY decrease): revenue change -54.3% YoY, revenue £1,960.94 LY","£1,960.94",1960.94,currency,False,none,none,97,Supported_cell,"cell(CHRISTMAS LIGHTS 10 VINTAGE BAUBLES, Revenue_LY)=1960.94"
small_country_2010-W18__S1__mock__r1,small_country_2010-W18,small,country,S1,mock,1,0,"- United Kingdom led revenue with £117.3k TW, a 74.4% share of the 6 countries shown",£117.3k,117300.0,currency,False,none,none,34,Supported_cell,"cell(United Kingdom, Revenue_TW)=117274"
small_country_2010-W18__S1__mock__r1,small_country_2010-W18,small,country,S1,mock,1,0,"- United Kingdom led revenue with £117.3k TW, a 74.4% share of the 6 countries shown",74.4%,74.4,percent,False,none,none,48,Supported_cell,"cell(United Kingdom, Share_Pct)=74.4"
small_country_2010-W18__S1__mock__r1,small_country_2010-W18,small,country,S1,mock,1,0,"- United Kingdom led revenue with £117.3k TW, a 74.4% share of the 6 countries shown",6,6.0,plain,False,none,none,67,Skipped,counting
small_country_2010-W18__S1__mock__r1,small_country_2010-W18,small,country,S1,mock,1,1,"- United Kingdom revenue was down 30.4% WoW from £168,403.05 LW",30.4%,-30.4,percent,False,none,down,34,Supported_cell,"cell(United Kingdom, WoW_Pct)=-30.4"
small_country_2010-W18__S1__mock__r1,small_country_2010-W18,small,country,S1,mock,1,1,"- United Kingdom revenue was down 30.4% WoW from £168,403.05 LW","£168,403.05",168403.05,currency,False,none,none,49,Supported_cell,"cell(United Kingdom, Revenue_LW)=168403"
small_country_2010-W18__S1__mock__r1,small_country_2010-W18,small,country,S1,mock,1,2,"- Netherlands ranked 2nd with £18,002.00 TW",2nd,2.0,count,True,none,none,21,Supported_cell,"cell(Netherlands, Rank)=2"
small_country_2010-W18__S1__mock__r1,small_country_2010-W18,small,country,S1,mock,1,2,"- Netherlands ranked 2nd with £18,002.00 TW","£18,002.00",18002.0,currency,False,none,none,30,Supported_cell,"cell(Netherlands, Revenue_TW)=18002"
small_country_2010-W18__S1__mock__r1,small_country_2010-W18,small,country,S1,mock,1,3,"- Netherlands posted the largest WoW gain, up 1414.9% to £18,002.00 TW",1414.9%,1414.9,percent,False,none,up,46,Supported_cell,"cell(Netherlands, WoW_Pct)=1414.9"
small_country_2010-W18__S1__mock__r1,small_country_2010-W18,small,country,S1,mock,1,3,"- Netherlands posted the largest WoW gain, up 1414.9% to £18,002.00 TW","£18,002.00",18002.0,currency,False,none,none,57,Supported_cell,"cell(Netherlands, Revenue_TW)=18002"
small_country_2010-W18__S1__mock__r1,small_country_2010-W18,small,country,S1,mock,1,4,"- United Kingdom sold 66,459 units TW versus 93,805 units LW","66,459",66459.0,count,False,none,none,22,Supported_cell,"cell(United Kingdom, Units_TW)=66459"
small_country_2010-W18__S1__mock__r1,small_country_2010-W18,small,country,S1,mock,1,4,"- United Kingdom sold 66,459 units TW versus 93,805 units LW","93,805",93805.0,count,False,none,none,45,Supported_cell,"cell(United Kingdom, Units_LW)=93805"
small_country_2010-W18__S1__mock__r1,small_country_2010-W18,small,country,S1,mock,1,5,- United Kingdom had the most orders with 7 orders TW versus 397 LW,7,7.0,count,False,none,none,42,Supported_cell,"cell(EIRE, Orders_TW)=7"
small_country_2010-W18__S1__mock__r1,small_country_2010-W18,small,country,S1,mock,1,5,- United Kingdom had the most orders with 7 orders TW versus 397 LW,397,397.0,plain,False,none,none,61,Supported_cell,"cell(United Kingdom, Orders_LW)=397"
small_country_2010-W18__S1__mock__r1,small_country_2010-W18,small,country,S1,mock,1,6,"- Total revenue across the countries shown was £157.7k TW, down 11.9% WoW",£157.7k,157700.0,currency,False,none,none,47,Supported_derived,sum(Revenue_TW)=157731
small_country_2010-W18__S1__mock__r1,small_country_2010-W18,small,country,S1,mock,1,6,"- Total revenue across the countries shown was £157.7k TW, down 11.9% WoW",11.9%,-11.9,percent,False,none,down,64,Supported_derived,"pct_change(sum(Revenue_TW), sum(Revenue_LW))=-11.9024"
small_country_2010-W18__S1__mock__r2,small_country_2010-W18,small,country,S1,mock,2,0,"- United Kingdom led revenue with £117.3k TW, a 70.7% share of the 6 countries shown",£117.3k,117300.0,currency,False,none,none,34,Supported_cell,"cell(United Kingdom, Revenue_TW)=117274"
small_country_2010-W18__S1__mock__r2,small_country_2010-W18,small,country,S1,mock,2,0,"- United Kingdom led revenue with £117.3k TW, a 70.7% share of the 6 countries shown",70.7%,70.7,percent,False,none,none,48,Unsupported,
small_country_2010-W18__S1__mock__r2,small_country_2010-W18,small,country,S1,mock,2,0,"- United Kingdom led revenue with £117.3k TW, a 70.7% share of the 6 countries shown",6,6.0,plain,False,none,none,67,Skipped,counting
small_country_2010-W18__S1__mock__r2,small_country_2010-W18,small,country,S1,mock,2,1,"- United Kingdom revenue was down 30.4% WoW from £168,403.05 LW",30.4%,-30.4,percent,False,none,down,34,Supported_cell,"cell(United Kingdom, WoW_Pct)=-30.4"
small_country_2010-W18__S1__mock__r2,small_country_2010-W18,small,country,S1,mock,2,1,"- United Kingdom revenue was down 30.4% WoW from £168,403.05 LW","£168,403.05",168403.05,currency,False,none,none,49,Supported_cell,"cell(United Kingdom, Revenue_LW)=168403"
small_country_2010-W18__S1__mock__r2,small_country_2010-W18,small,country,S1,mock,2,2,"- Netherlands ranked 2nd with £9,014.91 TW",2nd,2.0,count,True,none,none,21,Supported_cell,"cell(Netherlands, Rank)=2"
small_country_2010-W18__S1__mock__r2,small_country_2010-W18,small,country,S1,mock,2,2,"- Netherlands ranked 2nd with £9,014.91 TW","£9,014.91",9014.91,currency,False,none,none,30,Supported_cell,"cell(France, Revenue_TW)=9014.91"
small_country_2010-W18__S1__mock__r2,small_country_2010-W18,small,country,S1,mock,2,3,"- Netherlands posted the largest WoW gain, up 1414.9% to £18,002.00 TW",1414.9%,1414.9,percent,False,none,up,46,Supported_cell,"cell(Netherlands, WoW_Pct)=1414.9"
small_country_2010-W18__S1__mock__r2,small_country_2010-W18,small,country,S1,mock,2,3,"- Netherlands posted the largest WoW gain, up 1414.9% to £18,002.00 TW","£18,002.00",18002.0,currency,False,none,none,57,Supported_cell,"cell(Netherlands, Revenue_TW)=18002"
small_country_2010-W18__S1__mock__r2,small_country_2010-W18,small,country,S1,mock,2,4,"- United Kingdom sold 66,459 units TW versus 93,805 units LW","66,459",66459.0,count,False,none,none,22,Supported_cell,"cell(United Kingdom, Units_TW)=66459"
small_country_2010-W18__S1__mock__r2,small_country_2010-W18,small,country,S1,mock,2,4,"- United Kingdom sold 66,459 units TW versus 93,805 units LW","93,805",93805.0,count,False,none,none,45,Supported_cell,"cell(United Kingdom, Units_LW)=93805"
small_country_2010-W18__S1__mock__r2,small_country_2010-W18,small,country,S1,mock,2,5,- United Kingdom had the most orders with 314 orders TW versus 397 LW,314,314.0,count,False,none,none,42,Supported_cell,"cell(United Kingdom, Orders_TW)=314"
small_country_2010-W18__S1__mock__r2,small_country_2010-W18,small,country,S1,mock,2,5,- United Kingdom had the most orders with 314 orders TW versus 397 LW,397,397.0,plain,False,none,none,63,Supported_cell,"cell(United Kingdom, Orders_LW)=397"
small_country_2010-W18__S1__mock__r2,small_country_2010-W18,small,country,S1,mock,2,6,"- Total revenue across the countries shown was £157.7k TW, down 11.9% WoW",£157.7k,157700.0,currency,False,none,none,47,Supported_derived,sum(Revenue_TW)=157731
small_country_2010-W18__S1__mock__r2,small_country_2010-W18,small,country,S1,mock,2,6,"- Total revenue across the countries shown was £157.7k TW, down 11.9% WoW",11.9%,-11.9,percent,False,none,down,64,Supported_derived,"pct_change(sum(Revenue_TW), sum(Revenue_LW))=-11.9024"
small_country_2010-W18__S2__mock__r1,small_country_2010-W18,small,country,S2,mock,1,0,"- Total revenue was £157,731.41 TW","£157,731.41",157731.41,currency,False,none,none,20,Supported_derived,sum(Revenue_TW)=157731
small_country_2010-W18__S2__mock__r1,small_country_2010-W18,small,country,S2,mock,1,1,- Total revenue was down 11.9% WoW,11.9%,-11.9,percent,False,none,down,25,Supported_derived,"pct_change(sum(Revenue_TW), sum(Revenue_LW))=-11.9024"
small_country_2010-W18__S2__mock__r1,small_country_2010-W18,small,country,S2,mock,1,2,"- United Kingdom revenue was £117,273.84 TW","£117,273.84",117273.84,currency,False,none,none,29,Supported_cell,"cell(United Kingdom, Revenue_TW)=117274"
small_country_2010-W18__S2__mock__r1,small_country_2010-W18,small,country,S2,mock,1,3,- United Kingdom held a 74.4% share of revenue TW,74.4%,74.4,percent,False,none,none,24,Supported_cell,"cell(United Kingdom, Share_Pct)=74.4"
small_country_2010-W18__S2__mock__r1,small_country_2010-W18,small,country,S2,mock,1,4,- United Kingdom revenue was down 30.4% WoW,30.4%,-30.4,percent,False,none,down,34,Supported_cell,"cell(United Kingdom, WoW_Pct)=-30.4"
small_country_2010-W18__S2__mock__r1,small_country_2010-W18,small,country,S2,mock,1,5,"- Netherlands revenue was £18,002.00 TW","£18,002.00",18002.0,currency,False,none,none,26,Supported_cell,"cell(Netherlands, Revenue_TW)=18002"
small_country_2010-W18__S2__mock__r1,small_country_2010-W18,small,country,S2,mock,1,6,- Netherlands held a 10.5% share of revenue TW,10.5%,10.5,percent,False,none,none,21,Unsupported,
small_country_2010-W18__S2__mock__r1,small_country_2010-W18,small,country,S2,mock,1,7,- Netherlands revenue was up 1414.9% WoW,1414.9%,1414.9,percent,False,none,up,29,Supported_cell,"cell(Netherlands, WoW_Pct)=1414.9"
small_country_2010-W18__S2__mock__r2,small_country_2010-W18,small,country,S2,mock,2,0,"- Total revenue was £157,731.41 TW","£157,731.41",157731.41,currency,False,none,none,20,Supported_derived,sum(Revenue_TW)=157731
small_country_2010-W18__S2__mock__r2,small_country_2010-W18,small,country,S2,mock,2,1,- Total revenue was down 11.9% WoW,11.9%,-11.9,percent,False,none,down,25,Supported_derived,"pct_change(sum(Revenue_TW), sum(Revenue_LW))=-11.9024"
small_country_2010-W18__S2__mock__r2,small_country_2010-W18,small,country,S2,mock,2,2,"- United Kingdom revenue was £117,273.84 TW","£117,273.84",117273.84,currency,False,none,none,29,Supported_cell,"cell(United Kingdom, Revenue_TW)=117274"
small_country_2010-W18__S2__mock__r2,small_country_2010-W18,small,country,S2,mock,2,3,- United Kingdom held a 74.4% share of revenue TW,74.4%,74.4,percent,False,none,none,24,Supported_cell,"cell(United Kingdom, Share_Pct)=74.4"
small_country_2010-W18__S2__mock__r2,small_country_2010-W18,small,country,S2,mock,2,4,- United Kingdom revenue was down 30.4% WoW,30.4%,-30.4,percent,False,none,down,34,Supported_cell,"cell(United Kingdom, WoW_Pct)=-30.4"
small_country_2010-W18__S2__mock__r2,small_country_2010-W18,small,country,S2,mock,2,5,"- Netherlands revenue was £18,002.00 TW","£18,002.00",18002.0,currency,False,none,none,26,Supported_cell,"cell(Netherlands, Revenue_TW)=18002"
small_country_2010-W18__S2__mock__r2,small_country_2010-W18,small,country,S2,mock,2,6,- Netherlands held a 11.4% share of revenue TW,11.4%,11.4,percent,False,none,none,21,Supported_cell,"cell(Netherlands, Share_Pct)=11.4"
small_country_2010-W18__S2__mock__r2,small_country_2010-W18,small,country,S2,mock,2,7,- Netherlands revenue was up 1414.9% WoW,1414.9%,1414.9,percent,False,none,up,29,Supported_cell,"cell(Netherlands, WoW_Pct)=1414.9"
small_country_2010-W18__S3__mock__r1,small_country_2010-W18,small,country,S3,mock,1,0,"- United Kingdom led revenue with £117.3k TW, a 74.4% share of the 6 countries shown",£117.3k,117300.0,currency,False,none,none,34,Supported_cell,"cell(United Kingdom, Revenue_TW)=117274"
small_country_2010-W18__S3__mock__r1,small_country_2010-W18,small,country,S3,mock,1,0,"- United Kingdom led revenue with £117.3k TW, a 74.4% share of the 6 countries shown",74.4%,74.4,percent,False,none,none,48,Supported_cell,"cell(United Kingdom, Share_Pct)=74.4"
small_country_2010-W18__S3__mock__r1,small_country_2010-W18,small,country,S3,mock,1,0,"- United Kingdom led revenue with £117.3k TW, a 74.4% share of the 6 countries shown",6,6.0,plain,False,none,none,67,Skipped,counting
small_country_2010-W18__S3__mock__r1,small_country_2010-W18,small,country,S3,mock,1,1,"- United Kingdom revenue was down 30.4% WoW from £168,403.05 LW",30.4%,-30.4,percent,False,none,down,34,Supported_cell,"cell(United Kingdom, WoW_Pct)=-30.4"
small_country_2010-W18__S3__mock__r1,small_country_2010-W18,small,country,S3,mock,1,1,"- United Kingdom revenue was down 30.4% WoW from £168,403.05 LW","£168,403.05",168403.05,currency,False,none,none,49,Supported_cell,"cell(United Kingdom, Revenue_LW)=168403"
small_country_2010-W18__S3__mock__r1,small_country_2010-W18,small,country,S3,mock,1,2,"- Netherlands ranked 2nd with £18,002.00 TW",2nd,2.0,count,True,none,none,21,Supported_cell,"cell(Netherlands, Rank)=2"
small_country_2010-W18__S3__mock__r1,small_country_2010-W18,small,country,S3,mock,1,2,"- Netherlands ranked 2nd with £18,002.00 TW","£18,002.00",18002.0,currency,False,none,none,30,Supported_cell,"cell(Netherlands, Revenue_TW)=18002"
small_country_2010-W18__S3__mock__r1,small_country_2010-W18,small,country,S3,mock,1,3,"- Netherlands posted the largest WoW gain, up 1414.9% to £18,002.00 TW",1414.9%,1414.9,percent,False,none,up,46,Supported_cell,"cell(Netherlands, WoW_Pct)=1414.9"
small_country_2010-W18__S3__mock__r1,small_country_2010-W18,small,country,S3,mock,1,3,"- Netherlands posted the largest WoW gain, up 1414.9% to £18,002.00 TW","£18,002.00",18002.0,currency,False,none,none,57,Supported_cell,"cell(Netherlands, Revenue_TW)=18002"
small_country_2010-W18__S3__mock__r1,small_country_2010-W18,small,country,S3,mock,1,4,"- United Kingdom sold 66,459 units TW versus 93,805 units LW","66,459",66459.0,count,False,none,none,22,Supported_cell,"cell(United Kingdom, Units_TW)=66459"
small_country_2010-W18__S3__mock__r1,small_country_2010-W18,small,country,S3,mock,1,4,"- United Kingdom sold 66,459 units TW versus 93,805 units LW","93,805",93805.0,count,False,none,none,45,Supported_cell,"cell(United Kingdom, Units_LW)=93805"
small_country_2010-W18__S3__mock__r1,small_country_2010-W18,small,country,S3,mock,1,5,- United Kingdom had the most orders with 7 orders TW versus 397 LW,7,7.0,count,False,none,none,42,Supported_cell,"cell(EIRE, Orders_TW)=7"
small_country_2010-W18__S3__mock__r1,small_country_2010-W18,small,country,S3,mock,1,5,- United Kingdom had the most orders with 7 orders TW versus 397 LW,397,397.0,plain,False,none,none,61,Supported_cell,"cell(United Kingdom, Orders_LW)=397"
small_country_2010-W18__S3__mock__r1,small_country_2010-W18,small,country,S3,mock,1,6,"- Total revenue across the countries shown was £157.7k TW, down 11.9% WoW",£157.7k,157700.0,currency,False,none,none,47,Supported_derived,sum(Revenue_TW)=157731
small_country_2010-W18__S3__mock__r1,small_country_2010-W18,small,country,S3,mock,1,6,"- Total revenue across the countries shown was £157.7k TW, down 11.9% WoW",11.9%,-11.9,percent,False,none,down,64,Supported_derived,"pct_change(sum(Revenue_TW), sum(Revenue_LW))=-11.9024"
small_country_2010-W18__S3__mock__r2,small_country_2010-W18,small,country,S3,mock,2,0,"- United Kingdom led revenue with £117.3k TW, a 70.7% share of the 6 countries shown",£117.3k,117300.0,currency,False,none,none,34,Supported_cell,"cell(United Kingdom, Revenue_TW)=117274"
small_country_2010-W18__S3__mock__r2,small_country_2010-W18,small,country,S3,mock,2,0,"- United Kingdom led revenue with £117.3k TW, a 70.7% share of the 6 countries shown",70.7%,70.7,percent,False,none,none,48,Unsupported,
small_country_2010-W18__S3__mock__r2,small_country_2010-W18,small,country,S3,mock,2,0,"- United Kingdom led revenue with £117.3k TW, a 70.7% share of the 6 countries shown",6,6.0,plain,False,none,none,67,Skipped,counting
small_country_2010-W18__S3__mock__r2,small_country_2010-W18,small,country,S3,mock,2,1,"- United Kingdom revenue was down 30.4% WoW from £168,403.05 LW",30.4%,-30.4,percent,False,none,down,34,Supported_cell,"cell(United Kingdom, WoW_Pct)=-30.4"
small_country_2010-W18__S3__mock__r2,small_country_2010-W18,small,country,S3,mock,2,1,"- United Kingdom revenue was down 30.4% WoW from £168,403.05 LW","£168,403.05",168403.05,currency,False,none,none,49,Supported_cell,"cell(United Kingdom, Revenue_LW)=168403"
small_country_2010-W18__S3__mock__r2,small_country_2010-W18,small,country,S3,mock,2,2,"- Netherlands ranked 2nd with £9,014.91 TW",2nd,2.0,count,True,none,none,21,Supported_cell,"cell(Netherlands, Rank)=2"
small_country_2010-W18__S3__mock__r2,small_country_2010-W18,small,country,S3,mock,2,2,"- Netherlands ranked 2nd with £9,014.91 TW","£9,014.91",9014.91,currency,False,none,none,30,Supported_cell,"cell(France, Revenue_TW)=9014.91"
small_country_2010-W18__S3__mock__r2,small_country_2010-W18,small,country,S3,mock,2,3,"- Netherlands posted the largest WoW gain, up 1414.9% to £18,002.00 TW",1414.9%,1414.9,percent,False,none,up,46,Supported_cell,"cell(Netherlands, WoW_Pct)=1414.9"
small_country_2010-W18__S3__mock__r2,small_country_2010-W18,small,country,S3,mock,2,3,"- Netherlands posted the largest WoW gain, up 1414.9% to £18,002.00 TW","£18,002.00",18002.0,currency,False,none,none,57,Supported_cell,"cell(Netherlands, Revenue_TW)=18002"
small_country_2010-W18__S3__mock__r2,small_country_2010-W18,small,country,S3,mock,2,4,"- United Kingdom sold 66,459 units TW versus 93,805 units LW","66,459",66459.0,count,False,none,none,22,Supported_cell,"cell(United Kingdom, Units_TW)=66459"
small_country_2010-W18__S3__mock__r2,small_country_2010-W18,small,country,S3,mock,2,4,"- United Kingdom sold 66,459 units TW versus 93,805 units LW","93,805",93805.0,count,False,none,none,45,Supported_cell,"cell(United Kingdom, Units_LW)=93805"
small_country_2010-W18__S3__mock__r2,small_country_2010-W18,small,country,S3,mock,2,5,- United Kingdom had the most orders with 314 orders TW versus 397 LW,314,314.0,count,False,none,none,42,Supported_cell,"cell(United Kingdom, Orders_TW)=314"
small_country_2010-W18__S3__mock__r2,small_country_2010-W18,small,country,S3,mock,2,5,- United Kingdom had the most orders with 314 orders TW versus 397 LW,397,397.0,plain,False,none,none,63,Supported_cell,"cell(United Kingdom, Orders_LW)=397"
small_country_2010-W18__S3__mock__r2,small_country_2010-W18,small,country,S3,mock,2,6,"- Total revenue across the countries shown was £157.7k TW, down 11.9% WoW",£157.7k,157700.0,currency,False,none,none,47,Supported_derived,sum(Revenue_TW)=157731
small_country_2010-W18__S3__mock__r2,small_country_2010-W18,small,country,S3,mock,2,6,"- Total revenue across the countries shown was £157.7k TW, down 11.9% WoW",11.9%,-11.9,percent,False,none,down,64,Supported_derived,"pct_change(sum(Revenue_TW), sum(Revenue_LW))=-11.9024"
small_country_2010-W18__S4__mock__r1,small_country_2010-W18,small,country,S4,mock,1,0,"- Total: revenue £157,731.41 TW, revenue £179,041.64 LW, revenue change -11.9% WoW","£157,731.41",157731.41,currency,False,none,none,17,Supported_derived,sum(Revenue_TW)=157731
small_country_2010-W18__S4__mock__r1,small_country_2010-W18,small,country,S4,mock,1,0,"- Total: revenue £157,731.41 TW, revenue £179,041.64 LW, revenue change -11.9% WoW","£179,041.64",179041.64,currency,False,none,none,41,Supported_derived,sum(Revenue_LW)=179042
small_country_2010-W18__S4__mock__r1,small_country_2010-W18,small,country,S4,mock,1,0,"- Total: revenue £157,731.41 TW, revenue £179,041.64 LW, revenue change -11.9% WoW",-11.9%,-11.9,percent,False,none,none,72,Supported_derived,"pct_change(sum(Revenue_TW), sum(Revenue_LW))=-11.9024"
small_country_2010-W18__S4__mock__r1,small_country_2010-W18,small,country,S4,mock,1,1,"- United Kingdom: rank 1, revenue £117,273.84 TW, share 74.4% TW, revenue change -30.4% WoW",1,1.0,count,True,none,none,23,Supported_cell,"cell(United Kingdom, Rank)=1"
small_country_2010-W18__S4__mock__r1,small_country_2010-W18,small,country,S4,mock,1,1,"- United Kingdom: rank 1, revenue £117,273.84 TW, share 74.4% TW, revenue change -30.4% WoW","£117,273.84",117273.84,currency,False,none,none,34,Supported_cell,"cell(United Kingdom, Revenue_TW)=117274"
small_country_2010-W18__S4__mock__r1,small_country_2010-W18,small,country,S4,mock,1,1,"- United Kingdom: rank 1, revenue £117,273.84 TW, share 74.4% TW, revenue change -30.4% WoW",74.4%,74.4,percent,False,none,none,56,Supported_cell,"cell(United Kingdom, Share_Pct)=74.4"
small_country_2010-W18__S4__mock__r1,small_country_2010-W18,small,country,S4,mock,1,1,"- United Kingdom: rank 1, revenue £117,273.84 TW, share 74.4% TW, revenue change -30.4% WoW",-30.4%,-30.4,percent,False,none,none,81,Supported_cell,"cell(United Kingdom, WoW_Pct)=-30.4"
small_country_2010-W18__S4__mock__r1,small_country_2010-W18,small,country,S4,mock,1,2,"- Netherlands: rank 2, revenue £18,002.00 TW, share 11.4% TW, revenue change +1414.9% WoW",2,2.0,count,True,none,none,20,Supported_cell,"cell(Netherlands, Rank)=2"
small_country_2010-W18__S4__mock__r1,small_country_2010-W18,small,country,S4,mock,1,2,"- Netherlands: rank 2, revenue £18,002.00 TW, share 11.4% TW, revenue change +1414.9% WoW","£18,002.00",18002.0,currency,False,none,none,31,Supported_cell,"cell(Netherlands, Revenue_TW)=18002"
small_country_2010-W18__S4__mock__r1,small_country_2010-W18,small,country,S4,mock,1,2,"- Netherlands: rank 2, revenue £18,002.00 TW, share 11.4% TW, revenue change +1414.9% WoW",11.4%,11.4,percent,False,none,none,52,Supported_cell,"cell(Netherlands, Share_Pct)=11.4"
small_country_2010-W18__S4__mock__r1,small_country_2010-W18,small,country,S4,mock,1,2,"- Netherlands: rank 2, revenue £18,002.00 TW, share 11.4% TW, revenue change +1414.9% WoW",+1414.9%,1414.9,percent,False,none,none,77,Supported_cell,"cell(Netherlands, WoW_Pct)=1414.9"
small_country_2010-W18__S4__mock__r1,small_country_2010-W18,small,country,S4,mock,1,3,"- EIRE: rank 3, revenue £9,248.22 TW, share 5.9% TW, revenue change +61.3% WoW",3,3.0,count,True,none,none,13,Supported_cell,"cell(EIRE, Rank)=3"
small_country_2010-W18__S4__mock__r1,small_country_2010-W18,small,country,S4,mock,1,3,"- EIRE: rank 3, revenue £9,248.22 TW, share 5.9% TW, revenue change +61.3% WoW","£9,248.22",9248.22,currency,False,none,none,24,Supported_cell,"cell(EIRE, Revenue_TW)=9248.22"
small_country_2010-W18__S4__mock__r1,small_country_2010-W18,small,country,S4,mock,1,3,"- EIRE: rank 3, revenue £9,248.22 TW, share 5.9% TW, revenue change +61.3% WoW",5.9%,5.9,percent,False,none,none,44,Supported_cell,"cell(EIRE, Share_Pct)=5.9"
small_country_2010-W18__S4__mock__r1,small_country_2010-W18,small,country,S4,mock,1,3,"- EIRE: rank 3, revenue £9,248.22 TW, share 5.9% TW, revenue change +61.3% WoW",+61.3%,61.3,percent,False,none,none,68,Supported_cell,"cell(EIRE, WoW_Pct)=61.3"
small_country_2010-W18__S4__mock__r1,small_country_2010-W18,small,country,S4,mock,1,4,"- Netherlands (largest WoW increase): revenue change +1414.9% WoW, revenue £18,002.00 TW versus £1,188.30 LW",+1414.9%,1414.9,percent,False,none,none,53,Supported_cell,"cell(Netherlands, WoW_Pct)=1414.9"
small_country_2010-W18__S4__mock__r1,small_country_2010-W18,small,country,S4,mock,1,4,"- Netherlands (largest WoW increase): revenue change +1414.9% WoW, revenue £18,002.00 TW versus £1,188.30 LW","£18,002.00",18002.0,currency,False,none,none,75,Supported_cell,"cell(Netherlands, Revenue_TW)=18002"
small_country_2010-W18__S4__mock__r1,small_country_2010-W18,small,country,S4,mock,1,4,"- Netherlands (largest WoW increase): revenue change +1414.9% WoW, revenue £18,002.00 TW versus £1,188.30 LW","£1,188.30",1188.3,currency,False,none,none,96,Supported_cell,"cell(Netherlands, Revenue_LW)=1188.3"
small_country_2010-W18__S4__mock__r1,small_country_2010-W18,small,country,S4,mock,1,5,"- United Kingdom (largest WoW decrease): revenue change -30.4% WoW, revenue £117,273.84 TW versus £168,403.05 LW",-30.4%,-30.4,percent,False,none,none,56,Supported_cell,"cell(United Kingdom, WoW_Pct)=-30.4"
small_country_2010-W18__S4__mock__r1,small_country_2010-W18,small,country,S4,mock,1,5,"- United Kingdom (largest WoW decrease): revenue change -30.4% WoW, revenue £117,273.84 TW versus £168,403.05 LW","£117,273.84",117273.84,currency,False,none,none,76,Supported_cell,"cell(United Kingdom, Revenue_TW)=117274"
small_country_2010-W18__S4__mock__r1,small_country_2010-W18,small,country,S4,mock,1,5,"- United Kingdom (largest WoW decrease): revenue change -30.4% WoW, revenue £117,273.84 TW versus £168,403.05 LW","£168,403.05",168403.05,currency,False,none,none,98,Supported_cell,"cell(United Kingdom, Revenue_LW)=168403"
small_country_2010-W18__S4__mock__r1,small_country_2010-W18,small,country,S4,mock,1,6,- United Kingdom (most orders): orders 314 TW versus 397 LW,314,314.0,plain,False,none,none,39,Supported_cell,"cell(United Kingdom, Orders_TW)=314"
small_country_2010-W18__S4__mock__r1,small_country_2010-W18,small,country,S4,mock,1,6,- United Kingdom (most orders): orders 314 TW versus 397 LW,397,397.0,plain,False,none,none,53,Supported_cell,"cell(United Kingdom, Orders_LW)=397"
small_country_2010-W18__S4__mock__r2,small_country_2010-W18,small,country,S4,mock,2,0,"- Total: revenue £157,731.41 TW, revenue £179,041.64 LW, revenue change -11.9% WoW","£157,731.41",157731.41,currency,False,none,none,17,Supported_derived,sum(Revenue_TW)=157731
small_country_2010-W18__S4__mock__r2,small_country_2010-W18,small,country,S4,mock,2,0,"- Total: revenue £157,731.41 TW, revenue £179,041.64 LW, revenue change -11.9% WoW","£179,041.64",179041.64,currency,False,none,none,41,Supported_derived,sum(Revenue_LW)=179042
small_country_2010-W18__S4__mock__r2,small_country_2010-W18,small,country,S4,mock,2,0,"- Total: revenue £157,731.41 TW, revenue £179,041.64 LW, revenue change -11.9% WoW",-11.9%,-11.9,percent,False,none,none,72,Supported_derived,"pct_change(sum(Revenue_TW), sum(Revenue_LW))=-11.9024"
small_country_2010-W18__S4__mock__r2,small_country_2010-W18,small,country,S4,mock,2,1,"- United Kingdom: rank 1, revenue £117,273.84 TW, share 74.4% TW, revenue change -30.4% WoW",1,1.0,count,True,none,none,23,Supported_cell,"cell(United Kingdom, Rank)=1"
small_country_2010-W18__S4__mock__r2,small_country_2010-W18,small,country,S4,mock,2,1,"- United Kingdom: rank 1, revenue £117,273.84 TW, share 74.4% TW, revenue change -30.4% WoW","£117,273.84",117273.84,currency,False,none,none,34,Supported_cell,"cell(United Kingdom, Revenue_TW)=117274"
small_country_2010-W18__S4__mock__r2,small_country_2010-W18,small,country,S4,mock,2,1,"- United Kingdom: rank 1, revenue £117,273.84 TW, share 74.4% TW, revenue change -30.4% WoW",74.4%,74.4,percent,False,none,none,56,Supported_cell,"cell(United Kingdom, Share_Pct)=74.4"
small_country_2010-W18__S4__mock__r2,small_country_2010-W18,small,country,S4,mock,2,1,"- United Kingdom: rank 1, revenue £117,273.84 TW, share 74.4% TW, revenue change -30.4% WoW",-30.4%,-30.4,percent,False,none,none,81,Supported_cell,"cell(United Kingdom, WoW_Pct)=-30.4"
small_country_2010-W18__S4__mock__r2,small_country_2010-W18,small,country,S4,mock,2,2,"- Netherlands: rank 2, revenue £18,002.00 TW, share 11.4% TW, revenue change +1414.9% WoW",2,2.0,count,True,none,none,20,Supported_cell,"cell(Netherlands, Rank)=2"
small_country_2010-W18__S4__mock__r2,small_country_2010-W18,small,country,S4,mock,2,2,"- Netherlands: rank 2, revenue £18,002.00 TW, share 11.4% TW, revenue change +1414.9% WoW","£18,002.00",18002.0,currency,False,none,none,31,Supported_cell,"cell(Netherlands, Revenue_TW)=18002"
small_country_2010-W18__S4__mock__r2,small_country_2010-W18,small,country,S4,mock,2,2,"- Netherlands: rank 2, revenue £18,002.00 TW, share 11.4% TW, revenue change +1414.9% WoW",11.4%,11.4,percent,False,none,none,52,Supported_cell,"cell(Netherlands, Share_Pct)=11.4"
small_country_2010-W18__S4__mock__r2,small_country_2010-W18,small,country,S4,mock,2,2,"- Netherlands: rank 2, revenue £18,002.00 TW, share 11.4% TW, revenue change +1414.9% WoW",+1414.9%,1414.9,percent,False,none,none,77,Supported_cell,"cell(Netherlands, WoW_Pct)=1414.9"
small_country_2010-W18__S4__mock__r2,small_country_2010-W18,small,country,S4,mock,2,3,"- EIRE: rank 3, revenue £9,248.22 TW, share 5.9% TW, revenue change +61.3% WoW",3,3.0,count,True,none,none,13,Supported_cell,"cell(EIRE, Rank)=3"
small_country_2010-W18__S4__mock__r2,small_country_2010-W18,small,country,S4,mock,2,3,"- EIRE: rank 3, revenue £9,248.22 TW, share 5.9% TW, revenue change +61.3% WoW","£9,248.22",9248.22,currency,False,none,none,24,Supported_cell,"cell(EIRE, Revenue_TW)=9248.22"
small_country_2010-W18__S4__mock__r2,small_country_2010-W18,small,country,S4,mock,2,3,"- EIRE: rank 3, revenue £9,248.22 TW, share 5.9% TW, revenue change +61.3% WoW",5.9%,5.9,percent,False,none,none,44,Supported_cell,"cell(EIRE, Share_Pct)=5.9"
small_country_2010-W18__S4__mock__r2,small_country_2010-W18,small,country,S4,mock,2,3,"- EIRE: rank 3, revenue £9,248.22 TW, share 5.9% TW, revenue change +61.3% WoW",+61.3%,61.3,percent,False,none,none,68,Supported_cell,"cell(EIRE, WoW_Pct)=61.3"
small_country_2010-W18__S4__mock__r2,small_country_2010-W18,small,country,S4,mock,2,4,"- Netherlands (largest WoW increase): revenue change +1414.9% WoW, revenue £18,002.00 TW versus £1,188.30 LW",+1414.9%,1414.9,percent,False,none,none,53,Supported_cell,"cell(Netherlands, WoW_Pct)=1414.9"
small_country_2010-W18__S4__mock__r2,small_country_2010-W18,small,country,S4,mock,2,4,"- Netherlands (largest WoW increase): revenue change +1414.9% WoW, revenue £18,002.00 TW versus £1,188.30 LW","£18,002.00",18002.0,currency,False,none,none,75,Supported_cell,"cell(Netherlands, Revenue_TW)=18002"
small_country_2010-W18__S4__mock__r2,small_country_2010-W18,small,country,S4,mock,2,4,"- Netherlands (largest WoW increase): revenue change +1414.9% WoW, revenue £18,002.00 TW versus £1,188.30 LW","£1,188.30",1188.3,currency,False,none,none,96,Supported_cell,"cell(Netherlands, Revenue_LW)=1188.3"
small_country_2010-W18__S4__mock__r2,small_country_2010-W18,small,country,S4,mock,2,5,"- United Kingdom (largest WoW decrease): revenue change -30.4% WoW, revenue £117,273.84 TW versus £168,403.05 LW",-30.4%,-30.4,percent,False,none,none,56,Supported_cell,"cell(United Kingdom, WoW_Pct)=-30.4"
small_country_2010-W18__S4__mock__r2,small_country_2010-W18,small,country,S4,mock,2,5,"- United Kingdom (largest WoW decrease): revenue change -30.4% WoW, revenue £117,273.84 TW versus £168,403.05 LW","£117,273.84",117273.84,currency,False,none,none,76,Supported_cell,"cell(United Kingdom, Revenue_TW)=117274"
small_country_2010-W18__S4__mock__r2,small_country_2010-W18,small,country,S4,mock,2,5,"- United Kingdom (largest WoW decrease): revenue change -30.4% WoW, revenue £117,273.84 TW versus £168,403.05 LW","£168,403.05",168403.05,currency,False,none,none,98,Supported_cell,"cell(United Kingdom, Revenue_LW)=168403"
small_country_2010-W18__S4__mock__r2,small_country_2010-W18,small,country,S4,mock,2,6,- United Kingdom (most orders): orders 314 TW versus 397 LW,314,314.0,plain,False,none,none,39,Supported_cell,"cell(United Kingdom, Orders_TW)=314"
small_country_2010-W18__S4__mock__r2,small_country_2010-W18,small,country,S4,mock,2,6,- United Kingdom (most orders): orders 314 TW versus 397 LW,397,397.0,plain,False,none,none,53,Supported_cell,"cell(United Kingdom, Orders_LW)=397"
small_product_2010-W50__S1__mock__r1,small_product_2010-W50,small,product,S1,mock,1,0,"- REGENCY CAKESTAND 3 TIER led revenue with £5.9k TW, a 23.8% share of the 10 products shown",3,3.0,plain,False,none,none,20,Skipped,entity_name
small_product_2010-W50__S1__mock__r1,small_product_2010-W50,small,product,S1,mock,1,0,"- REGENCY CAKESTAND 3 TIER led revenue with £5.9k TW, a 23.8% share of the 10 products shown",£5.9k,5900.0,currency,False,none,none,44,Supported_cell,"cell(REGENCY CAKESTAND 3 TIER, Revenue_TW)=5919.72"
small_product_2010-W50__S1__mock__r1,small_product_2010-W50,small,product,S1,mock,1,0,"- REGENCY CAKESTAND 3 TIER led revenue with £5.9k TW, a 23.8% share of the 10 products shown",23.8%,23.8,percent,False,none,none,56,Unsupported,
small_product_2010-W50__S1__mock__r1,small_product_2010-W50,small,product,S1,mock,1,0,"- REGENCY CAKESTAND 3 TIER led revenue with £5.9k TW, a 23.8% share of the 10 products shown",10,10.0,plain,False,none,none,75,Skipped,counting
small_product_2010-W50__S1__mock__r1,small_product_2010-W50,small,product,S1,mock,1,1,"- REGENCY CAKESTAND 3 TIER revenue was down 45.7% WoW from £10,902.59 LW",3,3.0,plain,False,none,none,20,Skipped,entity_name
small_product_2010-W50__S1__mock__r1,small_product_2010-W50,small,product,S1,mock,1,1,"- REGENCY CAKESTAND 3 TIER revenue was down 45.7% WoW from £10,902.59 LW",45.7%,-45.7,percent,False,none,down,44,Supported_cell,"cell(REGENCY CAKESTAND 3 TIER, WoW_Pct)=-45.7"
small_product_2010-W50__S1__mock__r1,small_product_2010-W50,small,product,S1,mock,1,1,"- REGENCY CAKESTAND 3 TIER revenue was down 45.7% WoW from £10,902.59 LW","£10,902.59",10902.59,currency,False,none,none,59,Supported_cell,"cell(REGENCY CAKESTAND 3 TIER, Revenue_LW)=10902.6"
small_product_2010-W50__S1__mock__r1,small_product_2010-W50,small,product,S1,mock,1,2,"- WHITE HANGING HEART T-LIGHT HOLDER ranked 2nd with £4,251.25 TW",2nd,2.0,count,True,none,none,44,Supported_cell,"cell(WHITE HANGING HEART T-LIGHT HOLDER, Rank)=2"
small_product_2010-W50__S1__mock__r1,small_product_2010-W50,small,product,S1,mock,1,2,"- WHITE HANGING HEART T-LIGHT HOLDER ranked 2nd with £4,251.25 TW","£4,251.25",4251.25,currency,False,none,none,53,Supported_cell,"cell(WHITE HANGING HEART T-LIGHT HOLDER, Revenue_TW)=4251.25"
small_product_2010-W50__S1__mock__r1,small_product_2010-W50,small,product,S1,mock,1,3,"- GROW A FLYTRAP OR SUNFLOWER IN TIN posted the largest WoW gain, up 8063.4% to £2,449.01 TW",8063.4%,8063.4,percent,False,none,up,69,Supported_cell,"cell(GROW A FLYTRAP OR SUNFLOWER IN TIN, WoW_Pct)=8063.4"
small_product_2010-W50__S1__mock__r1,small_product_2010-W50,small,product,S1,mock,1,3,"- GROW A FLYTRAP OR SUNFLOWER IN TIN posted the largest WoW gain, up 8063.4% to £2,449.01 TW","£2,449.01",2449.01,currency,False,none,none,80,Supported_cell,"cell(GROW A FLYTRAP OR SUNFLOWER IN TIN, Revenue_TW)=2449.01"
small_product_2010-W50__S1__mock__r1,small_product_2010-W50,small,product,S1,mock,1,4,"- PAPER CHAIN KIT 50'S CHRISTMAS revenue fell 46.9% WoW to £2,149.75 TW",50,50.0,plain,False,none,none,18,Skipped,entity_name
small_product_2010-W50__S1__mock__r1,small_product_2010-W50,small,product,S1,mock,1,4,"- PAPER CHAIN KIT 50'S CHRISTMAS revenue fell 46.9% WoW to £2,149.75 TW",46.9%,-46.9,percent,False,none,down,46,Supported_cell,"cell(PAPER CHAIN KIT 50'S CHRISTMAS, WoW_Pct)=-46.9"
small_product_2010-W50__S1__mock__r1,small_product_2010-W50,small,product,S1,mock,1,4,"- PAPER CHAIN KIT 50'S CHRISTMAS revenue fell 46.9% WoW to £2,149.75 TW","£2,149.75",2149.75,currency,False,none,none,59,Supported_cell,"cell(PAPER CHAIN KIT 50'S CHRISTMAS, Revenue_TW)=2149.75"
small_product_2010-W50__S1__mock__r1,small_product_2010-W50,small,product,S1,mock,1,5,- REGENCY CAKESTAND 3 TIER sold 442 units TW versus 851 units LW,3,3.0,plain,False,none,none,20,Skipped,entity_name
small_product_2010-W50__S1__mock__r1,small_product_2010-W50,small,product,S1,mock,1,5,- REGENCY CAKESTAND 3 TIER sold 442 units TW versus 851 units LW,442,442.0,count,False,none,none,32,Supported_cell,"cell(REGENCY CAKESTAND 3 TIER, Units_TW)=442"
small_product_2010-W50__S1__mock__r1,small_product_2010-W50,small,product,S1,mock,1,5,- REGENCY CAKESTAND 3 TIER sold 442 units TW versus 851 units LW,851,851.0,count,False,none,none,52,Supported_cell,"cell(REGENCY CAKESTAND 3 TIER, Units_LW)=851"
small_product_2010-W50__S1__mock__r1,small_product_2010-W50,small,product,S1,mock,1,6,- WHITE HANGING HEART T-LIGHT HOLDER had the most orders with 68 orders TW versus 86 LW,68,68.0,count,False,none,none,62,Supported_cell,"cell(WHITE HANGING HEART T-LIGHT HOLDER, Orders_TW)=68"
small_product_2010-W50__S1__mock__r1,small_product_2010-W50,small,product,S1,mock,1,6,- WHITE HANGING HEART T-LIGHT HOLDER had the most orders with 68 orders TW versus 86 LW,86,86.0,plain,False,none,none,82,Supported_cell,"cell(WHITE HANGING HEART T-LIGHT HOLDER, Orders_LW)=86"
small_product_2010-W50__S1__mock__r1,small_product_2010-W50,small,product,S1,mock,1,7,"- Total revenue across the products shown was £27.7k TW, down 9.3% WoW",£27.7k,27700.0,currency,False,none,none,46,Supported_derived,sum(Revenue_TW)=27724.7
small_product_2010-W50__S1__mock__r1,small_product_2010-W50,small,product,S1,mock,1,7,"- Total revenue across the products shown was £27.7k TW, down 9.3% WoW",9.3%,-9.3,percent,False,none,down,62,Unsupported,
small_product_2010-W50__S1__mock__r2,small_product_2010-W50,small,product,S1,mock,2,0,"- REGENCY CAKESTAND 3 TIER led revenue with £5.4k TW, a 21.4% share of the 10 products shown",3,3.0,plain,False,none,none,20,Skipped,entity_name
small_product_2010-W50__S1__mock__r2,small_product_2010-W50,small,product,S1,mock,2,0,"- REGENCY CAKESTAND 3 TIER led revenue with £5.4k TW, a 21.4% share of the 10 products shown",£5.4k,5400.0,currency,False,none,none,44,Unsupported,
small_product_2010-W50__S1__mock__r2,small_product_2010-W50,small,product,S1,mock,2,0,"- REGENCY CAKESTAND 3 TIER led revenue with £5.4k TW, a 21.4% share of the 10 products shown",21.4%,21.4,percent,False,none,none,56,Supported_cell,"cell(REGENCY CAKESTAND 3 TIER, Share_Pct)=21.4"
small_product_2010-W50__S1__mock__r2,small_product_2010-W50,small,product,S1,mock,2,0,"- REGENCY CAKESTAND 3 TIER led revenue with £5.4k TW, a 21.4% share of the 10 products shown",10,10.0,plain,False,none,none,75,Skipped,counting
small_product_2010-W50__S1__mock__r2,small_product_2010-W50,small,product,S1,mock,2,1,"- REGENCY CAKESTAND 3 TIER revenue was down 45.7% WoW from £10,902.59 LW",3,3.0,plain,False,none,none,20,Skipped,entity_name
small_product_2010-W50__S1__mock__r2,small_product_2010-W50,small,product,S1,mock,2,1,"- REGENCY CAKESTAND 3 TIER revenue was down 45.7% WoW from £10,902.59 LW",45.7%,-45.7,percent,False,none,down,44,Supported_cell,"cell(REGENCY CAKESTAND 3 TIER, WoW_Pct)=-45.7"
small_product_2010-W50__S1__mock__r2,small_product_2010-W50,small,product,S1,mock,2,1,"- REGENCY CAKESTAND 3 TIER revenue was down 45.7% WoW from £10,902.59 LW","£10,902.59",10902.59,currency,False,none,none,59,Supported_cell,"cell(REGENCY CAKESTAND 3 TIER, Revenue_LW)=10902.6"
small_product_2010-W50__S1__mock__r2,small_product_2010-W50,small,product,S1,mock,2,2,"- WHITE HANGING HEART T-LIGHT HOLDER ranked 2nd with £4,251.25 TW",2nd,2.0,count,True,none,none,44,Supported_cell,"cell(WHITE HANGING HEART T-LIGHT HOLDER, Rank)=2"
small_product_2010-W50__S1__mock__r2,small_product_2010-W50,small,product,S1,mock,2,2,"- WHITE HANGING HEART T-LIGHT HOLDER ranked 2nd with £4,251.25 TW","£4,251.25",4251.25,currency,False,none,none,53,Supported_cell,"cell(WHITE HANGING HEART T-LIGHT HOLDER, Revenue_TW)=4251.25"
small_product_2010-W50__S1__mock__r2,small_product_2010-W50,small,product,S1,mock,2,3,"- GROW A FLYTRAP OR SUNFLOWER IN TIN posted the largest WoW gain, up 8547.2% to £2,449.01 TW",8547.2%,8547.2,percent,False,none,up,69,Unsupported,
small_product_2010-W50__S1__mock__r2,small_product_2010-W50,small,product,S1,mock,2,3,"- GROW A FLYTRAP OR SUNFLOWER IN TIN posted the largest WoW gain, up 8547.2% to £2,449.01 TW","£2,449.01",2449.01,currency,False,none,none,80,Supported_cell,"cell(GROW A FLYTRAP OR SUNFLOWER IN TIN, Revenue_TW)=2449.01"
small_product_2010-W50__S1__mock__r2,small_product_2010-W50,small,product,S1,mock,2,4,"- PAPER CHAIN KIT 50'S CHRISTMAS revenue fell 46.9% WoW to £2,149.75 TW",50,50.0,plain,False,none,none,18,Skipped,entity_name
small_product_2010-W50__S1__mock__r2,small_product_2010-W50,small,product,S1,mock,2,4,"- PAPER CHAIN KIT 50'S CHRISTMAS revenue fell 46.9% WoW to £2,149.75 TW",46.9%,-46.9,percent,False,none,down,46,Supported_cell,"cell(PAPER CHAIN KIT 50'S CHRISTMAS, WoW_Pct)=-46.9"
small_product_2010-W50__S1__mock__r2,small_product_2010-W50,small,product,S1,mock,2,4,"- PAPER CHAIN KIT 50'S CHRISTMAS revenue fell 46.9% WoW to £2,149.75 TW","£2,149.75",2149.75,currency,False,none,none,59,Supported_cell,"cell(PAPER CHAIN KIT 50'S CHRISTMAS, Revenue_TW)=2149.75"
small_product_2010-W50__S1__mock__r2,small_product_2010-W50,small,product,S1,mock,2,5,- REGENCY CAKESTAND 3 TIER sold 442 units TW versus 851 units LW,3,3.0,plain,False,none,none,20,Skipped,entity_name
small_product_2010-W50__S1__mock__r2,small_product_2010-W50,small,product,S1,mock,2,5,- REGENCY CAKESTAND 3 TIER sold 442 units TW versus 851 units LW,442,442.0,count,False,none,none,32,Supported_cell,"cell(REGENCY CAKESTAND 3 TIER, Units_TW)=442"
small_product_2010-W50__S1__mock__r2,small_product_2010-W50,small,product,S1,mock,2,5,- REGENCY CAKESTAND 3 TIER sold 442 units TW versus 851 units LW,851,851.0,count,False,none,none,52,Supported_cell,"cell(REGENCY CAKESTAND 3 TIER, Units_LW)=851"
small_product_2010-W50__S1__mock__r2,small_product_2010-W50,small,product,S1,mock,2,6,- WHITE HANGING HEART T-LIGHT HOLDER had the most orders with 68 orders TW versus 86 LW,68,68.0,count,False,none,none,62,Supported_cell,"cell(WHITE HANGING HEART T-LIGHT HOLDER, Orders_TW)=68"
small_product_2010-W50__S1__mock__r2,small_product_2010-W50,small,product,S1,mock,2,6,- WHITE HANGING HEART T-LIGHT HOLDER had the most orders with 68 orders TW versus 86 LW,86,86.0,plain,False,none,none,82,Supported_cell,"cell(WHITE HANGING HEART T-LIGHT HOLDER, Orders_LW)=86"
small_product_2010-W50__S1__mock__r2,small_product_2010-W50,small,product,S1,mock,2,7,"- Total revenue across the products shown was £30.8k TW, down 8.4% WoW",£30.8k,30800.0,currency,False,none,none,46,Unsupported,
small_product_2010-W50__S1__mock__r2,small_product_2010-W50,small,product,S1,mock,2,7,"- Total revenue across the products shown was £30.8k TW, down 8.4% WoW",8.4%,-8.4,percent,False,none,down,62,Supported_derived,"pct_change(sum(Revenue_TW), sum(Revenue_LW))=-8.41761"
small_product_2010-W50__S2__mock__r1,small_product_2010-W50,small,product,S2,mock,1,0,"- Total revenue was £27,724.70 TW","£27,724.70",27724.7,currency,False,none,none,20,Supported_derived,sum(Revenue_TW)=27724.7
small_product_2010-W50__S2__mock__r1,small_product_2010-W50,small,product,S2,mock,1,1,- Total revenue was down 8.4% WoW,8.4%,-8.4,percent,False,none,down,25,Supported_derived,"pct_change(sum(Revenue_TW), sum(Revenue_LW))=-8.41761"
small_product_2010-W50__S2__mock__r1,small_product_2010-W50,small,product,S2,mock,1,2,"- REGENCY CAKESTAND 3 TIER revenue was £5,919.72 TW",3,3.0,plain,False,none,none,20,Skipped,entity_name
small_product_2010-W50__S2__mock__r1,small_product_2010-W50,small,product,S2,mock,1,2,"- REGENCY CAKESTAND 3 TIER revenue was £5,919.72 TW","£5,919.72",5919.72,currency,False,none,none,39,Supported_cell,"cell(REGENCY CAKESTAND 3 TIER, Revenue_TW)=5919.72"
small_product_2010-W50__S2__mock__r1,small_product_2010-W50,small,product,S2,mock,1,3,- REGENCY CAKESTAND 3 TIER held a 21.4% share of revenue TW,3,3.0,plain,False,none,none,20,Skipped,entity_name
small_product_2010-W50__S2__mock__r1,small_product_2010-W50,small,product,S2,mock,1,3,- REGENCY CAKESTAND 3 TIER held a 21.4% share of revenue TW,21.4%,21.4,percent,False,none,none,34,Supported_cell,"cell(REGENCY CAKESTAND 3 TIER, Share_Pct)=21.4"
small_product_2010-W50__S2__mock__r1,small_product_2010-W50,small,product,S2,mock,1,4,- REGENCY CAKESTAND 3 TIER revenue was down 45.7% WoW,3,3.0,plain,False,none,none,20,Skipped,entity_name
small_product_2010-W50__S2__mock__r1,small_product_2010-W50,small,product,S2,mock,1,4,- REGENCY CAKESTAND 3 TIER revenue was down 45.7% WoW,45.7%,-45.7,percent,False,none,down,44,Supported_cell,"cell(REGENCY CAKESTAND 3 TIER, WoW_Pct)=-45.7"
small_product_2010-W50__S2__mock__r1,small_product_2010-W50,small,product,S2,mock,1,5,"- WHITE HANGING HEART T-LIGHT HOLDER revenue was £4,251.25 TW","£4,251.25",4251.25,currency,False,none,none,49,Supported_cell,"cell(WHITE HANGING HEART T-LIGHT HOLDER, Revenue_TW)=4251.25"
small_product_2010-W50__S2__mock__r1,small_product_2010-W50,small,product,S2,mock,1,6,- WHITE HANGING HEART T-LIGHT HOLDER held a 15.3% share of revenue TW,15.3%,15.3,percent,False,none,none,44,Supported_cell,"cell(WHITE HANGING HEART T-LIGHT HOLDER, Share_Pct)=15.3"
small_product_2010-W50__S2__mock__r1,small_product_2010-W50,small,product,S2,mock,1,7,- WHITE HANGING HEART T-LIGHT HOLDER revenue was up 20.1% WoW,20.1%,20.1,percent,False,none,up,52,Supported_cell,"cell(WHITE HANGING HEART T-LIGHT HOLDER, WoW_Pct)=20.1"
small_product_2010-W50__S2__mock__r2,small_product_2010-W50,small,product,S2,mock,2,0,"- Total revenue was £27,724.70 TW","£27,724.70",27724.7,currency,False,none,none,20,Supported_derived,sum(Revenue_TW)=27724.7
small_product_2010-W50__S2__mock__r2,small_product_2010-W50,small,product,S2,mock,2,1,- Total revenue was down 8.4% WoW,8.4%,-8.4,percent,False,none,down,25,Supported_derived,"pct_change(sum(Revenue_TW), sum(Revenue_LW))=-8.41761"
small_product_2010-W50__S2__mock__r2,small_product_2010-W50,small,product,S2,mock,2,2,"- REGENCY CAKESTAND 3 TIER revenue was £5,919.72 TW",3,3.0,plain,False,none,none,20,Skipped,entity_name
small_product_2010-W50__S2__mock__r2,small_product_2010-W50,small,product,S2,mock,2,2,"- REGENCY CAKESTAND 3 TIER revenue was £5,919.72 TW","£5,919.72",5919.72,currency,False,none,none,39,Supported_cell,"cell(REGENCY CAKESTAND 3 TIER, Revenue_TW)=5919.72"
small_product_2010-W50__S2__mock__r2,small_product_2010-W50,small,product,S2,mock,2,3,- REGENCY CAKESTAND 3 TIER held a 21.4% share of revenue TW,3,3.0,plain,False,none,none,20,Skipped,entity_name
small_product_2010-W50__S2__mock__r2,small_product_2010-W50,small,product,S2,mock,2,3,- REGENCY CAKESTAND 3 TIER held a 21.4% share of revenue TW,21.4%,21.4,percent,False,none,none,34,Supported_cell,"cell(REGENCY CAKESTAND 3 TIER, Share_Pct)=21.4"
small_product_2010-W50__S2__mock__r2,small_product_2010-W50,small,product,S2,mock,2,4,- REGENCY CAKESTAND 3 TIER revenue was down 45.7% WoW,3,3.0,plain,False,none,none,20,Skipped,entity_name
small_product_2010-W50__S2__mock__r2,small_product_2010-W50,small,product,S2,mock,2,4,- REGENCY CAKESTAND 3 TIER revenue was down 45.7% WoW,45.7%,-45.7,percent,False,none,down,44,Supported_cell,"cell(REGENCY CAKESTAND 3 TIER, WoW_Pct)=-45.7"
small_product_2010-W50__S2__mock__r2,small_product_2010-W50,small,product,S2,mock,2,5,"- WHITE HANGING HEART T-LIGHT HOLDER revenue was £4,251.25 TW","£4,251.25",4251.25,currency,False,none,none,49,Supported_cell,"cell(WHITE HANGING HEART T-LIGHT HOLDER, Revenue_TW)=4251.25"
small_product_2010-W50__S2__mock__r2,small_product_2010-W50,small,product,S2,mock,2,6,- WHITE HANGING HEART T-LIGHT HOLDER held a 15.3% share of revenue TW,15.3%,15.3,percent,False,none,none,44,Supported_cell,"cell(WHITE HANGING HEART T-LIGHT HOLDER, Share_Pct)=15.3"
small_product_2010-W50__S2__mock__r2,small_product_2010-W50,small,product,S2,mock,2,7,- WHITE HANGING HEART T-LIGHT HOLDER revenue was up 18.5% WoW,18.5%,18.5,percent,False,none,up,52,Supported_derived,share(WHITE HANGING HEART T-LIGHT HOLDER.Orders_TW)=18.5286
small_product_2010-W50__S3__mock__r1,small_product_2010-W50,small,product,S3,mock,1,0,"- REGENCY CAKESTAND 3 TIER led revenue with £5.9k TW, a 21.4% share of the 10 products shown",3,3.0,plain,False,none,none,20,Skipped,entity_name
small_product_2010-W50__S3__mock__r1,small_product_2010-W50,small,product,S3,mock,1,0,"- REGENCY CAKESTAND 3 TIER led revenue with £5.9k TW, a 21.4% share of the 10 products shown",£5.9k,5900.0,currency,False,none,none,44,Supported_cell,"cell(REGENCY CAKESTAND 3 TIER, Revenue_TW)=5919.72"
small_product_2010-W50__S3__mock__r1,small_product_2010-W50,small,product,S3,mock,1,0,"- REGENCY CAKESTAND 3 TIER led revenue with £5.9k TW, a 21.4% share of the 10 products shown",21.4%,21.4,percent,False,none,none,56,Supported_cell,"cell(REGENCY CAKESTAND 3 TIER, Share_Pct)=21.4"
small_product_2010-W50__S3__mock__r1,small_product_2010-W50,small,product,S3,mock,1,0,"- REGENCY CAKESTAND 3 TIER led revenue with £5.9k TW, a 21.4% share of the 10 products shown",10,10.0,plain,False,none,none,75,Skipped,counting
small_product_2010-W50__S3__mock__r1,small_product_2010-W50,small,product,S3,mock,1,1,"- REGENCY CAKESTAND 3 TIER revenue was down 45.7% WoW from £10,902.59 LW",3,3.0,plain,False,none,none,20,Skipped,entity_name
small_product_2010-W50__S3__mock__r1,small_product_2010-W50,small,product,S3,mock,1,1,"- REGENCY CAKESTAND 3 TIER revenue was down 45.7% WoW from £10,902.59 LW",45.7%,-45.7,percent,False,none,down,44,Supported_cell,"cell(REGENCY CAKESTAND 3 TIER, WoW_Pct)=-45.7"
small_product_2010-W50__S3__mock__r1,small_product_2010-W50,small,product,S3,mock,1,1,"- REGENCY CAKESTAND 3 TIER revenue was down 45.7% WoW from £10,902.59 LW","£10,902.59",10902.59,currency,False,none,none,59,Supported_cell,"cell(REGENCY CAKESTAND 3 TIER, Revenue_LW)=10902.6"
small_product_2010-W50__S3__mock__r1,small_product_2010-W50,small,product,S3,mock,1,2,"- WHITE HANGING HEART T-LIGHT HOLDER ranked 2nd with £4,251.25 TW",2nd,2.0,count,True,none,none,44,Supported_cell,"cell(WHITE HANGING HEART T-LIGHT HOLDER, Rank)=2"
small_product_2010-W50__S3__mock__r1,small_product_2010-W50,small,product,S3,mock,1,2,"- WHITE HANGING HEART T-LIGHT HOLDER ranked 2nd with £4,251.25 TW","£4,251.25",4251.25,currency,False,none,none,53,Supported_cell,"cell(WHITE HANGING HEART T-LIGHT HOLDER, Revenue_TW)=4251.25"
small_product_2010-W50__S3__mock__r1,small_product_2010-W50,small,product,S3,mock,1,3,"- GROW A FLYTRAP OR SUNFLOWER IN TIN posted the largest WoW gain, up 8063.4% to £2,449.01 TW",8063.4%,8063.4,percent,False,none,up,69,Supported_cell,"cell(GROW A FLYTRAP OR SUNFLOWER IN TIN, WoW_Pct)=8063.4"
small_product_2010-W50__S3__mock__r1,small_product_2010-W50,small,product,S3,mock,1,3,"- GROW A FLYTRAP OR SUNFLOWER IN TIN posted the largest WoW gain, up 8063.4% to £2,449.01 TW","£2,449.01",2449.01,currency,False,none,none,80,Supported_cell,"cell(GROW A FLYTRAP OR SUNFLOWER IN TIN, Revenue_TW)=2449.01"
small_product_2010-W50__S3__mock__r1,small_product_2010-W50,small,product,S3,mock,1,4,"- PAPER CHAIN KIT 50'S CHRISTMAS revenue fell 46.9% WoW to £2,149.75 TW",50,50.0,plain,False,none,none,18,Skipped,entity_name
small_product_2010-W50__S3__mock__r1,small_product_2010-W50,small,product,S3,mock,1,4,"- PAPER CHAIN KIT 50'S CHRISTMAS revenue fell 46.9% WoW to £2,149.75 TW",46.9%,-46.9,percent,False,none,down,46,Supported_cell,"cell(PAPER CHAIN KIT 50'S CHRISTMAS, WoW_Pct)=-46.9"
small_product_2010-W50__S3__mock__r1,small_product_2010-W50,small,product,S3,mock,1,4,"- PAPER CHAIN KIT 50'S CHRISTMAS revenue fell 46.9% WoW to £2,149.75 TW","£2,149.75",2149.75,currency,False,none,none,59,Supported_cell,"cell(PAPER CHAIN KIT 50'S CHRISTMAS, Revenue_TW)=2149.75"
small_product_2010-W50__S3__mock__r1,small_product_2010-W50,small,product,S3,mock,1,5,- REGENCY CAKESTAND 3 TIER sold 442 units TW versus 851 units LW,3,3.0,plain,False,none,none,20,Skipped,entity_name
small_product_2010-W50__S3__mock__r1,small_product_2010-W50,small,product,S3,mock,1,5,- REGENCY CAKESTAND 3 TIER sold 442 units TW versus 851 units LW,442,442.0,count,False,none,none,32,Supported_cell,"cell(REGENCY CAKESTAND 3 TIER, Units_TW)=442"
small_product_2010-W50__S3__mock__r1,small_product_2010-W50,small,product,S3,mock,1,5,- REGENCY CAKESTAND 3 TIER sold 442 units TW versus 851 units LW,851,851.0,count,False,none,none,52,Supported_cell,"cell(REGENCY CAKESTAND 3 TIER, Units_LW)=851"
small_product_2010-W50__S3__mock__r1,small_product_2010-W50,small,product,S3,mock,1,6,- WHITE HANGING HEART T-LIGHT HOLDER had the most orders with 68 orders TW versus 86 LW,68,68.0,count,False,none,none,62,Supported_cell,"cell(WHITE HANGING HEART T-LIGHT HOLDER, Orders_TW)=68"
small_product_2010-W50__S3__mock__r1,small_product_2010-W50,small,product,S3,mock,1,6,- WHITE HANGING HEART T-LIGHT HOLDER had the most orders with 68 orders TW versus 86 LW,86,86.0,plain,False,none,none,82,Supported_cell,"cell(WHITE HANGING HEART T-LIGHT HOLDER, Orders_LW)=86"
small_product_2010-W50__S3__mock__r1,small_product_2010-W50,small,product,S3,mock,1,7,"- Total revenue across the products shown was £27.7k TW, down 8.4% WoW",£27.7k,27700.0,currency,False,none,none,46,Supported_derived,sum(Revenue_TW)=27724.7
small_product_2010-W50__S3__mock__r1,small_product_2010-W50,small,product,S3,mock,1,7,"- Total revenue across the products shown was £27.7k TW, down 8.4% WoW",8.4%,-8.4,percent,False,none,down,62,Supported_derived,"pct_change(sum(Revenue_TW), sum(Revenue_LW))=-8.41761"
small_product_2010-W50__S3__mock__r2,small_product_2010-W50,small,product,S3,mock,2,0,"- REGENCY CAKESTAND 3 TIER led revenue with £5.9k TW, a 21.4% share of the 10 products shown",3,3.0,plain,False,none,none,20,Skipped,entity_name
small_product_2010-W50__S3__mock__r2,small_product_2010-W50,small,product,S3,mock,2,0,"- REGENCY CAKESTAND 3 TIER led revenue with £5.9k TW, a 21.4% share of the 10 products shown",£5.9k,5900.0,currency,False,none,none,44,Supported_cell,"cell(REGENCY CAKESTAND 3 TIER, Revenue_TW)=5919.72"
small_product_2010-W50__S3__mock__r2,small_product_2010-W50,small,product,S3,mock,2,0,"- REGENCY CAKESTAND 3 TIER led revenue with £5.9k TW, a 21.4% share of the 10 products shown",21.4%,21.4,percent,False,none,none,56,Supported_cell,"cell(REGENCY CAKESTAND 3 TIER, Share_Pct)=21.4"
small_product_2010-W50__S3__mock__r2,small_product_2010-W50,small,product,S3,mock,2,0,"- REGENCY CAKESTAND 3 TIER led revenue with £5.9k TW, a 21.4% share of the 10 products shown",10,10.0,plain,False,none,none,75,Skipped,counting
small_product_2010-W50__S3__mock__r2,small_product_2010-W50,small,product,S3,mock,2,1,"- REGENCY CAKESTAND 3 TIER revenue was down 45.7% WoW from £10,902.59 LW",3,3.0,plain,False,none,none,20,Skipped,entity_name
small_product_2010-W50__S3__mock__r2,small_product_2010-W50,small,product,S3,mock,2,1,"- REGENCY CAKESTAND 3 TIER revenue was down 45.7% WoW from £10,902.59 LW",45.7%,-45.7,percent,False,none,down,44,Supported_cell,"cell(REGENCY CAKESTAND 3 TIER, WoW_Pct)=-45.7"
small_product_2010-W50__S3__mock__r2,small_product_2010-W50,small,product,S3,mock,2,1,"- REGENCY CAKESTAND 3 TIER revenue was down 45.7% WoW from £10,902.59 LW","£10,902.59",10902.59,currency,False,none,none,59,Supported_cell,"cell(REGENCY CAKESTAND 3 TIER, Revenue_LW)=10902.6"
small_product_2010-W50__S3__mock__r2,small_product_2010-W50,small,product,S3,mock,2,2,"- WHITE HANGING HEART T-LIGHT HOLDER ranked 2nd with £4,251.25 TW",2nd,2.0,count,True,none,none,44,Supported_cell,"cell(WHITE HANGING HEART T-LIGHT HOLDER, Rank)=2"
small_product_2010-W50__S3__mock__r2,small_product_2010-W50,small,product,S3,mock,2,2,"- WHITE HANGING HEART T-LIGHT HOLDER ranked 2nd with £4,251.25 TW","£4,251.25",4251.25,currency,False,none,none,53,Supported_cell,"cell(WHITE HANGING HEART T-LIGHT HOLDER, Revenue_TW)=4251.25"
small_product_2010-W50__S3__mock__r2,small_product_2010-W50,small,product,S3,mock,2,3,"- GROW A FLYTRAP OR SUNFLOWER IN TIN posted the largest WoW gain, up 8063.4% to £2,449.01 TW",8063.4%,8063.4,percent,False,none,up,69,Supported_cell,"cell(GROW A FLYTRAP OR SUNFLOWER IN TIN, WoW_Pct)=8063.4"
small_product_2010-W50__S3__mock__r2,small_product_2010-W50,small,product,S3,mock,2,3,"- GROW A FLYTRAP OR SUNFLOWER IN TIN posted the largest WoW gain, up 8063.4% to £2,449.01 TW","£2,449.01",2449.01,currency,False,none,none,80,Supported_cell,"cell(GROW A FLYTRAP OR SUNFLOWER IN TIN, Revenue_TW)=2449.01"
small_product_2010-W50__S3__mock__r2,small_product_2010-W50,small,product,S3,mock,2,4,"- PAPER CHAIN KIT 50'S CHRISTMAS revenue fell 46.9% WoW to £2,149.75 TW",50,50.0,plain,False,none,none,18,Skipped,entity_name
small_product_2010-W50__S3__mock__r2,small_product_2010-W50,small,product,S3,mock,2,4,"- PAPER CHAIN KIT 50'S CHRISTMAS revenue fell 46.9% WoW to £2,149.75 TW",46.9%,-46.9,percent,False,none,down,46,Supported_cell,"cell(PAPER CHAIN KIT 50'S CHRISTMAS, WoW_Pct)=-46.9"
small_product_2010-W50__S3__mock__r2,small_product_2010-W50,small,product,S3,mock,2,4,"- PAPER CHAIN KIT 50'S CHRISTMAS revenue fell 46.9% WoW to £2,149.75 TW","£2,149.75",2149.75,currency,False,none,none,59,Supported_cell,"cell(PAPER CHAIN KIT 50'S CHRISTMAS, Revenue_TW)=2149.75"
small_product_2010-W50__S3__mock__r2,small_product_2010-W50,small,product,S3,mock,2,5,- REGENCY CAKESTAND 3 TIER sold 442 units TW versus 851 units LW,3,3.0,plain,False,none,none,20,Skipped,entity_name
small_product_2010-W50__S3__mock__r2,small_product_2010-W50,small,product,S3,mock,2,5,- REGENCY CAKESTAND 3 TIER sold 442 units TW versus 851 units LW,442,442.0,count,False,none,none,32,Supported_cell,"cell(REGENCY CAKESTAND 3 TIER, Units_TW)=442"
small_product_2010-W50__S3__mock__r2,small_product_2010-W50,small,product,S3,mock,2,5,- REGENCY CAKESTAND 3 TIER sold 442 units TW versus 851 units LW,851,851.0,count,False,none,none,52,Supported_cell,"cell(REGENCY CAKESTAND 3 TIER, Units_LW)=851"
small_product_2010-W50__S3__mock__r2,small_product_2010-W50,small,product,S3,mock,2,6,- WHITE HANGING HEART T-LIGHT HOLDER had the most orders with 68 orders TW versus 86 LW,68,68.0,count,False,none,none,62,Supported_cell,"cell(WHITE HANGING HEART T-LIGHT HOLDER, Orders_TW)=68"
small_product_2010-W50__S3__mock__r2,small_product_2010-W50,small,product,S3,mock,2,6,- WHITE HANGING HEART T-LIGHT HOLDER had the most orders with 68 orders TW versus 86 LW,86,86.0,plain,False,none,none,82,Supported_cell,"cell(WHITE HANGING HEART T-LIGHT HOLDER, Orders_LW)=86"
small_product_2010-W50__S3__mock__r2,small_product_2010-W50,small,product,S3,mock,2,7,"- Total revenue across the products shown was £27.7k TW, down 8.4% WoW",£27.7k,27700.0,currency,False,none,none,46,Supported_derived,sum(Revenue_TW)=27724.7
small_product_2010-W50__S3__mock__r2,small_product_2010-W50,small,product,S3,mock,2,7,"- Total revenue across the products shown was £27.7k TW, down 8.4% WoW",8.4%,-8.4,percent,False,none,down,62,Supported_derived,"pct_change(sum(Revenue_TW), sum(Revenue_LW))=-8.41761"
small_product_2010-W50__S4__mock__r1,small_product_2010-W50,small,product,S4,mock,1,0,"- Total: revenue £27,724.70 TW, revenue £30,272.96 LW, revenue change -8.4% WoW, revenue change +89.1% YoY","£27,724.70",27724.7,currency,False,none,none,17,Supported_derived,sum(Revenue_TW)=27724.7
small_product_2010-W50__S4__mock__r1,small_product_2010-W50,small,product,S4,mock,1,0,"- Total: revenue £27,724.70 TW, revenue £30,272.96 LW, revenue change -8.4% WoW, revenue change +89.1% YoY","£30,272.96",30272.96,currency,False,none,none,40,Supported_derived,sum(Revenue_LW)=30273
small_product_2010-W50__S4__mock__r1,small_product_2010-W50,small,product,S4,mock,1,0,"- Total: revenue £27,724.70 TW, revenue £30,272.96 LW, revenue change -8.4% WoW, revenue change +89.1% YoY",-8.4%,-8.4,percent,False,none,none,70,Supported_derived,"pct_change(sum(Revenue_TW), sum(Revenue_LW))=-8.41761"
small_product_2010-W50__S4__mock__r1,small_product_2010-W50,small,product,S4,mock,1,0,"- Total: revenue £27,724.70 TW, revenue £30,272.96 LW, revenue change -8.4% WoW, revenue change +89.1% YoY",+89.1%,89.1,percent,False,none,none,96,Supported_derived,"pct_change(sum(Revenue_TW), sum(Revenue_LY))=89.0834"
small_product_2010-W50__S4__mock__r1,small_product_2010-W50,small,product,S4,mock,1,1,"- REGENCY CAKESTAND 3 TIER: rank 1, revenue £5,919.72 TW, share 21.4% TW, revenue change -45.7% WoW",3,3.0,plain,False,none,none,20,Skipped,entity_name
small_product_2010-W50__S4__mock__r1,small_product_2010-W50,small,product,S4,mock,1,1,"- REGENCY CAKESTAND 3 TIER: rank 1, revenue £5,919.72 TW, share 21.4% TW, revenue change -45.7% WoW",1,1.0,count,True,none,none,33,Supported_cell,"cell(REGENCY CAKESTAND 3 TIER, Rank)=1"
small_product_2010-W50__S4__mock__r1,small_product_2010-W50,small,product,S4,mock,1,1,"- REGENCY CAKESTAND 3 TIER: rank 1, revenue £5,919.72 TW, share 21.4% TW, revenue change -45.7% WoW","£5,919.72",5919.72,currency,False,none,none,44,Supported_cell,"cell(REGENCY CAKESTAND 3 TIER, Revenue_TW)=5919.72"
small_product_2010-W50__S4__mock__r1,small_product_2010-W50,small,product,S4,mock,1,1,"- REGENCY CAKESTAND 3 TIER: rank 1, revenue £5,919.72 TW, share 21.4% TW, revenue change -45.7% WoW",21.4%,21.4,percent,False,none,none,64,Supported_cell,"cell(REGENCY CAKESTAND 3 TIER, Share_Pct)=21.4"
small_product_2010-W50__S4__mock__r1,small_product_2010-W50,small,product,S4,mock,1,1,"- REGENCY CAKESTAND 3 TIER: rank 1, revenue £5,919.72 TW, share 21.4% TW, revenue change -45.7% WoW",-45.7%,-45.7,percent,False,none,none,89,Supported_cell,"cell(REGENCY CAKESTAND 3 TIER, WoW_Pct)=-45.7"
small_product_2010-W50__S4__mock__r1,small_product_2010-W50,small,product,S4,mock,1,2,"- WHITE HANGING HEART T-LIGHT HOLDER: rank 2, revenue £4,251.25 TW, share 15.3% TW, revenue change +20.1% WoW",2,2.0,count,True,none,none,43,Supported_cell,"cell(WHITE HANGING HEART T-LIGHT HOLDER, Rank)=2"
small_product_2010-W50__S4__mock__r1,small_product_2010-W50,small,product,S4,mock,1,2,"- WHITE HANGING HEART T-LIGHT HOLDER: rank 2, revenue £4,251.25 TW, share 15.3% TW, revenue change +20.1% WoW","£4,251.25",4251.25,currency,False,none,none,54,Supported_cell,"cell(WHITE HANGING HEART T-LIGHT HOLDER, Revenue_TW)=4251.25"
small_product_2010-W50__S4__mock__r1,small_product_2010-W50,small,product,S4,mock,1,2,"- WHITE HANGING HEART T-LIGHT HOLDER: rank 2, revenue £4,251.25 TW, share 15.3% TW, revenue change +20.1% WoW",15.3%,15.3,percent,False,none,none,74,Supported_cell,"cell(WHITE HANGING HEART T-LIGHT HOLDER, Share_Pct)=15.3"
small_product_2010-W50__S4__mock__r1,small_product_2010-W50,small,product,S4,mock,1,2,"- WHITE HANGING HEART T-LIGHT HOLDER: rank 2, revenue £4,251.25 TW, share 15.3% TW, revenue change +20.1% WoW",+20.1%,20.1,percent,False,none,none,99,Supported_cell,"cell(WHITE HANGING HEART T-LIGHT HOLDER, WoW_Pct)=20.1"
small_product_2010-W50__S4__mock__r1,small_product_2010-W50,small,product,S4,mock,1,3,"- CHILLI LIGHTS: rank 3, revenue £2,494.07 TW, share 9.0% TW, revenue change +26.4% WoW",3,3.0,count,True,none,none,22,Supported_cell,"cell(CHILLI LIGHTS, Rank)=3"
small_product_2010-W50__S4__mock__r1,small_product_2010-W50,small,product,S4,mock,1,3,"- CHILLI LIGHTS: rank 3, revenue £2,494.07 TW, share 9.0% TW, revenue change +26.4% WoW","£2,494.07",2494.07,currency,False,none,none,33,Supported_cell,"cell(CHILLI LIGHTS, Revenue_TW)=2494.07"
small_product_2010-W50__S4__mock__r1,small_product_2010-W50,small,product,S4,mock,1,3,"- CHILLI LIGHTS: rank 3, revenue £2,494.07 TW, share 9.0% TW, revenue change +26.4% WoW",9.0%,9.0,percent,False,none,none,53,Supported_cell,"cell(CHILLI LIGHTS, Share_Pct)=9"
small_product_2010-W50__S4__mock__r1,small_product_2010-W50,small,product,S4,mock,1,3,"- CHILLI LIGHTS: rank 3, revenue £2,494.07 TW, share 9.0% TW, revenue change +26.4% WoW",+26.4%,26.4,percent,False,none,none,77,Supported_cell,"cell(CHILLI LIGHTS, WoW_Pct)=26.4"
small_product_2010-W50__S4__mock__r1,small_product_2010-W50,small,product,S4,mock,1,4,"- GROW A FLYTRAP OR SUNFLOWER IN TIN (largest WoW increase): revenue change +8063.4% WoW, revenue £2,449.01 TW versus £30.00 LW",+8063.4%,8063.4,percent,False,none,none,76,Supported_cell,"cell(GROW A FLYTRAP OR SUNFLOWER IN TIN, WoW_Pct)=8063.4"
small_product_2010-W50__S4__mock__r1,small_product_2010-W50,small,product,S4,mock,1,4,"- GROW A FLYTRAP OR SUNFLOWER IN TIN (largest WoW increase): revenue change +8063.4% WoW, revenue £2,449.01 TW versus £30.00 LW","£2,449.01",2449.01,currency,False,none,none,98,Supported_cell,"cell(GROW A FLYTRAP OR SUNFLOWER IN TIN, Revenue_TW)=2449.01"
small_product_2010-W50__S4__mock__r1,small_product_2010-W50,small,product,S4,mock,1,4,"- GROW A FLYTRAP OR SUNFLOWER IN TIN (largest WoW increase): revenue change +8063.4% WoW, revenue £2,449.01 TW versus £30.00 LW",£30.00,30.0,currency,False,none,none,118,Supported_cell,"cell(GROW A FLYTRAP OR SUNFLOWER IN TIN, Revenue_LW)=30"
small_product_2010-W50__S4__mock__r1,small_product_2010-W50,small,product,S4,mock,1,5,"- PAPER CHAIN KIT 50'S CHRISTMAS (largest WoW decrease): revenue change -46.9% WoW, revenue £2,149.75 TW versus £4,048.91 LW",50,50.0,plain,False,none,none,18,Skipped,entity_name
small_product_2010-W50__S4__mock__r1,small_product_2010-W50,small,product,S4,mock,1,5,"- PAPER CHAIN KIT 50'S CHRISTMAS (largest WoW decrease): revenue change -46.9% WoW, revenue £2,149.75 TW versus £4,048.91 LW",-46.9%,-46.9,percent,False,none,none,72,Supported_cell,"cell(PAPER CHAIN KIT 50'S CHRISTMAS, WoW_Pct)=-46.9"
small_product_2010-W50__S4__mock__r1,small_product_2010-W50,small,product,S4,mock,1,5,"- PAPER CHAIN KIT 50'S CHRISTMAS (largest WoW decrease): revenue change -46.9% WoW, revenue £2,149.75 TW versus £4,048.91 LW","£2,149.75",2149.75,currency,False,none,none,92,Supported_cell,"cell(PAPER CHAIN KIT 50'S CHRISTMAS, Revenue_TW)=2149.75"
small_product_2010-W50__S4__mock__r1,small_product_2010-W50,small,product,S4,mock,1,5,"- PAPER CHAIN KIT 50'S CHRISTMAS (largest WoW decrease): revenue change -46.9% WoW, revenue £2,149.75 TW versus £4,048.91 LW","£4,048.91",4048.91,currency,False,none,none,112,Supported_cell,"cell(PAPER CHAIN KIT 50'S CHRISTMAS, Revenue_LW)=4048.91"
small_product_2010-W50__S4__mock__r1,small_product_2010-W50,small,product,S4,mock,1,6,"- ROTATING SILVER ANGELS T-LIGHT HLDR (largest YoY increase): revenue change +1030.5% YoY, revenue £191.29 LY",+1030.5%,1030.5,percent,False,none,none,77,Supported_cell,"cell(ROTATING SILVER ANGELS T-LIGHT HLDR, YoY_Pct)=1030.5"
small_product_2010-W50__S4__mock__r1,small_product_2010-W50,small,product,S4,mock,1,6,"- ROTATING SILVER ANGELS T-LIGHT HLDR (largest YoY increase): revenue change +1030.5% YoY, revenue £191.29 LY",£191.29,191.29,currency,False,none,none,99,Supported_cell,"cell(ROTATING SILVER ANGELS T-LIGHT HLDR, Revenue_LY)=191.29"
small_product_2010-W50__S4__mock__r1,small_product_2010-W50,small,product,S4,mock,1,7,"- WHITE HANGING HEART T-LIGHT HOLDER (largest YoY decrease): revenue change -49.4% YoY, revenue £8,406.79 LY",-49.4%,-49.4,percent,False,none,none,76,Supported_cell,"cell(WHITE HANGING HEART T-LIGHT HOLDER, YoY_Pct)=-49.4"
small_product_2010-W50__S4__mock__r1,small_product_2010-W50,small,product,S4,mock,1,7,"- WHITE HANGING HEART T-LIGHT HOLDER (largest YoY decrease): revenue change -49.4% YoY, revenue £8,406.79 LY","£8,406.79",8406.79,currency,False,none,none,96,Supported_cell,"cell(WHITE HANGING HEART T-LIGHT HOLDER, Revenue_LY)=8406.79"
small_product_2010-W50__S4__mock__r2,small_product_2010-W50,small,product,S4,mock,2,0,"- Total: revenue £27,724.70 TW, revenue £30,272.96 LW, revenue change -8.4% WoW, revenue change +89.1% YoY","£27,724.70",27724.7,currency,False,none,none,17,Supported_derived,sum(Revenue_TW)=27724.7
small_product_2010-W50__S4__mock__r2,small_product_2010-W50,small,product,S4,mock,2,0,"- Total: revenue £27,724.70 TW, revenue £30,272.96 LW, revenue change -8.4% WoW, revenue change +89.1% YoY","£30,272.96",30272.96,currency,False,none,none,40,Supported_derived,sum(Revenue_LW)=30273
small_product_2010-W50__S4__mock__r2,small_product_2010-W50,small,product,S4,mock,2,0,"- Total: revenue £27,724.70 TW, revenue £30,272.96 LW, revenue change -8.4% WoW, revenue change +89.1% YoY",-8.4%,-8.4,percent,False,none,none,70,Supported_derived,"pct_change(sum(Revenue_TW), sum(Revenue_LW))=-8.41761"
small_product_2010-W50__S4__mock__r2,small_product_2010-W50,small,product,S4,mock,2,0,"- Total: revenue £27,724.70 TW, revenue £30,272.96 LW, revenue change -8.4% WoW, revenue change +89.1% YoY",+89.1%,89.1,percent,False,none,none,96,Supported_derived,"pct_change(sum(Revenue_TW), sum(Revenue_LY))=89.0834"
small_product_2010-W50__S4__mock__r2,small_product_2010-W50,small,product,S4,mock,2,1,"- REGENCY CAKESTAND 3 TIER: rank 1, revenue £5,919.72 TW, share 21.4% TW, revenue change -45.7% WoW",3,3.0,plain,False,none,none,20,Skipped,entity_name
small_product_2010-W50__S4__mock__r2,small_product_2010-W50,small,product,S4,mock,2,1,"- REGENCY CAKESTAND 3 TIER: rank 1, revenue £5,919.72 TW, share 21.4% TW, revenue change -45.7% WoW",1,1.0,count,True,none,none,33,Supported_cell,"cell(REGENCY CAKESTAND 3 TIER, Rank)=1"
small_product_2010-W50__S4__mock__r2,small_product_2010-W50,small,product,S4,mock,2,1,"- REGENCY CAKESTAND 3 TIER: rank 1, revenue £5,919.72 TW, share 21.4% TW, revenue change -45.7% WoW","£5,919.72",5919.72,currency,False,none,none,44,Supported_cell,"cell(REGENCY CAKESTAND 3 TIER, Revenue_TW)=5919.72"
small_product_2010-W50__S4__mock__r2,small_product_2010-W50,small,product,S4,mock,2,1,"- REGENCY CAKESTAND 3 TIER: rank 1, revenue £5,919.72 TW, share 21.4% TW, revenue change -45.7% WoW",21.4%,21.4,percent,False,none,none,64,Supported_cell,"cell(REGENCY CAKESTAND 3 TIER, Share_Pct)=21.4"
small_product_2010-W50__S4__mock__r2,small_product_2010-W50,small,product,S4,mock,2,1,"- REGENCY CAKESTAND 3 TIER: rank 1, revenue £5,919.72 TW, share 21.4% TW, revenue change -45.7% WoW",-45.7%,-45.7,percent,False,none,none,89,Supported_cell,"cell(REGENCY CAKESTAND 3 TIER, WoW_Pct)=-45.7"
small_product_2010-W50__S4__mock__r2,small_product_2010-W50,small,product,S4,mock,2,2,"- WHITE HANGING HEART T-LIGHT HOLDER: rank 2, revenue £4,251.25 TW, share 15.3% TW, revenue change +20.1% WoW",2,2.0,count,True,none,none,43,Supported_cell,"cell(WHITE HANGING HEART T-LIGHT HOLDER, Rank)=2"
small_product_2010-W50__S4__mock__r2,small_product_2010-W50,small,product,S4,mock,2,2,"- WHITE HANGING HEART T-LIGHT HOLDER: rank 2, revenue £4,251.25 TW, share 15.3% TW, revenue change +20.1% WoW","£4,251.25",4251.25,currency,False,none,none,54,Supported_cell,"cell(WHITE HANGING HEART T-LIGHT HOLDER, Revenue_TW)=4251.25"
small_product_2010-W50__S4__mock__r2,small_product_2010-W50,small,product,S4,mock,2,2,"- WHITE HANGING HEART T-LIGHT HOLDER: rank 2, revenue £4,251.25 TW, share 15.3% TW, revenue change +20.1% WoW",15.3%,15.3,percent,False,none,none,74,Supported_cell,"cell(WHITE HANGING HEART T-LIGHT HOLDER, Share_Pct)=15.3"
small_product_2010-W50__S4__mock__r2,small_product_2010-W50,small,product,S4,mock,2,2,"- WHITE HANGING HEART T-LIGHT HOLDER: rank 2, revenue £4,251.25 TW, share 15.3% TW, revenue change +20.1% WoW",+20.1%,20.1,percent,False,none,none,99,Supported_cell,"cell(WHITE HANGING HEART T-LIGHT HOLDER, WoW_Pct)=20.1"
small_product_2010-W50__S4__mock__r2,small_product_2010-W50,small,product,S4,mock,2,3,"- CHILLI LIGHTS: rank 3, revenue £2,494.07 TW, share 9.0% TW, revenue change +26.4% WoW",3,3.0,count,True,none,none,22,Supported_cell,"cell(CHILLI LIGHTS, Rank)=3"
small_product_2010-W50__S4__mock__r2,small_product_2010-W50,small,product,S4,mock,2,3,"- CHILLI LIGHTS: rank 3, revenue £2,494.07 TW, share 9.0% TW, revenue change +26.4% WoW","£2,494.07",2494.07,currency,False,none,none,33,Supported_cell,"cell(CHILLI LIGHTS, Revenue_TW)=2494.07"
small_product_2010-W50__S4__mock__r2,small_product_2010-W50,small,product,S4,mock,2,3,"- CHILLI LIGHTS: rank 3, revenue £2,494.07 TW, share 9.0% TW, revenue change +26.4% WoW",9.0%,9.0,percent,False,none,none,53,Supported_cell,"cell(CHILLI LIGHTS, Share_Pct)=9"
small_product_2010-W50__S4__mock__r2,small_product_2010-W50,small,product,S4,mock,2,3,"- CHILLI LIGHTS: rank 3, revenue £2,494.07 TW, share 9.0% TW, revenue change +26.4% WoW",+26.4%,26.4,percent,False,none,none,77,Supported_cell,"cell(CHILLI LIGHTS, WoW_Pct)=26.4"
small_product_2010-W50__S4__mock__r2,small_product_2010-W50,small,product,S4,mock,2,4,"- GROW A FLYTRAP OR SUNFLOWER IN TIN (largest WoW increase): revenue change +8063.4% WoW, revenue £2,449.01 TW versus £30.00 LW",+8063.4%,8063.4,percent,False,none,none,76,Supported_cell,"cell(GROW A FLYTRAP OR SUNFLOWER IN TIN, WoW_Pct)=8063.4"
small_product_2010-W50__S4__mock__r2,small_product_2010-W50,small,product,S4,mock,2,4,"- GROW A FLYTRAP OR SUNFLOWER IN TIN (largest WoW increase): revenue change +8063.4% WoW, revenue £2,449.01 TW versus £30.00 LW","£2,449.01",2449.01,currency,False,none,none,98,Supported_cell,"cell(GROW A FLYTRAP OR SUNFLOWER IN TIN, Revenue_TW)=2449.01"
small_product_2010-W50__S4__mock__r2,small_product_2010-W50,small,product,S4,mock,2,4,"- GROW A FLYTRAP OR SUNFLOWER IN TIN (largest WoW increase): revenue change +8063.4% WoW, revenue £2,449.01 TW versus £30.00 LW",£30.00,30.0,currency,False,none,none,118,Supported_cell,"cell(GROW A FLYTRAP OR SUNFLOWER IN TIN, Revenue_LW)=30"
small_product_2010-W50__S4__mock__r2,small_product_2010-W50,small,product,S4,mock,2,5,"- PAPER CHAIN KIT 50'S CHRISTMAS (largest WoW decrease): revenue change -46.9% WoW, revenue £2,149.75 TW versus £4,048.91 LW",50,50.0,plain,False,none,none,18,Skipped,entity_name
small_product_2010-W50__S4__mock__r2,small_product_2010-W50,small,product,S4,mock,2,5,"- PAPER CHAIN KIT 50'S CHRISTMAS (largest WoW decrease): revenue change -46.9% WoW, revenue £2,149.75 TW versus £4,048.91 LW",-46.9%,-46.9,percent,False,none,none,72,Supported_cell,"cell(PAPER CHAIN KIT 50'S CHRISTMAS, WoW_Pct)=-46.9"
small_product_2010-W50__S4__mock__r2,small_product_2010-W50,small,product,S4,mock,2,5,"- PAPER CHAIN KIT 50'S CHRISTMAS (largest WoW decrease): revenue change -46.9% WoW, revenue £2,149.75 TW versus £4,048.91 LW","£2,149.75",2149.75,currency,False,none,none,92,Supported_cell,"cell(PAPER CHAIN KIT 50'S CHRISTMAS, Revenue_TW)=2149.75"
small_product_2010-W50__S4__mock__r2,small_product_2010-W50,small,product,S4,mock,2,5,"- PAPER CHAIN KIT 50'S CHRISTMAS (largest WoW decrease): revenue change -46.9% WoW, revenue £2,149.75 TW versus £4,048.91 LW","£4,048.91",4048.91,currency,False,none,none,112,Supported_cell,"cell(PAPER CHAIN KIT 50'S CHRISTMAS, Revenue_LW)=4048.91"
small_product_2010-W50__S4__mock__r2,small_product_2010-W50,small,product,S4,mock,2,6,"- ROTATING SILVER ANGELS T-LIGHT HLDR (largest YoY increase): revenue change +1030.5% YoY, revenue £191.29 LY",+1030.5%,1030.5,percent,False,none,none,77,Supported_cell,"cell(ROTATING SILVER ANGELS T-LIGHT HLDR, YoY_Pct)=1030.5"
small_product_2010-W50__S4__mock__r2,small_product_2010-W50,small,product,S4,mock,2,6,"- ROTATING SILVER ANGELS T-LIGHT HLDR (largest YoY increase): revenue change +1030.5% YoY, revenue £191.29 LY",£191.29,191.29,currency,False,none,none,99,Supported_cell,"cell(ROTATING SILVER ANGELS T-LIGHT HLDR, Revenue_LY)=191.29"
small_product_2010-W50__S4__mock__r2,small_product_2010-W50,small,product,S4,mock,2,7,"- WHITE HANGING HEART T-LIGHT HOLDER (largest YoY decrease): revenue change -49.4% YoY, revenue £8,406.79 LY",-49.4%,-49.4,percent,False,none,none,76,Supported_cell,"cell(WHITE HANGING HEART T-LIGHT HOLDER, YoY_Pct)=-49.4"
small_product_2010-W50__S4__mock__r2,small_product_2010-W50,small,product,S4,mock,2,7,"- WHITE HANGING HEART T-LIGHT HOLDER (largest YoY decrease): revenue change -49.4% YoY, revenue £8,406.79 LY","£8,406.79",8406.79,currency,False,none,none,96,Supported_cell,"cell(WHITE HANGING HEART T-LIGHT HOLDER, Revenue_LY)=8406.79"
